<annotation>
  <folder>VOC2007</folder>
  <filename>0011906503.json</filename>
  <owner>
    <name>HengTian</name>
  </owner>
  <size>
    <width>762</width>
    <height>1000</height>
    <depth>1</depth>
  </size>
  <segmented>0</segmented>
  <object>
    <name>word</name>
    <difficult>0</difficult>
    <bndbox>
      <xmin>627</xmin>
      <ymin>51</ymin>
      <xmax>666</xmax>
      <ymax>65</ymax>
    </bndbox>
  </object>
  <object>
    <name>word</name>
    <difficult>0</difficult>
    <bndbox>
      <xmin>338</xmin>
      <ymin>126</ymin>
      <xmax>379</xmax>
      <ymax>142</ymax>
    </bndbox>
  </object>
  <object>
    <name>word</name>
    <difficult>0</difficult>
    <bndbox>
      <xmin>49</xmin>
      <ymin>147</ymin>
      <xmax>83</xmax>
      <ymax>157</ymax>
    </bndbox>
  </object>
  <object>
    <name>word</name>
    <difficult>0</difficult>
    <bndbox>
      <xmin>46</xmin>
      <ymin>176</ymin>
      <xmax>96</xmax>
      <ymax>188</ymax>
    </bndbox>
  </object>
  <object>
    <name>word</name>
    <difficult>0</difficult>
    <bndbox>
      <xmin>75</xmin>
      <ymin>193</ymin>
      <xmax>85</xmax>
      <ymax>204</ymax>
    </bndbox>
  </object>
  <object>
    <name>word</name>
    <difficult>0</difficult>
    <bndbox>
      <xmin>74</xmin>
      <ymin>207</ymin>
      <xmax>84</xmax>
      <ymax>219</ymax>
    </bndbox>
  </object>
  <object>
    <name>word</name>
    <difficult>0</difficult>
    <bndbox>
      <xmin>74</xmin>
      <ymin>221</ymin>
      <xmax>84</xmax>
      <ymax>235</ymax>
    </bndbox>
  </object>
  <object>
    <name>word</name>
    <difficult>0</difficult>
    <bndbox>
      <xmin>74</xmin>
      <ymin>236</ymin>
      <xmax>85</xmax>
      <ymax>247</ymax>
    </bndbox>
  </object>
  <object>
    <name>word</name>
    <difficult>0</difficult>
    <bndbox>
      <xmin>365</xmin>
      <ymin>237</ymin>
      <xmax>377</xmax>
      <ymax>252</ymax>
    </bndbox>
  </object>
  <object>
    <name>word</name>
    <difficult>0</difficult>
    <bndbox>
      <xmin>364</xmin>
      <ymin>197</ymin>
      <xmax>375</xmax>
      <ymax>211</ymax>
    </bndbox>
  </object>
  <object>
    <name>word</name>
    <difficult>0</difficult>
    <bndbox>
      <xmin>365</xmin>
      <ymin>212</ymin>
      <xmax>380</xmax>
      <ymax>222</ymax>
    </bndbox>
  </object>
  <object>
    <name>word</name>
    <difficult>0</difficult>
    <bndbox>
      <xmin>46</xmin>
      <ymin>259</ymin>
      <xmax>91</xmax>
      <ymax>271</ymax>
    </bndbox>
  </object>
  <object>
    <name>word</name>
    <difficult>0</difficult>
    <bndbox>
      <xmin>202</xmin>
      <ymin>277</ymin>
      <xmax>262</xmax>
      <ymax>291</ymax>
    </bndbox>
  </object>
  <object>
    <name>word</name>
    <difficult>0</difficult>
    <bndbox>
      <xmin>206</xmin>
      <ymin>292</ymin>
      <xmax>268</xmax>
      <ymax>306</ymax>
    </bndbox>
  </object>
  <object>
    <name>word</name>
    <difficult>0</difficult>
    <bndbox>
      <xmin>468</xmin>
      <ymin>281</ymin>
      <xmax>508</xmax>
      <ymax>293</ymax>
    </bndbox>
  </object>
  <object>
    <name>word</name>
    <difficult>0</difficult>
    <bndbox>
      <xmin>539</xmin>
      <ymin>282</ymin>
      <xmax>590</xmax>
      <ymax>296</ymax>
    </bndbox>
  </object>
  <object>
    <name>word</name>
    <difficult>0</difficult>
    <bndbox>
      <xmin>612</xmin>
      <ymin>283</ymin>
      <xmax>663</xmax>
      <ymax>295</ymax>
    </bndbox>
  </object>
  <object>
    <name>word</name>
    <difficult>0</difficult>
    <bndbox>
      <xmin>481</xmin>
      <ymin>335</ymin>
      <xmax>556</xmax>
      <ymax>347</ymax>
    </bndbox>
  </object>
  <object>
    <name>word</name>
    <difficult>0</difficult>
    <bndbox>
      <xmin>569</xmin>
      <ymin>352</ymin>
      <xmax>593</xmax>
      <ymax>364</ymax>
    </bndbox>
  </object>
  <object>
    <name>word</name>
    <difficult>0</difficult>
    <bndbox>
      <xmin>625</xmin>
      <ymin>352</ymin>
      <xmax>650</xmax>
      <ymax>364</ymax>
    </bndbox>
  </object>
  <object>
    <name>word</name>
    <difficult>0</difficult>
    <bndbox>
      <xmin>162</xmin>
      <ymin>333</ymin>
      <xmax>231</xmax>
      <ymax>345</ymax>
    </bndbox>
  </object>
  <object>
    <name>word</name>
    <difficult>0</difficult>
    <bndbox>
      <xmin>248</xmin>
      <ymin>347</ymin>
      <xmax>272</xmax>
      <ymax>361</ymax>
    </bndbox>
  </object>
  <object>
    <name>word</name>
    <difficult>0</difficult>
    <bndbox>
      <xmin>312</xmin>
      <ymin>333</ymin>
      <xmax>346</xmax>
      <ymax>348</ymax>
    </bndbox>
  </object>
  <object>
    <name>word</name>
    <difficult>0</difficult>
    <bndbox>
      <xmin>365</xmin>
      <ymin>349</ymin>
      <xmax>387</xmax>
      <ymax>361</ymax>
    </bndbox>
  </object>
  <object>
    <name>word</name>
    <difficult>0</difficult>
    <bndbox>
      <xmin>423</xmin>
      <ymin>350</ymin>
      <xmax>443</xmax>
      <ymax>364</ymax>
    </bndbox>
  </object>
  <object>
    <name>word</name>
    <difficult>0</difficult>
    <bndbox>
      <xmin>251</xmin>
      <ymin>330</ymin>
      <xmax>266</xmax>
      <ymax>345</ymax>
    </bndbox>
  </object>
  <object>
    <name>word</name>
    <difficult>0</difficult>
    <bndbox>
      <xmin>183</xmin>
      <ymin>276</ymin>
      <xmax>195</xmax>
      <ymax>287</ymax>
    </bndbox>
  </object>
  <object>
    <name>word</name>
    <difficult>0</difficult>
    <bndbox>
      <xmin>490</xmin>
      <ymin>296</ymin>
      <xmax>507</xmax>
      <ymax>310</ymax>
    </bndbox>
  </object>
  <object>
    <name>word</name>
    <difficult>0</difficult>
    <bndbox>
      <xmin>565</xmin>
      <ymin>296</ymin>
      <xmax>582</xmax>
      <ymax>311</ymax>
    </bndbox>
  </object>
  <object>
    <name>word</name>
    <difficult>0</difficult>
    <bndbox>
      <xmin>636</xmin>
      <ymin>297</ymin>
      <xmax>651</xmax>
      <ymax>309</ymax>
    </bndbox>
  </object>
  <object>
    <name>word</name>
    <difficult>0</difficult>
    <bndbox>
      <xmin>627</xmin>
      <ymin>337</ymin>
      <xmax>643</xmax>
      <ymax>347</ymax>
    </bndbox>
  </object>
  <object>
    <name>word</name>
    <difficult>0</difficult>
    <bndbox>
      <xmin>574</xmin>
      <ymin>335</ymin>
      <xmax>588</xmax>
      <ymax>347</ymax>
    </bndbox>
  </object>
  <object>
    <name>word</name>
    <difficult>0</difficult>
    <bndbox>
      <xmin>420</xmin>
      <ymin>333</ymin>
      <xmax>436</xmax>
      <ymax>348</ymax>
    </bndbox>
  </object>
  <object>
    <name>word</name>
    <difficult>0</difficult>
    <bndbox>
      <xmin>372</xmin>
      <ymin>334</ymin>
      <xmax>386</xmax>
      <ymax>346</ymax>
    </bndbox>
  </object>
  <object>
    <name>word</name>
    <difficult>0</difficult>
    <bndbox>
      <xmin>431</xmin>
      <ymin>617</ymin>
      <xmax>481</xmax>
      <ymax>631</ymax>
    </bndbox>
  </object>
  <object>
    <name>word</name>
    <difficult>0</difficult>
    <bndbox>
      <xmin>433</xmin>
      <ymin>630</ymin>
      <xmax>482</xmax>
      <ymax>642</ymax>
    </bndbox>
  </object>
  <object>
    <name>word</name>
    <difficult>0</difficult>
    <bndbox>
      <xmin>65</xmin>
      <ymin>616</ymin>
      <xmax>115</xmax>
      <ymax>626</ymax>
    </bndbox>
  </object>
  <object>
    <name>word</name>
    <difficult>0</difficult>
    <bndbox>
      <xmin>65</xmin>
      <ymin>630</ymin>
      <xmax>112</xmax>
      <ymax>641</ymax>
    </bndbox>
  </object>
  <object>
    <name>word</name>
    <difficult>0</difficult>
    <bndbox>
      <xmin>147</xmin>
      <ymin>600</ymin>
      <xmax>176</xmax>
      <ymax>612</ymax>
    </bndbox>
  </object>
  <object>
    <name>word</name>
    <difficult>0</difficult>
    <bndbox>
      <xmin>146</xmin>
      <ymin>617</ymin>
      <xmax>162</xmax>
      <ymax>626</ymax>
    </bndbox>
  </object>
  <object>
    <name>word</name>
    <difficult>0</difficult>
    <bndbox>
      <xmin>153</xmin>
      <ymin>631</ymin>
      <xmax>162</xmax>
      <ymax>641</ymax>
    </bndbox>
  </object>
  <object>
    <name>word</name>
    <difficult>0</difficult>
    <bndbox>
      <xmin>105</xmin>
      <ymin>709</ymin>
      <xmax>132</xmax>
      <ymax>721</ymax>
    </bndbox>
  </object>
  <object>
    <name>word</name>
    <difficult>0</difficult>
    <bndbox>
      <xmin>132</xmin>
      <ymin>709</ymin>
      <xmax>167</xmax>
      <ymax>721</ymax>
    </bndbox>
  </object>
  <object>
    <name>word</name>
    <difficult>0</difficult>
    <bndbox>
      <xmin>178</xmin>
      <ymin>709</ymin>
      <xmax>208</xmax>
      <ymax>721</ymax>
    </bndbox>
  </object>
  <object>
    <name>word</name>
    <difficult>0</difficult>
    <bndbox>
      <xmin>208</xmin>
      <ymin>709</ymin>
      <xmax>240</xmax>
      <ymax>721</ymax>
    </bndbox>
  </object>
  <object>
    <name>word</name>
    <difficult>0</difficult>
    <bndbox>
      <xmin>252</xmin>
      <ymin>712</ymin>
      <xmax>282</xmax>
      <ymax>721</ymax>
    </bndbox>
  </object>
  <object>
    <name>word</name>
    <difficult>0</difficult>
    <bndbox>
      <xmin>357</xmin>
      <ymin>712</ymin>
      <xmax>391</xmax>
      <ymax>723</ymax>
    </bndbox>
  </object>
  <object>
    <name>word</name>
    <difficult>0</difficult>
    <bndbox>
      <xmin>419</xmin>
      <ymin>714</ymin>
      <xmax>453</xmax>
      <ymax>724</ymax>
    </bndbox>
  </object>
  <object>
    <name>word</name>
    <difficult>0</difficult>
    <bndbox>
      <xmin>42</xmin>
      <ymin>763</ymin>
      <xmax>92</xmax>
      <ymax>778</ymax>
    </bndbox>
  </object>
  <object>
    <name>word</name>
    <difficult>0</difficult>
    <bndbox>
      <xmin>42</xmin>
      <ymin>737</ymin>
      <xmax>92</xmax>
      <ymax>752</ymax>
    </bndbox>
  </object>
  <object>
    <name>word</name>
    <difficult>0</difficult>
    <bndbox>
      <xmin>282</xmin>
      <ymin>712</ymin>
      <xmax>317</xmax>
      <ymax>722</ymax>
    </bndbox>
  </object>
  <object>
    <name>word</name>
    <difficult>0</difficult>
    <bndbox>
      <xmin>329</xmin>
      <ymin>712</ymin>
      <xmax>356</xmax>
      <ymax>722</ymax>
    </bndbox>
  </object>
  <object>
    <name>word</name>
    <difficult>0</difficult>
    <bndbox>
      <xmin>495</xmin>
      <ymin>673</ymin>
      <xmax>521</xmax>
      <ymax>685</ymax>
    </bndbox>
  </object>
  <object>
    <name>word</name>
    <difficult>0</difficult>
    <bndbox>
      <xmin>616</xmin>
      <ymin>673</ymin>
      <xmax>666</xmax>
      <ymax>685</ymax>
    </bndbox>
  </object>
  <object>
    <name>word</name>
    <difficult>0</difficult>
    <bndbox>
      <xmin>549</xmin>
      <ymin>673</ymin>
      <xmax>596</xmax>
      <ymax>683</ymax>
    </bndbox>
  </object>
  <object>
    <name>word</name>
    <difficult>0</difficult>
    <bndbox>
      <xmin>495</xmin>
      <ymin>711</ymin>
      <xmax>522</xmax>
      <ymax>728</ymax>
    </bndbox>
  </object>
  <object>
    <name>word</name>
    <difficult>0</difficult>
    <bndbox>
      <xmin>494</xmin>
      <ymin>739</ymin>
      <xmax>521</xmax>
      <ymax>750</ymax>
    </bndbox>
  </object>
  <object>
    <name>word</name>
    <difficult>0</difficult>
    <bndbox>
      <xmin>493</xmin>
      <ymin>767</ymin>
      <xmax>522</xmax>
      <ymax>778</ymax>
    </bndbox>
  </object>
  <object>
    <name>word</name>
    <difficult>0</difficult>
    <bndbox>
      <xmin>493</xmin>
      <ymin>794</ymin>
      <xmax>523</xmax>
      <ymax>805</ymax>
    </bndbox>
  </object>
  <object>
    <name>word</name>
    <difficult>0</difficult>
    <bndbox>
      <xmin>525</xmin>
      <ymin>897</ymin>
      <xmax>630</xmax>
      <ymax>917</ymax>
    </bndbox>
  </object>
  <object>
    <name>word</name>
    <difficult>0</difficult>
    <bndbox>
      <xmin>41</xmin>
      <ymin>39</ymin>
      <xmax>58</xmax>
      <ymax>51</ymax>
    </bndbox>
  </object>
  <object>
    <name>word</name>
    <difficult>0</difficult>
    <bndbox>
      <xmin>61</xmin>
      <ymin>36</ymin>
      <xmax>83</xmax>
      <ymax>52</ymax>
    </bndbox>
  </object>
  <object>
    <name>word</name>
    <difficult>0</difficult>
    <bndbox>
      <xmin>85</xmin>
      <ymin>40</ymin>
      <xmax>104</xmax>
      <ymax>52</ymax>
    </bndbox>
  </object>
  <object>
    <name>word</name>
    <difficult>0</difficult>
    <bndbox>
      <xmin>103</xmin>
      <ymin>39</ymin>
      <xmax>125</xmax>
      <ymax>50</ymax>
    </bndbox>
  </object>
  <object>
    <name>word</name>
    <difficult>0</difficult>
    <bndbox>
      <xmin>42</xmin>
      <ymin>52</ymin>
      <xmax>56</xmax>
      <ymax>66</ymax>
    </bndbox>
  </object>
  <object>
    <name>word</name>
    <difficult>0</difficult>
    <bndbox>
      <xmin>61</xmin>
      <ymin>51</ymin>
      <xmax>100</xmax>
      <ymax>66</ymax>
    </bndbox>
  </object>
  <object>
    <name>word</name>
    <difficult>0</difficult>
    <bndbox>
      <xmin>103</xmin>
      <ymin>52</ymin>
      <xmax>124</xmax>
      <ymax>67</ymax>
    </bndbox>
  </object>
  <object>
    <name>word</name>
    <difficult>0</difficult>
    <bndbox>
      <xmin>231</xmin>
      <ymin>57</ymin>
      <xmax>270</xmax>
      <ymax>69</ymax>
    </bndbox>
  </object>
  <object>
    <name>word</name>
    <difficult>0</difficult>
    <bndbox>
      <xmin>269</xmin>
      <ymin>57</ymin>
      <xmax>283</xmax>
      <ymax>69</ymax>
    </bndbox>
  </object>
  <object>
    <name>word</name>
    <difficult>0</difficult>
    <bndbox>
      <xmin>286</xmin>
      <ymin>59</ymin>
      <xmax>358</xmax>
      <ymax>70</ymax>
    </bndbox>
  </object>
  <object>
    <name>word</name>
    <difficult>0</difficult>
    <bndbox>
      <xmin>362</xmin>
      <ymin>60</ymin>
      <xmax>414</xmax>
      <ymax>70</ymax>
    </bndbox>
  </object>
  <object>
    <name>word</name>
    <difficult>0</difficult>
    <bndbox>
      <xmin>418</xmin>
      <ymin>61</ymin>
      <xmax>497</xmax>
      <ymax>75</ymax>
    </bndbox>
  </object>
  <object>
    <name>word</name>
    <difficult>0</difficult>
    <bndbox>
      <xmin>286</xmin>
      <ymin>71</ymin>
      <xmax>335</xmax>
      <ymax>85</ymax>
    </bndbox>
  </object>
  <object>
    <name>word</name>
    <difficult>0</difficult>
    <bndbox>
      <xmin>339</xmin>
      <ymin>72</ymin>
      <xmax>383</xmax>
      <ymax>86</ymax>
    </bndbox>
  </object>
  <object>
    <name>word</name>
    <difficult>0</difficult>
    <bndbox>
      <xmin>389</xmin>
      <ymin>72</ymin>
      <xmax>438</xmax>
      <ymax>87</ymax>
    </bndbox>
  </object>
  <object>
    <name>word</name>
    <difficult>0</difficult>
    <bndbox>
      <xmin>345</xmin>
      <ymin>100</ymin>
      <xmax>372</xmax>
      <ymax>114</ymax>
    </bndbox>
  </object>
  <object>
    <name>word</name>
    <difficult>0</difficult>
    <bndbox>
      <xmin>560</xmin>
      <ymin>128</ymin>
      <xmax>591</xmax>
      <ymax>143</ymax>
    </bndbox>
  </object>
  <object>
    <name>word</name>
    <difficult>0</difficult>
    <bndbox>
      <xmin>594</xmin>
      <ymin>130</ymin>
      <xmax>656</xmax>
      <ymax>145</ymax>
    </bndbox>
  </object>
  <object>
    <name>word</name>
    <difficult>0</difficult>
    <bndbox>
      <xmin>61</xmin>
      <ymin>122</ymin>
      <xmax>112</xmax>
      <ymax>134</ymax>
    </bndbox>
  </object>
  <object>
    <name>word</name>
    <difficult>0</difficult>
    <bndbox>
      <xmin>116</xmin>
      <ymin>122</ymin>
      <xmax>161</xmax>
      <ymax>136</ymax>
    </bndbox>
  </object>
  <object>
    <name>word</name>
    <difficult>0</difficult>
    <bndbox>
      <xmin>76</xmin>
      <ymin>165</ymin>
      <xmax>142</xmax>
      <ymax>177</ymax>
    </bndbox>
  </object>
  <object>
    <name>word</name>
    <difficult>0</difficult>
    <bndbox>
      <xmin>146</xmin>
      <ymin>166</ymin>
      <xmax>173</xmax>
      <ymax>177</ymax>
    </bndbox>
  </object>
  <object>
    <name>word</name>
    <difficult>0</difficult>
    <bndbox>
      <xmin>178</xmin>
      <ymin>167</ymin>
      <xmax>228</xmax>
      <ymax>177</ymax>
    </bndbox>
  </object>
  <object>
    <name>word</name>
    <difficult>0</difficult>
    <bndbox>
      <xmin>233</xmin>
      <ymin>166</ymin>
      <xmax>288</xmax>
      <ymax>180</ymax>
    </bndbox>
  </object>
  <object>
    <name>word</name>
    <difficult>0</difficult>
    <bndbox>
      <xmin>113</xmin>
      <ymin>193</ymin>
      <xmax>195</xmax>
      <ymax>204</ymax>
    </bndbox>
  </object>
  <object>
    <name>word</name>
    <difficult>0</difficult>
    <bndbox>
      <xmin>197</xmin>
      <ymin>193</ymin>
      <xmax>212</xmax>
      <ymax>208</ymax>
    </bndbox>
  </object>
  <object>
    <name>word</name>
    <difficult>0</difficult>
    <bndbox>
      <xmin>217</xmin>
      <ymin>192</ymin>
      <xmax>273</xmax>
      <ymax>209</ymax>
    </bndbox>
  </object>
  <object>
    <name>word</name>
    <difficult>0</difficult>
    <bndbox>
      <xmin>277</xmin>
      <ymin>196</ymin>
      <xmax>336</xmax>
      <ymax>208</ymax>
    </bndbox>
  </object>
  <object>
    <name>word</name>
    <difficult>0</difficult>
    <bndbox>
      <xmin>116</xmin>
      <ymin>206</ymin>
      <xmax>180</xmax>
      <ymax>218</ymax>
    </bndbox>
  </object>
  <object>
    <name>word</name>
    <difficult>0</difficult>
    <bndbox>
      <xmin>183</xmin>
      <ymin>209</ymin>
      <xmax>197</xmax>
      <ymax>220</ymax>
    </bndbox>
  </object>
  <object>
    <name>word</name>
    <difficult>0</difficult>
    <bndbox>
      <xmin>206</xmin>
      <ymin>207</ymin>
      <xmax>261</xmax>
      <ymax>224</ymax>
    </bndbox>
  </object>
  <object>
    <name>word</name>
    <difficult>0</difficult>
    <bndbox>
      <xmin>266</xmin>
      <ymin>208</ymin>
      <xmax>322</xmax>
      <ymax>220</ymax>
    </bndbox>
  </object>
  <object>
    <name>word</name>
    <difficult>0</difficult>
    <bndbox>
      <xmin>115</xmin>
      <ymin>221</ymin>
      <xmax>140</xmax>
      <ymax>232</ymax>
    </bndbox>
  </object>
  <object>
    <name>word</name>
    <difficult>0</difficult>
    <bndbox>
      <xmin>145</xmin>
      <ymin>222</ymin>
      <xmax>200</xmax>
      <ymax>233</ymax>
    </bndbox>
  </object>
  <object>
    <name>word</name>
    <difficult>0</difficult>
    <bndbox>
      <xmin>117</xmin>
      <ymin>234</ymin>
      <xmax>142</xmax>
      <ymax>249</ymax>
    </bndbox>
  </object>
  <object>
    <name>word</name>
    <difficult>0</difficult>
    <bndbox>
      <xmin>153</xmin>
      <ymin>236</ymin>
      <xmax>218</xmax>
      <ymax>251</ymax>
    </bndbox>
  </object>
  <object>
    <name>word</name>
    <difficult>0</difficult>
    <bndbox>
      <xmin>406</xmin>
      <ymin>200</ymin>
      <xmax>478</xmax>
      <ymax>211</ymax>
    </bndbox>
  </object>
  <object>
    <name>word</name>
    <difficult>0</difficult>
    <bndbox>
      <xmin>483</xmin>
      <ymin>201</ymin>
      <xmax>515</xmax>
      <ymax>212</ymax>
    </bndbox>
  </object>
  <object>
    <name>word</name>
    <difficult>0</difficult>
    <bndbox>
      <xmin>516</xmin>
      <ymin>198</ymin>
      <xmax>567</xmax>
      <ymax>210</ymax>
    </bndbox>
  </object>
  <object>
    <name>word</name>
    <difficult>0</difficult>
    <bndbox>
      <xmin>572</xmin>
      <ymin>200</ymin>
      <xmax>658</xmax>
      <ymax>215</ymax>
    </bndbox>
  </object>
  <object>
    <name>word</name>
    <difficult>0</difficult>
    <bndbox>
      <xmin>408</xmin>
      <ymin>214</ymin>
      <xmax>459</xmax>
      <ymax>225</ymax>
    </bndbox>
  </object>
  <object>
    <name>word</name>
    <difficult>0</difficult>
    <bndbox>
      <xmin>465</xmin>
      <ymin>212</ymin>
      <xmax>549</xmax>
      <ymax>224</ymax>
    </bndbox>
  </object>
  <object>
    <name>word</name>
    <difficult>0</difficult>
    <bndbox>
      <xmin>551</xmin>
      <ymin>213</ymin>
      <xmax>563</xmax>
      <ymax>227</ymax>
    </bndbox>
  </object>
  <object>
    <name>word</name>
    <difficult>0</difficult>
    <bndbox>
      <xmin>566</xmin>
      <ymin>216</ymin>
      <xmax>663</xmax>
      <ymax>230</ymax>
    </bndbox>
  </object>
  <object>
    <name>word</name>
    <difficult>0</difficult>
    <bndbox>
      <xmin>421</xmin>
      <ymin>227</ymin>
      <xmax>510</xmax>
      <ymax>241</ymax>
    </bndbox>
  </object>
  <object>
    <name>word</name>
    <difficult>0</difficult>
    <bndbox>
      <xmin>408</xmin>
      <ymin>238</ymin>
      <xmax>458</xmax>
      <ymax>252</ymax>
    </bndbox>
  </object>
  <object>
    <name>word</name>
    <difficult>0</difficult>
    <bndbox>
      <xmin>465</xmin>
      <ymin>239</ymin>
      <xmax>540</xmax>
      <ymax>254</ymax>
    </bndbox>
  </object>
  <object>
    <name>word</name>
    <difficult>0</difficult>
    <bndbox>
      <xmin>66</xmin>
      <ymin>276</ymin>
      <xmax>98</xmax>
      <ymax>290</ymax>
    </bndbox>
  </object>
  <object>
    <name>word</name>
    <difficult>0</difficult>
    <bndbox>
      <xmin>103</xmin>
      <ymin>276</ymin>
      <xmax>150</xmax>
      <ymax>292</ymax>
    </bndbox>
  </object>
  <object>
    <name>word</name>
    <difficult>0</difficult>
    <bndbox>
      <xmin>157</xmin>
      <ymin>276</ymin>
      <xmax>173</xmax>
      <ymax>290</ymax>
    </bndbox>
  </object>
  <object>
    <name>word</name>
    <difficult>0</difficult>
    <bndbox>
      <xmin>272</xmin>
      <ymin>291</ymin>
      <xmax>329</xmax>
      <ymax>306</ymax>
    </bndbox>
  </object>
  <object>
    <name>word</name>
    <difficult>0</difficult>
    <bndbox>
      <xmin>332</xmin>
      <ymin>296</ymin>
      <xmax>354</xmax>
      <ymax>306</ymax>
    </bndbox>
  </object>
  <object>
    <name>word</name>
    <difficult>0</difficult>
    <bndbox>
      <xmin>456</xmin>
      <ymin>264</ymin>
      <xmax>513</xmax>
      <ymax>275</ymax>
    </bndbox>
  </object>
  <object>
    <name>word</name>
    <difficult>0</difficult>
    <bndbox>
      <xmin>519</xmin>
      <ymin>264</ymin>
      <xmax>546</xmax>
      <ymax>275</ymax>
    </bndbox>
  </object>
  <object>
    <name>word</name>
    <difficult>0</difficult>
    <bndbox>
      <xmin>41</xmin>
      <ymin>315</ymin>
      <xmax>90</xmax>
      <ymax>327</ymax>
    </bndbox>
  </object>
  <object>
    <name>word</name>
    <difficult>0</difficult>
    <bndbox>
      <xmin>96</xmin>
      <ymin>317</ymin>
      <xmax>132</xmax>
      <ymax>327</ymax>
    </bndbox>
  </object>
  <object>
    <name>word</name>
    <difficult>0</difficult>
    <bndbox>
      <xmin>45</xmin>
      <ymin>369</ymin>
      <xmax>96</xmax>
      <ymax>385</ymax>
    </bndbox>
  </object>
  <object>
    <name>word</name>
    <difficult>0</difficult>
    <bndbox>
      <xmin>102</xmin>
      <ymin>369</ymin>
      <xmax>181</xmax>
      <ymax>385</ymax>
    </bndbox>
  </object>
  <object>
    <name>word</name>
    <difficult>0</difficult>
    <bndbox>
      <xmin>66</xmin>
      <ymin>399</ymin>
      <xmax>90</xmax>
      <ymax>410</ymax>
    </bndbox>
  </object>
  <object>
    <name>word</name>
    <difficult>0</difficult>
    <bndbox>
      <xmin>95</xmin>
      <ymin>399</ymin>
      <xmax>157</xmax>
      <ymax>413</ymax>
    </bndbox>
  </object>
  <object>
    <name>word</name>
    <difficult>0</difficult>
    <bndbox>
      <xmin>162</xmin>
      <ymin>401</ymin>
      <xmax>191</xmax>
      <ymax>411</ymax>
    </bndbox>
  </object>
  <object>
    <name>word</name>
    <difficult>0</difficult>
    <bndbox>
      <xmin>197</xmin>
      <ymin>399</ymin>
      <xmax>251</xmax>
      <ymax>410</ymax>
    </bndbox>
  </object>
  <object>
    <name>word</name>
    <difficult>0</difficult>
    <bndbox>
      <xmin>252</xmin>
      <ymin>399</ymin>
      <xmax>307</xmax>
      <ymax>416</ymax>
    </bndbox>
  </object>
  <object>
    <name>word</name>
    <difficult>0</difficult>
    <bndbox>
      <xmin>313</xmin>
      <ymin>401</ymin>
      <xmax>370</xmax>
      <ymax>417</ymax>
    </bndbox>
  </object>
  <object>
    <name>word</name>
    <difficult>0</difficult>
    <bndbox>
      <xmin>372</xmin>
      <ymin>404</ymin>
      <xmax>403</xmax>
      <ymax>415</ymax>
    </bndbox>
  </object>
  <object>
    <name>word</name>
    <difficult>0</difficult>
    <bndbox>
      <xmin>408</xmin>
      <ymin>404</ymin>
      <xmax>424</xmax>
      <ymax>415</ymax>
    </bndbox>
  </object>
  <object>
    <name>word</name>
    <difficult>0</difficult>
    <bndbox>
      <xmin>429</xmin>
      <ymin>403</ymin>
      <xmax>448</xmax>
      <ymax>417</ymax>
    </bndbox>
  </object>
  <object>
    <name>word</name>
    <difficult>0</difficult>
    <bndbox>
      <xmin>455</xmin>
      <ymin>404</ymin>
      <xmax>496</xmax>
      <ymax>415</ymax>
    </bndbox>
  </object>
  <object>
    <name>word</name>
    <difficult>0</difficult>
    <bndbox>
      <xmin>498</xmin>
      <ymin>404</ymin>
      <xmax>532</xmax>
      <ymax>415</ymax>
    </bndbox>
  </object>
  <object>
    <name>word</name>
    <difficult>0</difficult>
    <bndbox>
      <xmin>541</xmin>
      <ymin>405</ymin>
      <xmax>615</xmax>
      <ymax>416</ymax>
    </bndbox>
  </object>
  <object>
    <name>word</name>
    <difficult>0</difficult>
    <bndbox>
      <xmin>618</xmin>
      <ymin>404</ymin>
      <xmax>647</xmax>
      <ymax>416</ymax>
    </bndbox>
  </object>
  <object>
    <name>word</name>
    <difficult>0</difficult>
    <bndbox>
      <xmin>67</xmin>
      <ymin>414</ymin>
      <xmax>92</xmax>
      <ymax>423</ymax>
    </bndbox>
  </object>
  <object>
    <name>word</name>
    <difficult>0</difficult>
    <bndbox>
      <xmin>95</xmin>
      <ymin>415</ymin>
      <xmax>157</xmax>
      <ymax>426</ymax>
    </bndbox>
  </object>
  <object>
    <name>word</name>
    <difficult>0</difficult>
    <bndbox>
      <xmin>163</xmin>
      <ymin>415</ymin>
      <xmax>192</xmax>
      <ymax>425</ymax>
    </bndbox>
  </object>
  <object>
    <name>word</name>
    <difficult>0</difficult>
    <bndbox>
      <xmin>197</xmin>
      <ymin>415</ymin>
      <xmax>214</xmax>
      <ymax>427</ymax>
    </bndbox>
  </object>
  <object>
    <name>word</name>
    <difficult>0</difficult>
    <bndbox>
      <xmin>214</xmin>
      <ymin>415</ymin>
      <xmax>265</xmax>
      <ymax>425</ymax>
    </bndbox>
  </object>
  <object>
    <name>word</name>
    <difficult>0</difficult>
    <bndbox>
      <xmin>269</xmin>
      <ymin>416</ymin>
      <xmax>334</xmax>
      <ymax>427</ymax>
    </bndbox>
  </object>
  <object>
    <name>word</name>
    <difficult>0</difficult>
    <bndbox>
      <xmin>339</xmin>
      <ymin>418</ymin>
      <xmax>379</xmax>
      <ymax>429</ymax>
    </bndbox>
  </object>
  <object>
    <name>word</name>
    <difficult>0</difficult>
    <bndbox>
      <xmin>380</xmin>
      <ymin>420</ymin>
      <xmax>387</xmax>
      <ymax>430</ymax>
    </bndbox>
  </object>
  <object>
    <name>word</name>
    <difficult>0</difficult>
    <bndbox>
      <xmin>390</xmin>
      <ymin>415</ymin>
      <xmax>452</xmax>
      <ymax>430</ymax>
    </bndbox>
  </object>
  <object>
    <name>word</name>
    <difficult>0</difficult>
    <bndbox>
      <xmin>455</xmin>
      <ymin>416</ymin>
      <xmax>491</xmax>
      <ymax>430</ymax>
    </bndbox>
  </object>
  <object>
    <name>word</name>
    <difficult>0</difficult>
    <bndbox>
      <xmin>496</xmin>
      <ymin>418</ymin>
      <xmax>577</xmax>
      <ymax>432</ymax>
    </bndbox>
  </object>
  <object>
    <name>word</name>
    <difficult>0</difficult>
    <bndbox>
      <xmin>584</xmin>
      <ymin>418</ymin>
      <xmax>610</xmax>
      <ymax>430</ymax>
    </bndbox>
  </object>
  <object>
    <name>word</name>
    <difficult>0</difficult>
    <bndbox>
      <xmin>67</xmin>
      <ymin>425</ymin>
      <xmax>122</xmax>
      <ymax>440</ymax>
    </bndbox>
  </object>
  <object>
    <name>word</name>
    <difficult>0</difficult>
    <bndbox>
      <xmin>127</xmin>
      <ymin>429</ymin>
      <xmax>157</xmax>
      <ymax>439</ymax>
    </bndbox>
  </object>
  <object>
    <name>word</name>
    <difficult>0</difficult>
    <bndbox>
      <xmin>162</xmin>
      <ymin>429</ymin>
      <xmax>187</xmax>
      <ymax>439</ymax>
    </bndbox>
  </object>
  <object>
    <name>word</name>
    <difficult>0</difficult>
    <bndbox>
      <xmin>192</xmin>
      <ymin>429</ymin>
      <xmax>237</xmax>
      <ymax>441</ymax>
    </bndbox>
  </object>
  <object>
    <name>word</name>
    <difficult>0</difficult>
    <bndbox>
      <xmin>244</xmin>
      <ymin>430</ymin>
      <xmax>291</xmax>
      <ymax>440</ymax>
    </bndbox>
  </object>
  <object>
    <name>word</name>
    <difficult>0</difficult>
    <bndbox>
      <xmin>305</xmin>
      <ymin>429</ymin>
      <xmax>327</xmax>
      <ymax>440</ymax>
    </bndbox>
  </object>
  <object>
    <name>word</name>
    <difficult>0</difficult>
    <bndbox>
      <xmin>333</xmin>
      <ymin>430</ymin>
      <xmax>377</xmax>
      <ymax>442</ymax>
    </bndbox>
  </object>
  <object>
    <name>word</name>
    <difficult>0</difficult>
    <bndbox>
      <xmin>379</xmin>
      <ymin>433</ymin>
      <xmax>403</xmax>
      <ymax>442</ymax>
    </bndbox>
  </object>
  <object>
    <name>word</name>
    <difficult>0</difficult>
    <bndbox>
      <xmin>409</xmin>
      <ymin>430</ymin>
      <xmax>428</xmax>
      <ymax>442</ymax>
    </bndbox>
  </object>
  <object>
    <name>word</name>
    <difficult>0</difficult>
    <bndbox>
      <xmin>436</xmin>
      <ymin>433</ymin>
      <xmax>505</xmax>
      <ymax>444</ymax>
    </bndbox>
  </object>
  <object>
    <name>word</name>
    <difficult>0</difficult>
    <bndbox>
      <xmin>509</xmin>
      <ymin>434</ymin>
      <xmax>588</xmax>
      <ymax>445</ymax>
    </bndbox>
  </object>
  <object>
    <name>word</name>
    <difficult>0</difficult>
    <bndbox>
      <xmin>591</xmin>
      <ymin>434</ymin>
      <xmax>608</xmax>
      <ymax>444</ymax>
    </bndbox>
  </object>
  <object>
    <name>word</name>
    <difficult>0</difficult>
    <bndbox>
      <xmin>67</xmin>
      <ymin>439</ymin>
      <xmax>129</xmax>
      <ymax>453</ymax>
    </bndbox>
  </object>
  <object>
    <name>word</name>
    <difficult>0</difficult>
    <bndbox>
      <xmin>135</xmin>
      <ymin>439</ymin>
      <xmax>192</xmax>
      <ymax>453</ymax>
    </bndbox>
  </object>
  <object>
    <name>word</name>
    <difficult>0</difficult>
    <bndbox>
      <xmin>197</xmin>
      <ymin>443</ymin>
      <xmax>213</xmax>
      <ymax>454</ymax>
    </bndbox>
  </object>
  <object>
    <name>word</name>
    <difficult>0</difficult>
    <bndbox>
      <xmin>217</xmin>
      <ymin>443</ymin>
      <xmax>286</xmax>
      <ymax>455</ymax>
    </bndbox>
  </object>
  <object>
    <name>word</name>
    <difficult>0</difficult>
    <bndbox>
      <xmin>291</xmin>
      <ymin>441</ymin>
      <xmax>318</xmax>
      <ymax>455</ymax>
    </bndbox>
  </object>
  <object>
    <name>word</name>
    <difficult>0</difficult>
    <bndbox>
      <xmin>327</xmin>
      <ymin>444</ymin>
      <xmax>347</xmax>
      <ymax>455</ymax>
    </bndbox>
  </object>
  <object>
    <name>word</name>
    <difficult>0</difficult>
    <bndbox>
      <xmin>352</xmin>
      <ymin>445</ymin>
      <xmax>399</xmax>
      <ymax>455</ymax>
    </bndbox>
  </object>
  <object>
    <name>word</name>
    <difficult>0</difficult>
    <bndbox>
      <xmin>413</xmin>
      <ymin>445</ymin>
      <xmax>445</xmax>
      <ymax>455</ymax>
    </bndbox>
  </object>
  <object>
    <name>word</name>
    <difficult>0</difficult>
    <bndbox>
      <xmin>449</xmin>
      <ymin>445</ymin>
      <xmax>478</xmax>
      <ymax>457</ymax>
    </bndbox>
  </object>
  <object>
    <name>word</name>
    <difficult>0</difficult>
    <bndbox>
      <xmin>485</xmin>
      <ymin>446</ymin>
      <xmax>520</xmax>
      <ymax>455</ymax>
    </bndbox>
  </object>
  <object>
    <name>word</name>
    <difficult>0</difficult>
    <bndbox>
      <xmin>524</xmin>
      <ymin>448</ymin>
      <xmax>600</xmax>
      <ymax>459</ymax>
    </bndbox>
  </object>
  <object>
    <name>word</name>
    <difficult>0</difficult>
    <bndbox>
      <xmin>605</xmin>
      <ymin>448</ymin>
      <xmax>627</xmax>
      <ymax>459</ymax>
    </bndbox>
  </object>
  <object>
    <name>word</name>
    <difficult>0</difficult>
    <bndbox>
      <xmin>631</xmin>
      <ymin>445</ymin>
      <xmax>661</xmax>
      <ymax>459</ymax>
    </bndbox>
  </object>
  <object>
    <name>word</name>
    <difficult>0</difficult>
    <bndbox>
      <xmin>66</xmin>
      <ymin>454</ymin>
      <xmax>82</xmax>
      <ymax>464</ymax>
    </bndbox>
  </object>
  <object>
    <name>word</name>
    <difficult>0</difficult>
    <bndbox>
      <xmin>89</xmin>
      <ymin>455</ymin>
      <xmax>115</xmax>
      <ymax>465</ymax>
    </bndbox>
  </object>
  <object>
    <name>word</name>
    <difficult>0</difficult>
    <bndbox>
      <xmin>120</xmin>
      <ymin>455</ymin>
      <xmax>136</xmax>
      <ymax>465</ymax>
    </bndbox>
  </object>
  <object>
    <name>word</name>
    <difficult>0</difficult>
    <bndbox>
      <xmin>143</xmin>
      <ymin>454</ymin>
      <xmax>192</xmax>
      <ymax>469</ymax>
    </bndbox>
  </object>
  <object>
    <name>word</name>
    <difficult>0</difficult>
    <bndbox>
      <xmin>197</xmin>
      <ymin>456</ymin>
      <xmax>217</xmax>
      <ymax>465</ymax>
    </bndbox>
  </object>
  <object>
    <name>word</name>
    <difficult>0</difficult>
    <bndbox>
      <xmin>223</xmin>
      <ymin>455</ymin>
      <xmax>277</xmax>
      <ymax>467</ymax>
    </bndbox>
  </object>
  <object>
    <name>word</name>
    <difficult>0</difficult>
    <bndbox>
      <xmin>282</xmin>
      <ymin>458</ymin>
      <xmax>353</xmax>
      <ymax>468</ymax>
    </bndbox>
  </object>
  <object>
    <name>word</name>
    <difficult>0</difficult>
    <bndbox>
      <xmin>359</xmin>
      <ymin>459</ymin>
      <xmax>386</xmax>
      <ymax>469</ymax>
    </bndbox>
  </object>
  <object>
    <name>word</name>
    <difficult>0</difficult>
    <bndbox>
      <xmin>392</xmin>
      <ymin>460</ymin>
      <xmax>452</xmax>
      <ymax>469</ymax>
    </bndbox>
  </object>
  <object>
    <name>word</name>
    <difficult>0</difficult>
    <bndbox>
      <xmin>455</xmin>
      <ymin>459</ymin>
      <xmax>519</xmax>
      <ymax>473</ymax>
    </bndbox>
  </object>
  <object>
    <name>word</name>
    <difficult>0</difficult>
    <bndbox>
      <xmin>525</xmin>
      <ymin>460</ymin>
      <xmax>581</xmax>
      <ymax>472</ymax>
    </bndbox>
  </object>
  <object>
    <name>word</name>
    <difficult>0</difficult>
    <bndbox>
      <xmin>584</xmin>
      <ymin>460</ymin>
      <xmax>599</xmax>
      <ymax>470</ymax>
    </bndbox>
  </object>
  <object>
    <name>word</name>
    <difficult>0</difficult>
    <bndbox>
      <xmin>66</xmin>
      <ymin>468</ymin>
      <xmax>81</xmax>
      <ymax>479</ymax>
    </bndbox>
  </object>
  <object>
    <name>word</name>
    <difficult>0</difficult>
    <bndbox>
      <xmin>87</xmin>
      <ymin>468</ymin>
      <xmax>122</xmax>
      <ymax>479</ymax>
    </bndbox>
  </object>
  <object>
    <name>word</name>
    <difficult>0</difficult>
    <bndbox>
      <xmin>607</xmin>
      <ymin>463</ymin>
      <xmax>661</xmax>
      <ymax>474</ymax>
    </bndbox>
  </object>
  <object>
    <name>word</name>
    <difficult>0</difficult>
    <bndbox>
      <xmin>127</xmin>
      <ymin>470</ymin>
      <xmax>212</xmax>
      <ymax>480</ymax>
    </bndbox>
  </object>
  <object>
    <name>word</name>
    <difficult>0</difficult>
    <bndbox>
      <xmin>216</xmin>
      <ymin>470</ymin>
      <xmax>245</xmax>
      <ymax>481</ymax>
    </bndbox>
  </object>
  <object>
    <name>word</name>
    <difficult>0</difficult>
    <bndbox>
      <xmin>251</xmin>
      <ymin>471</ymin>
      <xmax>271</xmax>
      <ymax>481</ymax>
    </bndbox>
  </object>
  <object>
    <name>word</name>
    <difficult>0</difficult>
    <bndbox>
      <xmin>277</xmin>
      <ymin>469</ymin>
      <xmax>341</xmax>
      <ymax>483</ymax>
    </bndbox>
  </object>
  <object>
    <name>word</name>
    <difficult>0</difficult>
    <bndbox>
      <xmin>345</xmin>
      <ymin>470</ymin>
      <xmax>387</xmax>
      <ymax>482</ymax>
    </bndbox>
  </object>
  <object>
    <name>word</name>
    <difficult>0</difficult>
    <bndbox>
      <xmin>399</xmin>
      <ymin>473</ymin>
      <xmax>421</xmax>
      <ymax>485</ymax>
    </bndbox>
  </object>
  <object>
    <name>word</name>
    <difficult>0</difficult>
    <bndbox>
      <xmin>428</xmin>
      <ymin>473</ymin>
      <xmax>483</xmax>
      <ymax>485</ymax>
    </bndbox>
  </object>
  <object>
    <name>word</name>
    <difficult>0</difficult>
    <bndbox>
      <xmin>489</xmin>
      <ymin>473</ymin>
      <xmax>559</xmax>
      <ymax>485</ymax>
    </bndbox>
  </object>
  <object>
    <name>word</name>
    <difficult>0</difficult>
    <bndbox>
      <xmin>566</xmin>
      <ymin>473</ymin>
      <xmax>580</xmax>
      <ymax>485</ymax>
    </bndbox>
  </object>
  <object>
    <name>word</name>
    <difficult>0</difficult>
    <bndbox>
      <xmin>584</xmin>
      <ymin>476</ymin>
      <xmax>601</xmax>
      <ymax>485</ymax>
    </bndbox>
  </object>
  <object>
    <name>word</name>
    <difficult>0</difficult>
    <bndbox>
      <xmin>605</xmin>
      <ymin>474</ymin>
      <xmax>649</xmax>
      <ymax>488</ymax>
    </bndbox>
  </object>
  <object>
    <name>word</name>
    <difficult>0</difficult>
    <bndbox>
      <xmin>65</xmin>
      <ymin>483</ymin>
      <xmax>152</xmax>
      <ymax>494</ymax>
    </bndbox>
  </object>
  <object>
    <name>word</name>
    <difficult>0</difficult>
    <bndbox>
      <xmin>155</xmin>
      <ymin>481</ymin>
      <xmax>177</xmax>
      <ymax>493</ymax>
    </bndbox>
  </object>
  <object>
    <name>word</name>
    <difficult>0</difficult>
    <bndbox>
      <xmin>183</xmin>
      <ymin>483</ymin>
      <xmax>218</xmax>
      <ymax>498</ymax>
    </bndbox>
  </object>
  <object>
    <name>word</name>
    <difficult>0</difficult>
    <bndbox>
      <xmin>222</xmin>
      <ymin>485</ymin>
      <xmax>244</xmax>
      <ymax>494</ymax>
    </bndbox>
  </object>
  <object>
    <name>word</name>
    <difficult>0</difficult>
    <bndbox>
      <xmin>249</xmin>
      <ymin>481</ymin>
      <xmax>305</xmax>
      <ymax>496</ymax>
    </bndbox>
  </object>
  <object>
    <name>word</name>
    <difficult>0</difficult>
    <bndbox>
      <xmin>309</xmin>
      <ymin>483</ymin>
      <xmax>374</xmax>
      <ymax>497</ymax>
    </bndbox>
  </object>
  <object>
    <name>word</name>
    <difficult>0</difficult>
    <bndbox>
      <xmin>379</xmin>
      <ymin>486</ymin>
      <xmax>395</xmax>
      <ymax>495</ymax>
    </bndbox>
  </object>
  <object>
    <name>word</name>
    <difficult>0</difficult>
    <bndbox>
      <xmin>399</xmin>
      <ymin>488</ymin>
      <xmax>446</xmax>
      <ymax>499</ymax>
    </bndbox>
  </object>
  <object>
    <name>word</name>
    <difficult>0</difficult>
    <bndbox>
      <xmin>461</xmin>
      <ymin>488</ymin>
      <xmax>502</xmax>
      <ymax>498</ymax>
    </bndbox>
  </object>
  <object>
    <name>word</name>
    <difficult>0</difficult>
    <bndbox>
      <xmin>502</xmin>
      <ymin>493</ymin>
      <xmax>511</xmax>
      <ymax>500</ymax>
    </bndbox>
  </object>
  <object>
    <name>word</name>
    <difficult>0</difficult>
    <bndbox>
      <xmin>576</xmin>
      <ymin>489</ymin>
      <xmax>593</xmax>
      <ymax>501</ymax>
    </bndbox>
  </object>
  <object>
    <name>word</name>
    <difficult>0</difficult>
    <bndbox>
      <xmin>599</xmin>
      <ymin>488</ymin>
      <xmax>629</xmax>
      <ymax>499</ymax>
    </bndbox>
  </object>
  <object>
    <name>word</name>
    <difficult>0</difficult>
    <bndbox>
      <xmin>67</xmin>
      <ymin>496</ymin>
      <xmax>137</xmax>
      <ymax>507</ymax>
    </bndbox>
  </object>
  <object>
    <name>word</name>
    <difficult>0</difficult>
    <bndbox>
      <xmin>141</xmin>
      <ymin>496</ymin>
      <xmax>178</xmax>
      <ymax>507</ymax>
    </bndbox>
  </object>
  <object>
    <name>word</name>
    <difficult>0</difficult>
    <bndbox>
      <xmin>516</xmin>
      <ymin>488</ymin>
      <xmax>573</xmax>
      <ymax>502</ymax>
    </bndbox>
  </object>
  <object>
    <name>word</name>
    <difficult>0</difficult>
    <bndbox>
      <xmin>182</xmin>
      <ymin>498</ymin>
      <xmax>229</xmax>
      <ymax>509</ymax>
    </bndbox>
  </object>
  <object>
    <name>word</name>
    <difficult>0</difficult>
    <bndbox>
      <xmin>234</xmin>
      <ymin>498</ymin>
      <xmax>283</xmax>
      <ymax>509</ymax>
    </bndbox>
  </object>
  <object>
    <name>word</name>
    <difficult>0</difficult>
    <bndbox>
      <xmin>292</xmin>
      <ymin>496</ymin>
      <xmax>359</xmax>
      <ymax>510</ymax>
    </bndbox>
  </object>
  <object>
    <name>word</name>
    <difficult>0</difficult>
    <bndbox>
      <xmin>364</xmin>
      <ymin>499</ymin>
      <xmax>381</xmax>
      <ymax>510</ymax>
    </bndbox>
  </object>
  <object>
    <name>word</name>
    <difficult>0</difficult>
    <bndbox>
      <xmin>385</xmin>
      <ymin>500</ymin>
      <xmax>409</xmax>
      <ymax>510</ymax>
    </bndbox>
  </object>
  <object>
    <name>word</name>
    <difficult>0</difficult>
    <bndbox>
      <xmin>411</xmin>
      <ymin>500</ymin>
      <xmax>448</xmax>
      <ymax>509</ymax>
    </bndbox>
  </object>
  <object>
    <name>word</name>
    <difficult>0</difficult>
    <bndbox>
      <xmin>454</xmin>
      <ymin>499</ymin>
      <xmax>491</xmax>
      <ymax>510</ymax>
    </bndbox>
  </object>
  <object>
    <name>word</name>
    <difficult>0</difficult>
    <bndbox>
      <xmin>496</xmin>
      <ymin>502</ymin>
      <xmax>520</xmax>
      <ymax>512</ymax>
    </bndbox>
  </object>
  <object>
    <name>word</name>
    <difficult>0</difficult>
    <bndbox>
      <xmin>521</xmin>
      <ymin>502</ymin>
      <xmax>553</xmax>
      <ymax>512</ymax>
    </bndbox>
  </object>
  <object>
    <name>word</name>
    <difficult>0</difficult>
    <bndbox>
      <xmin>556</xmin>
      <ymin>500</ymin>
      <xmax>628</xmax>
      <ymax>514</ymax>
    </bndbox>
  </object>
  <object>
    <name>word</name>
    <difficult>0</difficult>
    <bndbox>
      <xmin>69</xmin>
      <ymin>507</ymin>
      <xmax>150</xmax>
      <ymax>521</ymax>
    </bndbox>
  </object>
  <object>
    <name>word</name>
    <difficult>0</difficult>
    <bndbox>
      <xmin>153</xmin>
      <ymin>509</ymin>
      <xmax>204</xmax>
      <ymax>523</ymax>
    </bndbox>
  </object>
  <object>
    <name>word</name>
    <difficult>0</difficult>
    <bndbox>
      <xmin>209</xmin>
      <ymin>510</ymin>
      <xmax>298</xmax>
      <ymax>522</ymax>
    </bndbox>
  </object>
  <object>
    <name>word</name>
    <difficult>0</difficult>
    <bndbox>
      <xmin>268</xmin>
      <ymin>577</ymin>
      <xmax>332</xmax>
      <ymax>589</ymax>
    </bndbox>
  </object>
  <object>
    <name>word</name>
    <difficult>0</difficult>
    <bndbox>
      <xmin>337</xmin>
      <ymin>579</ymin>
      <xmax>393</xmax>
      <ymax>591</ymax>
    </bndbox>
  </object>
  <object>
    <name>word</name>
    <difficult>0</difficult>
    <bndbox>
      <xmin>398</xmin>
      <ymin>579</ymin>
      <xmax>455</xmax>
      <ymax>589</ymax>
    </bndbox>
  </object>
  <object>
    <name>word</name>
    <difficult>0</difficult>
    <bndbox>
      <xmin>403</xmin>
      <ymin>603</ymin>
      <xmax>455</xmax>
      <ymax>613</ymax>
    </bndbox>
  </object>
  <object>
    <name>word</name>
    <difficult>0</difficult>
    <bndbox>
      <xmin>460</xmin>
      <ymin>603</ymin>
      <xmax>476</xmax>
      <ymax>614</ymax>
    </bndbox>
  </object>
  <object>
    <name>word</name>
    <difficult>0</difficult>
    <bndbox>
      <xmin>483</xmin>
      <ymin>602</ymin>
      <xmax>515</xmax>
      <ymax>617</ymax>
    </bndbox>
  </object>
  <object>
    <name>word</name>
    <difficult>0</difficult>
    <bndbox>
      <xmin>44</xmin>
      <ymin>600</ymin>
      <xmax>79</xmax>
      <ymax>611</ymax>
    </bndbox>
  </object>
  <object>
    <name>word</name>
    <difficult>0</difficult>
    <bndbox>
      <xmin>86</xmin>
      <ymin>600</ymin>
      <xmax>121</xmax>
      <ymax>611</ymax>
    </bndbox>
  </object>
  <object>
    <name>word</name>
    <difficult>0</difficult>
    <bndbox>
      <xmin>126</xmin>
      <ymin>601</ymin>
      <xmax>141</xmax>
      <ymax>610</ymax>
    </bndbox>
  </object>
  <object>
    <name>word</name>
    <difficult>0</difficult>
    <bndbox>
      <xmin>193</xmin>
      <ymin>668</ymin>
      <xmax>222</xmax>
      <ymax>682</ymax>
    </bndbox>
  </object>
  <object>
    <name>word</name>
    <difficult>0</difficult>
    <bndbox>
      <xmin>228</xmin>
      <ymin>670</ymin>
      <xmax>284</xmax>
      <ymax>682</ymax>
    </bndbox>
  </object>
  <object>
    <name>word</name>
    <difficult>0</difficult>
    <bndbox>
      <xmin>287</xmin>
      <ymin>672</ymin>
      <xmax>303</xmax>
      <ymax>682</ymax>
    </bndbox>
  </object>
  <object>
    <name>word</name>
    <difficult>0</difficult>
    <bndbox>
      <xmin>308</xmin>
      <ymin>670</ymin>
      <xmax>359</xmax>
      <ymax>684</ymax>
    </bndbox>
  </object>
  <object>
    <name>word</name>
    <difficult>0</difficult>
    <bndbox>
      <xmin>394</xmin>
      <ymin>845</ymin>
      <xmax>451</xmax>
      <ymax>857</ymax>
    </bndbox>
  </object>
  <object>
    <name>word</name>
    <difficult>0</difficult>
    <bndbox>
      <xmin>458</xmin>
      <ymin>844</ymin>
      <xmax>475</xmax>
      <ymax>859</ymax>
    </bndbox>
  </object>
  <object>
    <name>word</name>
    <difficult>0</difficult>
    <bndbox>
      <xmin>42</xmin>
      <ymin>840</ymin>
      <xmax>104</xmax>
      <ymax>852</ymax>
    </bndbox>
  </object>
  <object>
    <name>word</name>
    <difficult>0</difficult>
    <bndbox>
      <xmin>110</xmin>
      <ymin>842</ymin>
      <xmax>125</xmax>
      <ymax>854</ymax>
    </bndbox>
  </object>
  <object>
    <name>word</name>
    <difficult>0</difficult>
    <bndbox>
      <xmin>61</xmin>
      <ymin>858</ymin>
      <xmax>77</xmax>
      <ymax>870</ymax>
    </bndbox>
  </object>
  <object>
    <name>word</name>
    <difficult>0</difficult>
    <bndbox>
      <xmin>82</xmin>
      <ymin>860</ymin>
      <xmax>96</xmax>
      <ymax>870</ymax>
    </bndbox>
  </object>
  <object>
    <name>word</name>
    <difficult>0</difficult>
    <bndbox>
      <xmin>105</xmin>
      <ymin>860</ymin>
      <xmax>140</xmax>
      <ymax>872</ymax>
    </bndbox>
  </object>
  <object>
    <name>word</name>
    <difficult>0</difficult>
    <bndbox>
      <xmin>485</xmin>
      <ymin>808</ymin>
      <xmax>527</xmax>
      <ymax>819</ymax>
    </bndbox>
  </object>
  <object>
    <name>word</name>
    <difficult>0</difficult>
    <bndbox>
      <xmin>493</xmin>
      <ymin>819</ymin>
      <xmax>523</xmax>
      <ymax>830</ymax>
    </bndbox>
  </object>
</annotation>
