<annotation>
  <folder>VOC2007</folder>
  <filename>0060025670.json</filename>
  <owner>
    <name>HengTian</name>
  </owner>
  <size>
    <width>762</width>
    <height>1000</height>
    <depth>1</depth>
  </size>
  <segmented>0</segmented>
  <object>
    <name>word</name>
    <difficult>0</difficult>
    <bndbox>
      <xmin>149</xmin>
      <ymin>170</ymin>
      <xmax>217</xmax>
      <ymax>181</ymax>
    </bndbox>
  </object>
  <object>
    <name>word</name>
    <difficult>0</difficult>
    <bndbox>
      <xmin>196</xmin>
      <ymin>352</ymin>
      <xmax>259</xmax>
      <ymax>363</ymax>
    </bndbox>
  </object>
  <object>
    <name>word</name>
    <difficult>0</difficult>
    <bndbox>
      <xmin>149</xmin>
      <ymin>596</ymin>
      <xmax>196</xmax>
      <ymax>610</ymax>
    </bndbox>
  </object>
  <object>
    <name>word</name>
    <difficult>0</difficult>
    <bndbox>
      <xmin>149</xmin>
      <ymin>655</ymin>
      <xmax>206</xmax>
      <ymax>670</ymax>
    </bndbox>
  </object>
  <object>
    <name>word</name>
    <difficult>0</difficult>
    <bndbox>
      <xmin>288</xmin>
      <ymin>95</ymin>
      <xmax>320</xmax>
      <ymax>105</ymax>
    </bndbox>
  </object>
  <object>
    <name>word</name>
    <difficult>0</difficult>
    <bndbox>
      <xmin>325</xmin>
      <ymin>92</ymin>
      <xmax>392</xmax>
      <ymax>103</ymax>
    </bndbox>
  </object>
  <object>
    <name>word</name>
    <difficult>0</difficult>
    <bndbox>
      <xmin>394</xmin>
      <ymin>94</ymin>
      <xmax>479</xmax>
      <ymax>105</ymax>
    </bndbox>
  </object>
  <object>
    <name>word</name>
    <difficult>0</difficult>
    <bndbox>
      <xmin>149</xmin>
      <ymin>208</ymin>
      <xmax>212</xmax>
      <ymax>222</ymax>
    </bndbox>
  </object>
  <object>
    <name>word</name>
    <difficult>0</difficult>
    <bndbox>
      <xmin>219</xmin>
      <ymin>209</ymin>
      <xmax>260</xmax>
      <ymax>220</ymax>
    </bndbox>
  </object>
  <object>
    <name>word</name>
    <difficult>0</difficult>
    <bndbox>
      <xmin>148</xmin>
      <ymin>249</ymin>
      <xmax>244</xmax>
      <ymax>260</ymax>
    </bndbox>
  </object>
  <object>
    <name>word</name>
    <difficult>0</difficult>
    <bndbox>
      <xmin>154</xmin>
      <ymin>260</ymin>
      <xmax>220</xmax>
      <ymax>274</ymax>
    </bndbox>
  </object>
  <object>
    <name>word</name>
    <difficult>0</difficult>
    <bndbox>
      <xmin>225</xmin>
      <ymin>261</ymin>
      <xmax>272</xmax>
      <ymax>272</ymax>
    </bndbox>
  </object>
  <object>
    <name>word</name>
    <difficult>0</difficult>
    <bndbox>
      <xmin>279</xmin>
      <ymin>263</ymin>
      <xmax>307</xmax>
      <ymax>274</ymax>
    </bndbox>
  </object>
  <object>
    <name>word</name>
    <difficult>0</difficult>
    <bndbox>
      <xmin>311</xmin>
      <ymin>263</ymin>
      <xmax>357</xmax>
      <ymax>276</ymax>
    </bndbox>
  </object>
  <object>
    <name>word</name>
    <difficult>0</difficult>
    <bndbox>
      <xmin>365</xmin>
      <ymin>264</ymin>
      <xmax>404</xmax>
      <ymax>275</ymax>
    </bndbox>
  </object>
  <object>
    <name>word</name>
    <difficult>0</difficult>
    <bndbox>
      <xmin>148</xmin>
      <ymin>299</ymin>
      <xmax>184</xmax>
      <ymax>312</ymax>
    </bndbox>
  </object>
  <object>
    <name>word</name>
    <difficult>0</difficult>
    <bndbox>
      <xmin>187</xmin>
      <ymin>299</ymin>
      <xmax>243</xmax>
      <ymax>312</ymax>
    </bndbox>
  </object>
  <object>
    <name>word</name>
    <difficult>0</difficult>
    <bndbox>
      <xmin>405</xmin>
      <ymin>353</ymin>
      <xmax>427</xmax>
      <ymax>366</ymax>
    </bndbox>
  </object>
  <object>
    <name>word</name>
    <difficult>0</difficult>
    <bndbox>
      <xmin>436</xmin>
      <ymin>353</ymin>
      <xmax>500</xmax>
      <ymax>366</ymax>
    </bndbox>
  </object>
  <object>
    <name>word</name>
    <difficult>0</difficult>
    <bndbox>
      <xmin>149</xmin>
      <ymin>404</ymin>
      <xmax>164</xmax>
      <ymax>417</ymax>
    </bndbox>
  </object>
  <object>
    <name>word</name>
    <difficult>0</difficult>
    <bndbox>
      <xmin>173</xmin>
      <ymin>402</ymin>
      <xmax>197</xmax>
      <ymax>416</ymax>
    </bndbox>
  </object>
  <object>
    <name>word</name>
    <difficult>0</difficult>
    <bndbox>
      <xmin>201</xmin>
      <ymin>402</ymin>
      <xmax>268</xmax>
      <ymax>416</ymax>
    </bndbox>
  </object>
  <object>
    <name>word</name>
    <difficult>0</difficult>
    <bndbox>
      <xmin>274</xmin>
      <ymin>405</ymin>
      <xmax>312</xmax>
      <ymax>418</ymax>
    </bndbox>
  </object>
  <object>
    <name>word</name>
    <difficult>0</difficult>
    <bndbox>
      <xmin>320</xmin>
      <ymin>405</ymin>
      <xmax>381</xmax>
      <ymax>418</ymax>
    </bndbox>
  </object>
  <object>
    <name>word</name>
    <difficult>0</difficult>
    <bndbox>
      <xmin>148</xmin>
      <ymin>616</ymin>
      <xmax>205</xmax>
      <ymax>629</ymax>
    </bndbox>
  </object>
  <object>
    <name>word</name>
    <difficult>0</difficult>
    <bndbox>
      <xmin>211</xmin>
      <ymin>616</ymin>
      <xmax>268</xmax>
      <ymax>631</ymax>
    </bndbox>
  </object>
  <object>
    <name>word</name>
    <difficult>0</difficult>
    <bndbox>
      <xmin>147</xmin>
      <ymin>634</ymin>
      <xmax>189</xmax>
      <ymax>648</ymax>
    </bndbox>
  </object>
  <object>
    <name>word</name>
    <difficult>0</difficult>
    <bndbox>
      <xmin>193</xmin>
      <ymin>637</ymin>
      <xmax>275</xmax>
      <ymax>651</ymax>
    </bndbox>
  </object>
  <object>
    <name>word</name>
    <difficult>0</difficult>
    <bndbox>
      <xmin>148</xmin>
      <ymin>691</ymin>
      <xmax>215</xmax>
      <ymax>704</ymax>
    </bndbox>
  </object>
  <object>
    <name>word</name>
    <difficult>0</difficult>
    <bndbox>
      <xmin>221</xmin>
      <ymin>691</ymin>
      <xmax>246</xmax>
      <ymax>704</ymax>
    </bndbox>
  </object>
  <object>
    <name>word</name>
    <difficult>0</difficult>
    <bndbox>
      <xmin>249</xmin>
      <ymin>690</ymin>
      <xmax>299</xmax>
      <ymax>703</ymax>
    </bndbox>
  </object>
  <object>
    <name>word</name>
    <difficult>0</difficult>
    <bndbox>
      <xmin>303</xmin>
      <ymin>691</ymin>
      <xmax>321</xmax>
      <ymax>704</ymax>
    </bndbox>
  </object>
  <object>
    <name>word</name>
    <difficult>0</difficult>
    <bndbox>
      <xmin>325</xmin>
      <ymin>690</ymin>
      <xmax>345</xmax>
      <ymax>704</ymax>
    </bndbox>
  </object>
  <object>
    <name>word</name>
    <difficult>0</difficult>
    <bndbox>
      <xmin>348</xmin>
      <ymin>691</ymin>
      <xmax>366</xmax>
      <ymax>702</ymax>
    </bndbox>
  </object>
  <object>
    <name>word</name>
    <difficult>0</difficult>
    <bndbox>
      <xmin>373</xmin>
      <ymin>691</ymin>
      <xmax>437</xmax>
      <ymax>704</ymax>
    </bndbox>
  </object>
  <object>
    <name>word</name>
    <difficult>0</difficult>
    <bndbox>
      <xmin>443</xmin>
      <ymin>693</ymin>
      <xmax>520</xmax>
      <ymax>706</ymax>
    </bndbox>
  </object>
  <object>
    <name>word</name>
    <difficult>0</difficult>
    <bndbox>
      <xmin>528</xmin>
      <ymin>693</ymin>
      <xmax>546</xmax>
      <ymax>704</ymax>
    </bndbox>
  </object>
  <object>
    <name>word</name>
    <difficult>0</difficult>
    <bndbox>
      <xmin>550</xmin>
      <ymin>689</ymin>
      <xmax>617</xmax>
      <ymax>704</ymax>
    </bndbox>
  </object>
  <object>
    <name>word</name>
    <difficult>0</difficult>
    <bndbox>
      <xmin>147</xmin>
      <ymin>703</ymin>
      <xmax>176</xmax>
      <ymax>717</ymax>
    </bndbox>
  </object>
  <object>
    <name>word</name>
    <difficult>0</difficult>
    <bndbox>
      <xmin>180</xmin>
      <ymin>707</ymin>
      <xmax>271</xmax>
      <ymax>715</ymax>
    </bndbox>
  </object>
  <object>
    <name>word</name>
    <difficult>0</difficult>
    <bndbox>
      <xmin>271</xmin>
      <ymin>705</ymin>
      <xmax>292</xmax>
      <ymax>716</ymax>
    </bndbox>
  </object>
  <object>
    <name>word</name>
    <difficult>0</difficult>
    <bndbox>
      <xmin>297</xmin>
      <ymin>704</ymin>
      <xmax>328</xmax>
      <ymax>718</ymax>
    </bndbox>
  </object>
  <object>
    <name>word</name>
    <difficult>0</difficult>
    <bndbox>
      <xmin>334</xmin>
      <ymin>707</ymin>
      <xmax>352</xmax>
      <ymax>720</ymax>
    </bndbox>
  </object>
  <object>
    <name>word</name>
    <difficult>0</difficult>
    <bndbox>
      <xmin>356</xmin>
      <ymin>704</ymin>
      <xmax>429</xmax>
      <ymax>718</ymax>
    </bndbox>
  </object>
  <object>
    <name>word</name>
    <difficult>0</difficult>
    <bndbox>
      <xmin>520</xmin>
      <ymin>883</ymin>
      <xmax>563</xmax>
      <ymax>896</ymax>
    </bndbox>
  </object>
  <object>
    <name>word</name>
    <difficult>0</difficult>
    <bndbox>
      <xmin>573</xmin>
      <ymin>883</ymin>
      <xmax>634</xmax>
      <ymax>897</ymax>
    </bndbox>
  </object>
</annotation>
