<annotation>
  <folder>VOC2007</folder>
  <filename>0071032790.json</filename>
  <owner>
    <name>HengTian</name>
  </owner>
  <size>
    <width>762</width>
    <height>1000</height>
    <depth>1</depth>
  </size>
  <segmented>0</segmented>
  <object>
    <name>word</name>
    <difficult>0</difficult>
    <bndbox>
      <xmin>56</xmin>
      <ymin>455</ymin>
      <xmax>121</xmax>
      <ymax>468</ymax>
    </bndbox>
  </object>
  <object>
    <name>word</name>
    <difficult>0</difficult>
    <bndbox>
      <xmin>126</xmin>
      <ymin>455</ymin>
      <xmax>209</xmax>
      <ymax>467</ymax>
    </bndbox>
  </object>
  <object>
    <name>word</name>
    <difficult>0</difficult>
    <bndbox>
      <xmin>475</xmin>
      <ymin>281</ymin>
      <xmax>522</xmax>
      <ymax>296</ymax>
    </bndbox>
  </object>
  <object>
    <name>word</name>
    <difficult>0</difficult>
    <bndbox>
      <xmin>248</xmin>
      <ymin>271</ymin>
      <xmax>280</xmax>
      <ymax>289</ymax>
    </bndbox>
  </object>
  <object>
    <name>word</name>
    <difficult>0</difficult>
    <bndbox>
      <xmin>249</xmin>
      <ymin>321</ymin>
      <xmax>264</xmax>
      <ymax>329</ymax>
    </bndbox>
  </object>
  <object>
    <name>word</name>
    <difficult>0</difficult>
    <bndbox>
      <xmin>53</xmin>
      <ymin>86</ymin>
      <xmax>81</xmax>
      <ymax>104</ymax>
    </bndbox>
  </object>
  <object>
    <name>word</name>
    <difficult>0</difficult>
    <bndbox>
      <xmin>100</xmin>
      <ymin>86</ymin>
      <xmax>145</xmax>
      <ymax>104</ymax>
    </bndbox>
  </object>
  <object>
    <name>word</name>
    <difficult>0</difficult>
    <bndbox>
      <xmin>555</xmin>
      <ymin>90</ymin>
      <xmax>658</xmax>
      <ymax>105</ymax>
    </bndbox>
  </object>
  <object>
    <name>word</name>
    <difficult>0</difficult>
    <bndbox>
      <xmin>53</xmin>
      <ymin>826</ymin>
      <xmax>91</xmax>
      <ymax>844</ymax>
    </bndbox>
  </object>
  <object>
    <name>word</name>
    <difficult>0</difficult>
    <bndbox>
      <xmin>55</xmin>
      <ymin>855</ymin>
      <xmax>82</xmax>
      <ymax>870</ymax>
    </bndbox>
  </object>
  <object>
    <name>word</name>
    <difficult>0</difficult>
    <bndbox>
      <xmin>88</xmin>
      <ymin>826</ymin>
      <xmax>120</xmax>
      <ymax>843</ymax>
    </bndbox>
  </object>
  <object>
    <name>word</name>
    <difficult>0</difficult>
    <bndbox>
      <xmin>259</xmin>
      <ymin>169</ymin>
      <xmax>322</xmax>
      <ymax>182</ymax>
    </bndbox>
  </object>
  <object>
    <name>word</name>
    <difficult>0</difficult>
    <bndbox>
      <xmin>327</xmin>
      <ymin>168</ymin>
      <xmax>412</xmax>
      <ymax>181</ymax>
    </bndbox>
  </object>
  <object>
    <name>word</name>
    <difficult>0</difficult>
    <bndbox>
      <xmin>415</xmin>
      <ymin>166</ymin>
      <xmax>460</xmax>
      <ymax>183</ymax>
    </bndbox>
  </object>
  <object>
    <name>word</name>
    <difficult>0</difficult>
    <bndbox>
      <xmin>527</xmin>
      <ymin>269</ymin>
      <xmax>610</xmax>
      <ymax>292</ymax>
    </bndbox>
  </object>
  <object>
    <name>word</name>
    <difficult>0</difficult>
    <bndbox>
      <xmin>613</xmin>
      <ymin>271</ymin>
      <xmax>640</xmax>
      <ymax>291</ymax>
    </bndbox>
  </object>
  <object>
    <name>word</name>
    <difficult>0</difficult>
    <bndbox>
      <xmin>645</xmin>
      <ymin>274</ymin>
      <xmax>685</xmax>
      <ymax>292</ymax>
    </bndbox>
  </object>
  <object>
    <name>word</name>
    <difficult>0</difficult>
    <bndbox>
      <xmin>53</xmin>
      <ymin>281</ymin>
      <xmax>118</xmax>
      <ymax>298</ymax>
    </bndbox>
  </object>
  <object>
    <name>word</name>
    <difficult>0</difficult>
    <bndbox>
      <xmin>121</xmin>
      <ymin>284</ymin>
      <xmax>166</xmax>
      <ymax>297</ymax>
    </bndbox>
  </object>
  <object>
    <name>word</name>
    <difficult>0</difficult>
    <bndbox>
      <xmin>53</xmin>
      <ymin>324</ymin>
      <xmax>118</xmax>
      <ymax>341</ymax>
    </bndbox>
  </object>
  <object>
    <name>word</name>
    <difficult>0</difficult>
    <bndbox>
      <xmin>121</xmin>
      <ymin>327</ymin>
      <xmax>166</xmax>
      <ymax>340</ymax>
    </bndbox>
  </object>
  <object>
    <name>word</name>
    <difficult>0</difficult>
    <bndbox>
      <xmin>56</xmin>
      <ymin>367</ymin>
      <xmax>119</xmax>
      <ymax>382</ymax>
    </bndbox>
  </object>
  <object>
    <name>word</name>
    <difficult>0</difficult>
    <bndbox>
      <xmin>123</xmin>
      <ymin>367</ymin>
      <xmax>183</xmax>
      <ymax>382</ymax>
    </bndbox>
  </object>
  <object>
    <name>word</name>
    <difficult>0</difficult>
    <bndbox>
      <xmin>55</xmin>
      <ymin>412</ymin>
      <xmax>93</xmax>
      <ymax>425</ymax>
    </bndbox>
  </object>
  <object>
    <name>word</name>
    <difficult>0</difficult>
    <bndbox>
      <xmin>95</xmin>
      <ymin>410</ymin>
      <xmax>176</xmax>
      <ymax>423</ymax>
    </bndbox>
  </object>
  <object>
    <name>word</name>
    <difficult>0</difficult>
    <bndbox>
      <xmin>184</xmin>
      <ymin>412</ymin>
      <xmax>212</xmax>
      <ymax>424</ymax>
    </bndbox>
  </object>
  <object>
    <name>word</name>
    <difficult>0</difficult>
    <bndbox>
      <xmin>249</xmin>
      <ymin>355</ymin>
      <xmax>266</xmax>
      <ymax>375</ymax>
    </bndbox>
  </object>
  <object>
    <name>word</name>
    <difficult>0</difficult>
    <bndbox>
      <xmin>274</xmin>
      <ymin>357</ymin>
      <xmax>292</xmax>
      <ymax>377</ymax>
    </bndbox>
  </object>
  <object>
    <name>word</name>
    <difficult>0</difficult>
    <bndbox>
      <xmin>297</xmin>
      <ymin>357</ymin>
      <xmax>353</xmax>
      <ymax>377</ymax>
    </bndbox>
  </object>
  <object>
    <name>word</name>
    <difficult>0</difficult>
    <bndbox>
      <xmin>248</xmin>
      <ymin>402</ymin>
      <xmax>266</xmax>
      <ymax>420</ymax>
    </bndbox>
  </object>
  <object>
    <name>word</name>
    <difficult>0</difficult>
    <bndbox>
      <xmin>272</xmin>
      <ymin>402</ymin>
      <xmax>294</xmax>
      <ymax>419</ymax>
    </bndbox>
  </object>
  <object>
    <name>word</name>
    <difficult>0</difficult>
    <bndbox>
      <xmin>301</xmin>
      <ymin>402</ymin>
      <xmax>376</xmax>
      <ymax>420</ymax>
    </bndbox>
  </object>
  <object>
    <name>word</name>
    <difficult>0</difficult>
    <bndbox>
      <xmin>385</xmin>
      <ymin>402</ymin>
      <xmax>410</xmax>
      <ymax>420</ymax>
    </bndbox>
  </object>
  <object>
    <name>word</name>
    <difficult>0</difficult>
    <bndbox>
      <xmin>249</xmin>
      <ymin>445</ymin>
      <xmax>271</xmax>
      <ymax>460</ymax>
    </bndbox>
  </object>
  <object>
    <name>word</name>
    <difficult>0</difficult>
    <bndbox>
      <xmin>277</xmin>
      <ymin>444</ymin>
      <xmax>335</xmax>
      <ymax>461</ymax>
    </bndbox>
  </object>
  <object>
    <name>word</name>
    <difficult>0</difficult>
    <bndbox>
      <xmin>502</xmin>
      <ymin>445</ymin>
      <xmax>583</xmax>
      <ymax>462</ymax>
    </bndbox>
  </object>
  <object>
    <name>word</name>
    <difficult>0</difficult>
    <bndbox>
      <xmin>493</xmin>
      <ymin>472</ymin>
      <xmax>571</xmax>
      <ymax>494</ymax>
    </bndbox>
  </object>
  <object>
    <name>word</name>
    <difficult>0</difficult>
    <bndbox>
      <xmin>578</xmin>
      <ymin>473</ymin>
      <xmax>601</xmax>
      <ymax>490</ymax>
    </bndbox>
  </object>
  <object>
    <name>word</name>
    <difficult>0</difficult>
    <bndbox>
      <xmin>249</xmin>
      <ymin>502</ymin>
      <xmax>312</xmax>
      <ymax>519</ymax>
    </bndbox>
  </object>
  <object>
    <name>word</name>
    <difficult>0</difficult>
    <bndbox>
      <xmin>317</xmin>
      <ymin>502</ymin>
      <xmax>330</xmax>
      <ymax>514</ymax>
    </bndbox>
  </object>
  <object>
    <name>word</name>
    <difficult>0</difficult>
    <bndbox>
      <xmin>336</xmin>
      <ymin>500</ymin>
      <xmax>387</xmax>
      <ymax>518</ymax>
    </bndbox>
  </object>
  <object>
    <name>word</name>
    <difficult>0</difficult>
    <bndbox>
      <xmin>394</xmin>
      <ymin>502</ymin>
      <xmax>421</xmax>
      <ymax>517</ymax>
    </bndbox>
  </object>
  <object>
    <name>word</name>
    <difficult>0</difficult>
    <bndbox>
      <xmin>425</xmin>
      <ymin>503</ymin>
      <xmax>465</xmax>
      <ymax>518</ymax>
    </bndbox>
  </object>
  <object>
    <name>word</name>
    <difficult>0</difficult>
    <bndbox>
      <xmin>470</xmin>
      <ymin>500</ymin>
      <xmax>573</xmax>
      <ymax>522</ymax>
    </bndbox>
  </object>
  <object>
    <name>word</name>
    <difficult>0</difficult>
    <bndbox>
      <xmin>580</xmin>
      <ymin>503</ymin>
      <xmax>643</xmax>
      <ymax>523</ymax>
    </bndbox>
  </object>
  <object>
    <name>word</name>
    <difficult>0</difficult>
    <bndbox>
      <xmin>252</xmin>
      <ymin>530</ymin>
      <xmax>289</xmax>
      <ymax>547</ymax>
    </bndbox>
  </object>
  <object>
    <name>word</name>
    <difficult>0</difficult>
    <bndbox>
      <xmin>292</xmin>
      <ymin>528</ymin>
      <xmax>322</xmax>
      <ymax>545</ymax>
    </bndbox>
  </object>
  <object>
    <name>word</name>
    <difficult>0</difficult>
    <bndbox>
      <xmin>326</xmin>
      <ymin>532</ymin>
      <xmax>371</xmax>
      <ymax>547</ymax>
    </bndbox>
  </object>
  <object>
    <name>word</name>
    <difficult>0</difficult>
    <bndbox>
      <xmin>379</xmin>
      <ymin>532</ymin>
      <xmax>404</xmax>
      <ymax>547</ymax>
    </bndbox>
  </object>
  <object>
    <name>word</name>
    <difficult>0</difficult>
    <bndbox>
      <xmin>409</xmin>
      <ymin>532</ymin>
      <xmax>432</xmax>
      <ymax>545</ymax>
    </bndbox>
  </object>
  <object>
    <name>word</name>
    <difficult>0</difficult>
    <bndbox>
      <xmin>434</xmin>
      <ymin>530</ymin>
      <xmax>464</xmax>
      <ymax>545</ymax>
    </bndbox>
  </object>
  <object>
    <name>word</name>
    <difficult>0</difficult>
    <bndbox>
      <xmin>470</xmin>
      <ymin>528</ymin>
      <xmax>530</xmax>
      <ymax>546</ymax>
    </bndbox>
  </object>
  <object>
    <name>word</name>
    <difficult>0</difficult>
    <bndbox>
      <xmin>537</xmin>
      <ymin>528</ymin>
      <xmax>565</xmax>
      <ymax>546</ymax>
    </bndbox>
  </object>
  <object>
    <name>word</name>
    <difficult>0</difficult>
    <bndbox>
      <xmin>570</xmin>
      <ymin>530</ymin>
      <xmax>593</xmax>
      <ymax>545</ymax>
    </bndbox>
  </object>
  <object>
    <name>word</name>
    <difficult>0</difficult>
    <bndbox>
      <xmin>595</xmin>
      <ymin>530</ymin>
      <xmax>630</xmax>
      <ymax>547</ymax>
    </bndbox>
  </object>
  <object>
    <name>word</name>
    <difficult>0</difficult>
    <bndbox>
      <xmin>249</xmin>
      <ymin>560</ymin>
      <xmax>325</xmax>
      <ymax>577</ymax>
    </bndbox>
  </object>
  <object>
    <name>word</name>
    <difficult>0</difficult>
    <bndbox>
      <xmin>322</xmin>
      <ymin>555</ymin>
      <xmax>360</xmax>
      <ymax>575</ymax>
    </bndbox>
  </object>
  <object>
    <name>word</name>
    <difficult>0</difficult>
    <bndbox>
      <xmin>364</xmin>
      <ymin>556</ymin>
      <xmax>457</xmax>
      <ymax>573</ymax>
    </bndbox>
  </object>
  <object>
    <name>word</name>
    <difficult>0</difficult>
    <bndbox>
      <xmin>458</xmin>
      <ymin>556</ymin>
      <xmax>524</xmax>
      <ymax>573</ymax>
    </bndbox>
  </object>
  <object>
    <name>word</name>
    <difficult>0</difficult>
    <bndbox>
      <xmin>527</xmin>
      <ymin>556</ymin>
      <xmax>580</xmax>
      <ymax>574</ymax>
    </bndbox>
  </object>
  <object>
    <name>word</name>
    <difficult>0</difficult>
    <bndbox>
      <xmin>55</xmin>
      <ymin>606</ymin>
      <xmax>105</xmax>
      <ymax>623</ymax>
    </bndbox>
  </object>
  <object>
    <name>word</name>
    <difficult>0</difficult>
    <bndbox>
      <xmin>110</xmin>
      <ymin>610</ymin>
      <xmax>188</xmax>
      <ymax>625</ymax>
    </bndbox>
  </object>
  <object>
    <name>word</name>
    <difficult>0</difficult>
    <bndbox>
      <xmin>58</xmin>
      <ymin>621</ymin>
      <xmax>136</xmax>
      <ymax>636</ymax>
    </bndbox>
  </object>
  <object>
    <name>word</name>
    <difficult>0</difficult>
    <bndbox>
      <xmin>251</xmin>
      <ymin>613</ymin>
      <xmax>266</xmax>
      <ymax>635</ymax>
    </bndbox>
  </object>
  <object>
    <name>word</name>
    <difficult>0</difficult>
    <bndbox>
      <xmin>274</xmin>
      <ymin>613</ymin>
      <xmax>292</xmax>
      <ymax>635</ymax>
    </bndbox>
  </object>
  <object>
    <name>word</name>
    <difficult>0</difficult>
    <bndbox>
      <xmin>299</xmin>
      <ymin>615</ymin>
      <xmax>344</xmax>
      <ymax>633</ymax>
    </bndbox>
  </object>
  <object>
    <name>word</name>
    <difficult>0</difficult>
    <bndbox>
      <xmin>350</xmin>
      <ymin>615</ymin>
      <xmax>377</xmax>
      <ymax>633</ymax>
    </bndbox>
  </object>
  <object>
    <name>word</name>
    <difficult>0</difficult>
    <bndbox>
      <xmin>249</xmin>
      <ymin>645</ymin>
      <xmax>264</xmax>
      <ymax>662</ymax>
    </bndbox>
  </object>
  <object>
    <name>word</name>
    <difficult>0</difficult>
    <bndbox>
      <xmin>276</xmin>
      <ymin>643</ymin>
      <xmax>293</xmax>
      <ymax>663</ymax>
    </bndbox>
  </object>
  <object>
    <name>word</name>
    <difficult>0</difficult>
    <bndbox>
      <xmin>299</xmin>
      <ymin>645</ymin>
      <xmax>365</xmax>
      <ymax>663</ymax>
    </bndbox>
  </object>
  <object>
    <name>word</name>
    <difficult>0</difficult>
    <bndbox>
      <xmin>402</xmin>
      <ymin>757</ymin>
      <xmax>472</xmax>
      <ymax>774</ymax>
    </bndbox>
  </object>
  <object>
    <name>word</name>
    <difficult>0</difficult>
    <bndbox>
      <xmin>482</xmin>
      <ymin>759</ymin>
      <xmax>510</xmax>
      <ymax>776</ymax>
    </bndbox>
  </object>
  <object>
    <name>word</name>
    <difficult>0</difficult>
    <bndbox>
      <xmin>405</xmin>
      <ymin>771</ymin>
      <xmax>638</xmax>
      <ymax>826</ymax>
    </bndbox>
  </object>
  <object>
    <name>word</name>
    <difficult>0</difficult>
    <bndbox>
      <xmin>409</xmin>
      <ymin>831</ymin>
      <xmax>427</xmax>
      <ymax>843</ymax>
    </bndbox>
  </object>
  <object>
    <name>word</name>
    <difficult>0</difficult>
    <bndbox>
      <xmin>434</xmin>
      <ymin>829</ymin>
      <xmax>454</xmax>
      <ymax>844</ymax>
    </bndbox>
  </object>
  <object>
    <name>word</name>
    <difficult>0</difficult>
    <bndbox>
      <xmin>460</xmin>
      <ymin>827</ymin>
      <xmax>540</xmax>
      <ymax>844</ymax>
    </bndbox>
  </object>
  <object>
    <name>word</name>
    <difficult>0</difficult>
    <bndbox>
      <xmin>547</xmin>
      <ymin>827</ymin>
      <xmax>572</xmax>
      <ymax>844</ymax>
    </bndbox>
  </object>
  <object>
    <name>word</name>
    <difficult>0</difficult>
    <bndbox>
      <xmin>100</xmin>
      <ymin>855</ymin>
      <xmax>196</xmax>
      <ymax>872</ymax>
    </bndbox>
  </object>
  <object>
    <name>word</name>
    <difficult>0</difficult>
    <bndbox>
      <xmin>100</xmin>
      <ymin>875</ymin>
      <xmax>161</xmax>
      <ymax>885</ymax>
    </bndbox>
  </object>
  <object>
    <name>word</name>
    <difficult>0</difficult>
    <bndbox>
      <xmin>98</xmin>
      <ymin>887</ymin>
      <xmax>164</xmax>
      <ymax>902</ymax>
    </bndbox>
  </object>
</annotation>
