<annotation>
  <folder>VOC2007</folder>
  <filename>00836244.json</filename>
  <owner>
    <name>HengTian</name>
  </owner>
  <size>
    <width>786</width>
    <height>1000</height>
    <depth>1</depth>
  </size>
  <segmented>0</segmented>
  <object>
    <name>word</name>
    <difficult>0</difficult>
    <bndbox>
      <xmin>74</xmin>
      <ymin>119</ymin>
      <xmax>124</xmax>
      <ymax>137</ymax>
    </bndbox>
  </object>
  <object>
    <name>word</name>
    <difficult>0</difficult>
    <bndbox>
      <xmin>74</xmin>
      <ymin>154</ymin>
      <xmax>115</xmax>
      <ymax>169</ymax>
    </bndbox>
  </object>
  <object>
    <name>word</name>
    <difficult>0</difficult>
    <bndbox>
      <xmin>74</xmin>
      <ymin>214</ymin>
      <xmax>148</xmax>
      <ymax>229</ymax>
    </bndbox>
  </object>
  <object>
    <name>word</name>
    <difficult>0</difficult>
    <bndbox>
      <xmin>75</xmin>
      <ymin>243</ymin>
      <xmax>138</xmax>
      <ymax>258</ymax>
    </bndbox>
  </object>
  <object>
    <name>word</name>
    <difficult>0</difficult>
    <bndbox>
      <xmin>404</xmin>
      <ymin>154</ymin>
      <xmax>450</xmax>
      <ymax>169</ymax>
    </bndbox>
  </object>
  <object>
    <name>word</name>
    <difficult>0</difficult>
    <bndbox>
      <xmin>451</xmin>
      <ymin>155</ymin>
      <xmax>468</xmax>
      <ymax>169</ymax>
    </bndbox>
  </object>
  <object>
    <name>word</name>
    <difficult>0</difficult>
    <bndbox>
      <xmin>501</xmin>
      <ymin>186</ymin>
      <xmax>551</xmax>
      <ymax>199</ymax>
    </bndbox>
  </object>
  <object>
    <name>word</name>
    <difficult>0</difficult>
    <bndbox>
      <xmin>612</xmin>
      <ymin>154</ymin>
      <xmax>629</xmax>
      <ymax>168</ymax>
    </bndbox>
  </object>
  <object>
    <name>word</name>
    <difficult>0</difficult>
    <bndbox>
      <xmin>630</xmin>
      <ymin>155</ymin>
      <xmax>651</xmax>
      <ymax>166</ymax>
    </bndbox>
  </object>
  <object>
    <name>word</name>
    <difficult>0</difficult>
    <bndbox>
      <xmin>77</xmin>
      <ymin>796</ymin>
      <xmax>131</xmax>
      <ymax>810</ymax>
    </bndbox>
  </object>
  <object>
    <name>word</name>
    <difficult>0</difficult>
    <bndbox>
      <xmin>531</xmin>
      <ymin>374</ymin>
      <xmax>552</xmax>
      <ymax>384</ymax>
    </bndbox>
  </object>
  <object>
    <name>word</name>
    <difficult>0</difficult>
    <bndbox>
      <xmin>405</xmin>
      <ymin>374</ymin>
      <xmax>429</xmax>
      <ymax>384</ymax>
    </bndbox>
  </object>
  <object>
    <name>word</name>
    <difficult>0</difficult>
    <bndbox>
      <xmin>278</xmin>
      <ymin>373</ymin>
      <xmax>309</xmax>
      <ymax>384</ymax>
    </bndbox>
  </object>
  <object>
    <name>word</name>
    <difficult>0</difficult>
    <bndbox>
      <xmin>320</xmin>
      <ymin>182</ymin>
      <xmax>352</xmax>
      <ymax>203</ymax>
    </bndbox>
  </object>
  <object>
    <name>word</name>
    <difficult>0</difficult>
    <bndbox>
      <xmin>485</xmin>
      <ymin>300</ymin>
      <xmax>526</xmax>
      <ymax>317</ymax>
    </bndbox>
  </object>
  <object>
    <name>word</name>
    <difficult>0</difficult>
    <bndbox>
      <xmin>554</xmin>
      <ymin>302</ymin>
      <xmax>579</xmax>
      <ymax>317</ymax>
    </bndbox>
  </object>
  <object>
    <name>word</name>
    <difficult>0</difficult>
    <bndbox>
      <xmin>538</xmin>
      <ymin>303</ymin>
      <xmax>552</xmax>
      <ymax>317</ymax>
    </bndbox>
  </object>
  <object>
    <name>word</name>
    <difficult>0</difficult>
    <bndbox>
      <xmin>284</xmin>
      <ymin>303</ymin>
      <xmax>295</xmax>
      <ymax>314</ymax>
    </bndbox>
  </object>
  <object>
    <name>word</name>
    <difficult>0</difficult>
    <bndbox>
      <xmin>349</xmin>
      <ymin>304</ymin>
      <xmax>360</xmax>
      <ymax>314</ymax>
    </bndbox>
  </object>
  <object>
    <name>word</name>
    <difficult>0</difficult>
    <bndbox>
      <xmin>415</xmin>
      <ymin>303</ymin>
      <xmax>433</xmax>
      <ymax>316</ymax>
    </bndbox>
  </object>
  <object>
    <name>word</name>
    <difficult>0</difficult>
    <bndbox>
      <xmin>352</xmin>
      <ymin>332</ymin>
      <xmax>369</xmax>
      <ymax>346</ymax>
    </bndbox>
  </object>
  <object>
    <name>word</name>
    <difficult>0</difficult>
    <bndbox>
      <xmin>507</xmin>
      <ymin>497</ymin>
      <xmax>534</xmax>
      <ymax>515</ymax>
    </bndbox>
  </object>
  <object>
    <name>word</name>
    <difficult>0</difficult>
    <bndbox>
      <xmin>563</xmin>
      <ymin>478</ymin>
      <xmax>590</xmax>
      <ymax>493</ymax>
    </bndbox>
  </object>
  <object>
    <name>word</name>
    <difficult>0</difficult>
    <bndbox>
      <xmin>563</xmin>
      <ymin>500</ymin>
      <xmax>590</xmax>
      <ymax>515</ymax>
    </bndbox>
  </object>
  <object>
    <name>word</name>
    <difficult>0</difficult>
    <bndbox>
      <xmin>563</xmin>
      <ymin>521</ymin>
      <xmax>591</xmax>
      <ymax>538</ymax>
    </bndbox>
  </object>
  <object>
    <name>word</name>
    <difficult>0</difficult>
    <bndbox>
      <xmin>451</xmin>
      <ymin>475</ymin>
      <xmax>479</xmax>
      <ymax>495</ymax>
    </bndbox>
  </object>
  <object>
    <name>word</name>
    <difficult>0</difficult>
    <bndbox>
      <xmin>454</xmin>
      <ymin>500</ymin>
      <xmax>478</xmax>
      <ymax>515</ymax>
    </bndbox>
  </object>
  <object>
    <name>word</name>
    <difficult>0</difficult>
    <bndbox>
      <xmin>453</xmin>
      <ymin>521</ymin>
      <xmax>480</xmax>
      <ymax>538</ymax>
    </bndbox>
  </object>
  <object>
    <name>word</name>
    <difficult>0</difficult>
    <bndbox>
      <xmin>313</xmin>
      <ymin>473</ymin>
      <xmax>342</xmax>
      <ymax>493</ymax>
    </bndbox>
  </object>
  <object>
    <name>word</name>
    <difficult>0</difficult>
    <bndbox>
      <xmin>316</xmin>
      <ymin>499</ymin>
      <xmax>341</xmax>
      <ymax>514</ymax>
    </bndbox>
  </object>
  <object>
    <name>word</name>
    <difficult>0</difficult>
    <bndbox>
      <xmin>316</xmin>
      <ymin>521</ymin>
      <xmax>341</xmax>
      <ymax>538</ymax>
    </bndbox>
  </object>
  <object>
    <name>word</name>
    <difficult>0</difficult>
    <bndbox>
      <xmin>388</xmin>
      <ymin>496</ymin>
      <xmax>416</xmax>
      <ymax>516</ymax>
    </bndbox>
  </object>
  <object>
    <name>word</name>
    <difficult>0</difficult>
    <bndbox>
      <xmin>137</xmin>
      <ymin>475</ymin>
      <xmax>168</xmax>
      <ymax>490</ymax>
    </bndbox>
  </object>
  <object>
    <name>word</name>
    <difficult>0</difficult>
    <bndbox>
      <xmin>140</xmin>
      <ymin>500</ymin>
      <xmax>165</xmax>
      <ymax>515</ymax>
    </bndbox>
  </object>
  <object>
    <name>word</name>
    <difficult>0</difficult>
    <bndbox>
      <xmin>138</xmin>
      <ymin>521</ymin>
      <xmax>169</xmax>
      <ymax>536</ymax>
    </bndbox>
  </object>
  <object>
    <name>word</name>
    <difficult>0</difficult>
    <bndbox>
      <xmin>138</xmin>
      <ymin>634</ymin>
      <xmax>152</xmax>
      <ymax>647</ymax>
    </bndbox>
  </object>
  <object>
    <name>word</name>
    <difficult>0</difficult>
    <bndbox>
      <xmin>137</xmin>
      <ymin>656</ymin>
      <xmax>152</xmax>
      <ymax>671</ymax>
    </bndbox>
  </object>
  <object>
    <name>word</name>
    <difficult>0</difficult>
    <bndbox>
      <xmin>260</xmin>
      <ymin>658</ymin>
      <xmax>289</xmax>
      <ymax>672</ymax>
    </bndbox>
  </object>
  <object>
    <name>word</name>
    <difficult>0</difficult>
    <bndbox>
      <xmin>508</xmin>
      <ymin>654</ymin>
      <xmax>535</xmax>
      <ymax>672</ymax>
    </bndbox>
  </object>
  <object>
    <name>word</name>
    <difficult>0</difficult>
    <bndbox>
      <xmin>728</xmin>
      <ymin>806</ymin>
      <xmax>746</xmax>
      <ymax>902</ymax>
    </bndbox>
  </object>
  <object>
    <name>word</name>
    <difficult>0</difficult>
    <bndbox>
      <xmin>668</xmin>
      <ymin>13</ymin>
      <xmax>685</xmax>
      <ymax>33</ymax>
    </bndbox>
  </object>
  <object>
    <name>word</name>
    <difficult>0</difficult>
    <bndbox>
      <xmin>686</xmin>
      <ymin>15</ymin>
      <xmax>697</xmax>
      <ymax>30</ymax>
    </bndbox>
  </object>
  <object>
    <name>word</name>
    <difficult>0</difficult>
    <bndbox>
      <xmin>697</xmin>
      <ymin>13</ymin>
      <xmax>712</xmax>
      <ymax>28</ymax>
    </bndbox>
  </object>
  <object>
    <name>word</name>
    <difficult>0</difficult>
    <bndbox>
      <xmin>260</xmin>
      <ymin>73</ymin>
      <xmax>307</xmax>
      <ymax>97</ymax>
    </bndbox>
  </object>
  <object>
    <name>word</name>
    <difficult>0</difficult>
    <bndbox>
      <xmin>313</xmin>
      <ymin>71</ymin>
      <xmax>367</xmax>
      <ymax>96</ymax>
    </bndbox>
  </object>
  <object>
    <name>word</name>
    <difficult>0</difficult>
    <bndbox>
      <xmin>373</xmin>
      <ymin>71</ymin>
      <xmax>408</xmax>
      <ymax>93</ymax>
    </bndbox>
  </object>
  <object>
    <name>word</name>
    <difficult>0</difficult>
    <bndbox>
      <xmin>413</xmin>
      <ymin>71</ymin>
      <xmax>544</xmax>
      <ymax>93</ymax>
    </bndbox>
  </object>
  <object>
    <name>word</name>
    <difficult>0</difficult>
    <bndbox>
      <xmin>145</xmin>
      <ymin>112</ymin>
      <xmax>165</xmax>
      <ymax>130</ymax>
    </bndbox>
  </object>
  <object>
    <name>word</name>
    <difficult>0</difficult>
    <bndbox>
      <xmin>166</xmin>
      <ymin>112</ymin>
      <xmax>183</xmax>
      <ymax>130</ymax>
    </bndbox>
  </object>
  <object>
    <name>word</name>
    <difficult>0</difficult>
    <bndbox>
      <xmin>184</xmin>
      <ymin>113</ymin>
      <xmax>343</xmax>
      <ymax>131</ymax>
    </bndbox>
  </object>
  <object>
    <name>word</name>
    <difficult>0</difficult>
    <bndbox>
      <xmin>137</xmin>
      <ymin>144</ymin>
      <xmax>222</xmax>
      <ymax>164</ymax>
    </bndbox>
  </object>
  <object>
    <name>word</name>
    <difficult>0</difficult>
    <bndbox>
      <xmin>229</xmin>
      <ymin>147</ymin>
      <xmax>240</xmax>
      <ymax>160</ymax>
    </bndbox>
  </object>
  <object>
    <name>word</name>
    <difficult>0</difficult>
    <bndbox>
      <xmin>247</xmin>
      <ymin>144</ymin>
      <xmax>314</xmax>
      <ymax>164</ymax>
    </bndbox>
  </object>
  <object>
    <name>word</name>
    <difficult>0</difficult>
    <bndbox>
      <xmin>323</xmin>
      <ymin>144</ymin>
      <xmax>404</xmax>
      <ymax>166</ymax>
    </bndbox>
  </object>
  <object>
    <name>word</name>
    <difficult>0</difficult>
    <bndbox>
      <xmin>483</xmin>
      <ymin>141</ymin>
      <xmax>522</xmax>
      <ymax>162</ymax>
    </bndbox>
  </object>
  <object>
    <name>word</name>
    <difficult>0</difficult>
    <bndbox>
      <xmin>524</xmin>
      <ymin>142</ymin>
      <xmax>542</xmax>
      <ymax>159</ymax>
    </bndbox>
  </object>
  <object>
    <name>word</name>
    <difficult>0</difficult>
    <bndbox>
      <xmin>74</xmin>
      <ymin>183</ymin>
      <xmax>98</xmax>
      <ymax>196</ymax>
    </bndbox>
  </object>
  <object>
    <name>word</name>
    <difficult>0</difficult>
    <bndbox>
      <xmin>101</xmin>
      <ymin>186</ymin>
      <xmax>144</xmax>
      <ymax>197</ymax>
    </bndbox>
  </object>
  <object>
    <name>word</name>
    <difficult>0</difficult>
    <bndbox>
      <xmin>175</xmin>
      <ymin>176</ymin>
      <xmax>188</xmax>
      <ymax>191</ymax>
    </bndbox>
  </object>
  <object>
    <name>word</name>
    <difficult>0</difficult>
    <bndbox>
      <xmin>183</xmin>
      <ymin>176</ymin>
      <xmax>203</xmax>
      <ymax>193</ymax>
    </bndbox>
  </object>
  <object>
    <name>word</name>
    <difficult>0</difficult>
    <bndbox>
      <xmin>204</xmin>
      <ymin>176</ymin>
      <xmax>231</xmax>
      <ymax>193</ymax>
    </bndbox>
  </object>
  <object>
    <name>word</name>
    <difficult>0</difficult>
    <bndbox>
      <xmin>363</xmin>
      <ymin>173</ymin>
      <xmax>376</xmax>
      <ymax>190</ymax>
    </bndbox>
  </object>
  <object>
    <name>word</name>
    <difficult>0</difficult>
    <bndbox>
      <xmin>378</xmin>
      <ymin>175</ymin>
      <xmax>403</xmax>
      <ymax>195</ymax>
    </bndbox>
  </object>
  <object>
    <name>word</name>
    <difficult>0</difficult>
    <bndbox>
      <xmin>406</xmin>
      <ymin>173</ymin>
      <xmax>434</xmax>
      <ymax>193</ymax>
    </bndbox>
  </object>
  <object>
    <name>word</name>
    <difficult>0</difficult>
    <bndbox>
      <xmin>432</xmin>
      <ymin>172</ymin>
      <xmax>459</xmax>
      <ymax>192</ymax>
    </bndbox>
  </object>
  <object>
    <name>word</name>
    <difficult>0</difficult>
    <bndbox>
      <xmin>459</xmin>
      <ymin>173</ymin>
      <xmax>487</xmax>
      <ymax>193</ymax>
    </bndbox>
  </object>
  <object>
    <name>word</name>
    <difficult>0</difficult>
    <bndbox>
      <xmin>487</xmin>
      <ymin>176</ymin>
      <xmax>515</xmax>
      <ymax>193</ymax>
    </bndbox>
  </object>
  <object>
    <name>word</name>
    <difficult>0</difficult>
    <bndbox>
      <xmin>616</xmin>
      <ymin>173</ymin>
      <xmax>636</xmax>
      <ymax>191</ymax>
    </bndbox>
  </object>
  <object>
    <name>word</name>
    <difficult>0</difficult>
    <bndbox>
      <xmin>638</xmin>
      <ymin>176</ymin>
      <xmax>660</xmax>
      <ymax>194</ymax>
    </bndbox>
  </object>
  <object>
    <name>word</name>
    <difficult>0</difficult>
    <bndbox>
      <xmin>662</xmin>
      <ymin>177</ymin>
      <xmax>690</xmax>
      <ymax>195</ymax>
    </bndbox>
  </object>
  <object>
    <name>word</name>
    <difficult>0</difficult>
    <bndbox>
      <xmin>175</xmin>
      <ymin>205</ymin>
      <xmax>192</xmax>
      <ymax>222</ymax>
    </bndbox>
  </object>
  <object>
    <name>word</name>
    <difficult>0</difficult>
    <bndbox>
      <xmin>203</xmin>
      <ymin>203</ymin>
      <xmax>221</xmax>
      <ymax>223</ymax>
    </bndbox>
  </object>
  <object>
    <name>word</name>
    <difficult>0</difficult>
    <bndbox>
      <xmin>230</xmin>
      <ymin>207</ymin>
      <xmax>266</xmax>
      <ymax>225</ymax>
    </bndbox>
  </object>
  <object>
    <name>word</name>
    <difficult>0</difficult>
    <bndbox>
      <xmin>275</xmin>
      <ymin>208</ymin>
      <xmax>286</xmax>
      <ymax>222</ymax>
    </bndbox>
  </object>
  <object>
    <name>word</name>
    <difficult>0</difficult>
    <bndbox>
      <xmin>292</xmin>
      <ymin>207</ymin>
      <xmax>310</xmax>
      <ymax>222</ymax>
    </bndbox>
  </object>
  <object>
    <name>word</name>
    <difficult>0</difficult>
    <bndbox>
      <xmin>321</xmin>
      <ymin>209</ymin>
      <xmax>339</xmax>
      <ymax>224</ymax>
    </bndbox>
  </object>
  <object>
    <name>word</name>
    <difficult>0</difficult>
    <bndbox>
      <xmin>351</xmin>
      <ymin>207</ymin>
      <xmax>397</xmax>
      <ymax>225</ymax>
    </bndbox>
  </object>
  <object>
    <name>word</name>
    <difficult>0</difficult>
    <bndbox>
      <xmin>535</xmin>
      <ymin>214</ymin>
      <xmax>584</xmax>
      <ymax>231</ymax>
    </bndbox>
  </object>
  <object>
    <name>word</name>
    <difficult>0</difficult>
    <bndbox>
      <xmin>585</xmin>
      <ymin>216</ymin>
      <xmax>610</xmax>
      <ymax>227</ymax>
    </bndbox>
  </object>
  <object>
    <name>word</name>
    <difficult>0</difficult>
    <bndbox>
      <xmin>633</xmin>
      <ymin>205</ymin>
      <xmax>671</xmax>
      <ymax>223</ymax>
    </bndbox>
  </object>
  <object>
    <name>word</name>
    <difficult>0</difficult>
    <bndbox>
      <xmin>673</xmin>
      <ymin>207</ymin>
      <xmax>698</xmax>
      <ymax>224</ymax>
    </bndbox>
  </object>
  <object>
    <name>word</name>
    <difficult>0</difficult>
    <bndbox>
      <xmin>186</xmin>
      <ymin>229</ymin>
      <xmax>361</xmax>
      <ymax>268</ymax>
    </bndbox>
  </object>
  <object>
    <name>word</name>
    <difficult>0</difficult>
    <bndbox>
      <xmin>419</xmin>
      <ymin>229</ymin>
      <xmax>606</xmax>
      <ymax>256</ymax>
    </bndbox>
  </object>
  <object>
    <name>word</name>
    <difficult>0</difficult>
    <bndbox>
      <xmin>77</xmin>
      <ymin>300</ymin>
      <xmax>113</xmax>
      <ymax>317</ymax>
    </bndbox>
  </object>
  <object>
    <name>word</name>
    <difficult>0</difficult>
    <bndbox>
      <xmin>113</xmin>
      <ymin>302</ymin>
      <xmax>127</xmax>
      <ymax>315</ymax>
    </bndbox>
  </object>
  <object>
    <name>word</name>
    <difficult>0</difficult>
    <bndbox>
      <xmin>131</xmin>
      <ymin>302</ymin>
      <xmax>173</xmax>
      <ymax>315</ymax>
    </bndbox>
  </object>
  <object>
    <name>word</name>
    <difficult>0</difficult>
    <bndbox>
      <xmin>75</xmin>
      <ymin>327</ymin>
      <xmax>145</xmax>
      <ymax>342</ymax>
    </bndbox>
  </object>
  <object>
    <name>word</name>
    <difficult>0</difficult>
    <bndbox>
      <xmin>148</xmin>
      <ymin>331</ymin>
      <xmax>177</xmax>
      <ymax>342</ymax>
    </bndbox>
  </object>
  <object>
    <name>word</name>
    <difficult>0</difficult>
    <bndbox>
      <xmin>538</xmin>
      <ymin>331</ymin>
      <xmax>549</xmax>
      <ymax>342</ymax>
    </bndbox>
  </object>
  <object>
    <name>word</name>
    <difficult>0</difficult>
    <bndbox>
      <xmin>557</xmin>
      <ymin>328</ymin>
      <xmax>585</xmax>
      <ymax>342</ymax>
    </bndbox>
  </object>
  <object>
    <name>word</name>
    <difficult>0</difficult>
    <bndbox>
      <xmin>588</xmin>
      <ymin>304</ymin>
      <xmax>602</xmax>
      <ymax>317</ymax>
    </bndbox>
  </object>
  <object>
    <name>word</name>
    <difficult>0</difficult>
    <bndbox>
      <xmin>606</xmin>
      <ymin>303</ymin>
      <xmax>637</xmax>
      <ymax>317</ymax>
    </bndbox>
  </object>
  <object>
    <name>word</name>
    <difficult>0</difficult>
    <bndbox>
      <xmin>75</xmin>
      <ymin>372</ymin>
      <xmax>85</xmax>
      <ymax>385</ymax>
    </bndbox>
  </object>
  <object>
    <name>word</name>
    <difficult>0</difficult>
    <bndbox>
      <xmin>87</xmin>
      <ymin>370</ymin>
      <xmax>146</xmax>
      <ymax>384</ymax>
    </bndbox>
  </object>
  <object>
    <name>word</name>
    <difficult>0</difficult>
    <bndbox>
      <xmin>75</xmin>
      <ymin>406</ymin>
      <xmax>114</xmax>
      <ymax>416</ymax>
    </bndbox>
  </object>
  <object>
    <name>word</name>
    <difficult>0</difficult>
    <bndbox>
      <xmin>116</xmin>
      <ymin>406</ymin>
      <xmax>173</xmax>
      <ymax>417</ymax>
    </bndbox>
  </object>
  <object>
    <name>word</name>
    <difficult>0</difficult>
    <bndbox>
      <xmin>173</xmin>
      <ymin>406</ymin>
      <xmax>194</xmax>
      <ymax>417</ymax>
    </bndbox>
  </object>
  <object>
    <name>word</name>
    <difficult>0</difficult>
    <bndbox>
      <xmin>74</xmin>
      <ymin>416</ymin>
      <xmax>102</xmax>
      <ymax>427</ymax>
    </bndbox>
  </object>
  <object>
    <name>word</name>
    <difficult>0</difficult>
    <bndbox>
      <xmin>103</xmin>
      <ymin>416</ymin>
      <xmax>123</xmax>
      <ymax>426</ymax>
    </bndbox>
  </object>
  <object>
    <name>word</name>
    <difficult>0</difficult>
    <bndbox>
      <xmin>124</xmin>
      <ymin>416</ymin>
      <xmax>137</xmax>
      <ymax>427</ymax>
    </bndbox>
  </object>
  <object>
    <name>word</name>
    <difficult>0</difficult>
    <bndbox>
      <xmin>137</xmin>
      <ymin>416</ymin>
      <xmax>180</xmax>
      <ymax>427</ymax>
    </bndbox>
  </object>
  <object>
    <name>word</name>
    <difficult>0</difficult>
    <bndbox>
      <xmin>249</xmin>
      <ymin>388</ymin>
      <xmax>259</xmax>
      <ymax>399</ymax>
    </bndbox>
  </object>
  <object>
    <name>word</name>
    <difficult>0</difficult>
    <bndbox>
      <xmin>260</xmin>
      <ymin>388</ymin>
      <xmax>268</xmax>
      <ymax>399</ymax>
    </bndbox>
  </object>
  <object>
    <name>word</name>
    <difficult>0</difficult>
    <bndbox>
      <xmin>268</xmin>
      <ymin>390</ymin>
      <xmax>276</xmax>
      <ymax>398</ymax>
    </bndbox>
  </object>
  <object>
    <name>word</name>
    <difficult>0</difficult>
    <bndbox>
      <xmin>310</xmin>
      <ymin>388</ymin>
      <xmax>320</xmax>
      <ymax>398</ymax>
    </bndbox>
  </object>
  <object>
    <name>word</name>
    <difficult>0</difficult>
    <bndbox>
      <xmin>320</xmin>
      <ymin>388</ymin>
      <xmax>327</xmax>
      <ymax>398</ymax>
    </bndbox>
  </object>
  <object>
    <name>word</name>
    <difficult>0</difficult>
    <bndbox>
      <xmin>328</xmin>
      <ymin>390</ymin>
      <xmax>335</xmax>
      <ymax>400</ymax>
    </bndbox>
  </object>
  <object>
    <name>word</name>
    <difficult>0</difficult>
    <bndbox>
      <xmin>373</xmin>
      <ymin>388</ymin>
      <xmax>381</xmax>
      <ymax>398</ymax>
    </bndbox>
  </object>
  <object>
    <name>word</name>
    <difficult>0</difficult>
    <bndbox>
      <xmin>381</xmin>
      <ymin>390</ymin>
      <xmax>391</xmax>
      <ymax>400</ymax>
    </bndbox>
  </object>
  <object>
    <name>word</name>
    <difficult>0</difficult>
    <bndbox>
      <xmin>391</xmin>
      <ymin>388</ymin>
      <xmax>398</xmax>
      <ymax>398</ymax>
    </bndbox>
  </object>
  <object>
    <name>word</name>
    <difficult>0</difficult>
    <bndbox>
      <xmin>433</xmin>
      <ymin>391</ymin>
      <xmax>441</xmax>
      <ymax>398</ymax>
    </bndbox>
  </object>
  <object>
    <name>word</name>
    <difficult>0</difficult>
    <bndbox>
      <xmin>443</xmin>
      <ymin>390</ymin>
      <xmax>451</xmax>
      <ymax>398</ymax>
    </bndbox>
  </object>
  <object>
    <name>word</name>
    <difficult>0</difficult>
    <bndbox>
      <xmin>451</xmin>
      <ymin>390</ymin>
      <xmax>459</xmax>
      <ymax>401</ymax>
    </bndbox>
  </object>
  <object>
    <name>word</name>
    <difficult>0</difficult>
    <bndbox>
      <xmin>496</xmin>
      <ymin>390</ymin>
      <xmax>506</xmax>
      <ymax>398</ymax>
    </bndbox>
  </object>
  <object>
    <name>word</name>
    <difficult>0</difficult>
    <bndbox>
      <xmin>507</xmin>
      <ymin>390</ymin>
      <xmax>515</xmax>
      <ymax>400</ymax>
    </bndbox>
  </object>
  <object>
    <name>word</name>
    <difficult>0</difficult>
    <bndbox>
      <xmin>514</xmin>
      <ymin>390</ymin>
      <xmax>522</xmax>
      <ymax>398</ymax>
    </bndbox>
  </object>
  <object>
    <name>word</name>
    <difficult>0</difficult>
    <bndbox>
      <xmin>557</xmin>
      <ymin>390</ymin>
      <xmax>567</xmax>
      <ymax>400</ymax>
    </bndbox>
  </object>
  <object>
    <name>word</name>
    <difficult>0</difficult>
    <bndbox>
      <xmin>567</xmin>
      <ymin>391</ymin>
      <xmax>575</xmax>
      <ymax>399</ymax>
    </bndbox>
  </object>
  <object>
    <name>word</name>
    <difficult>0</difficult>
    <bndbox>
      <xmin>575</xmin>
      <ymin>390</ymin>
      <xmax>583</xmax>
      <ymax>400</ymax>
    </bndbox>
  </object>
  <object>
    <name>word</name>
    <difficult>0</difficult>
    <bndbox>
      <xmin>624</xmin>
      <ymin>390</ymin>
      <xmax>634</xmax>
      <ymax>401</ymax>
    </bndbox>
  </object>
  <object>
    <name>word</name>
    <difficult>0</difficult>
    <bndbox>
      <xmin>634</xmin>
      <ymin>391</ymin>
      <xmax>642</xmax>
      <ymax>399</ymax>
    </bndbox>
  </object>
  <object>
    <name>word</name>
    <difficult>0</difficult>
    <bndbox>
      <xmin>642</xmin>
      <ymin>390</ymin>
      <xmax>650</xmax>
      <ymax>400</ymax>
    </bndbox>
  </object>
  <object>
    <name>word</name>
    <difficult>0</difficult>
    <bndbox>
      <xmin>684</xmin>
      <ymin>390</ymin>
      <xmax>694</xmax>
      <ymax>401</ymax>
    </bndbox>
  </object>
  <object>
    <name>word</name>
    <difficult>0</difficult>
    <bndbox>
      <xmin>694</xmin>
      <ymin>391</ymin>
      <xmax>702</xmax>
      <ymax>399</ymax>
    </bndbox>
  </object>
  <object>
    <name>word</name>
    <difficult>0</difficult>
    <bndbox>
      <xmin>703</xmin>
      <ymin>390</ymin>
      <xmax>711</xmax>
      <ymax>400</ymax>
    </bndbox>
  </object>
  <object>
    <name>word</name>
    <difficult>0</difficult>
    <bndbox>
      <xmin>239</xmin>
      <ymin>422</ymin>
      <xmax>250</xmax>
      <ymax>436</ymax>
    </bndbox>
  </object>
  <object>
    <name>word</name>
    <difficult>0</difficult>
    <bndbox>
      <xmin>251</xmin>
      <ymin>419</ymin>
      <xmax>279</xmax>
      <ymax>439</ymax>
    </bndbox>
  </object>
  <object>
    <name>word</name>
    <difficult>0</difficult>
    <bndbox>
      <xmin>300</xmin>
      <ymin>420</ymin>
      <xmax>313</xmax>
      <ymax>434</ymax>
    </bndbox>
  </object>
  <object>
    <name>word</name>
    <difficult>0</difficult>
    <bndbox>
      <xmin>314</xmin>
      <ymin>418</ymin>
      <xmax>343</xmax>
      <ymax>438</ymax>
    </bndbox>
  </object>
  <object>
    <name>word</name>
    <difficult>0</difficult>
    <bndbox>
      <xmin>359</xmin>
      <ymin>420</ymin>
      <xmax>387</xmax>
      <ymax>437</ymax>
    </bndbox>
  </object>
  <object>
    <name>word</name>
    <difficult>0</difficult>
    <bndbox>
      <xmin>390</xmin>
      <ymin>419</ymin>
      <xmax>414</xmax>
      <ymax>439</ymax>
    </bndbox>
  </object>
  <object>
    <name>word</name>
    <difficult>0</difficult>
    <bndbox>
      <xmin>423</xmin>
      <ymin>422</ymin>
      <xmax>451</xmax>
      <ymax>436</ymax>
    </bndbox>
  </object>
  <object>
    <name>word</name>
    <difficult>0</difficult>
    <bndbox>
      <xmin>453</xmin>
      <ymin>419</ymin>
      <xmax>480</xmax>
      <ymax>437</ymax>
    </bndbox>
  </object>
  <object>
    <name>word</name>
    <difficult>0</difficult>
    <bndbox>
      <xmin>496</xmin>
      <ymin>422</ymin>
      <xmax>507</xmax>
      <ymax>437</ymax>
    </bndbox>
  </object>
  <object>
    <name>word</name>
    <difficult>0</difficult>
    <bndbox>
      <xmin>510</xmin>
      <ymin>422</ymin>
      <xmax>534</xmax>
      <ymax>439</ymax>
    </bndbox>
  </object>
  <object>
    <name>word</name>
    <difficult>0</difficult>
    <bndbox>
      <xmin>543</xmin>
      <ymin>420</ymin>
      <xmax>560</xmax>
      <ymax>435</ymax>
    </bndbox>
  </object>
  <object>
    <name>word</name>
    <difficult>0</difficult>
    <bndbox>
      <xmin>566</xmin>
      <ymin>422</ymin>
      <xmax>590</xmax>
      <ymax>437</ymax>
    </bndbox>
  </object>
  <object>
    <name>word</name>
    <difficult>0</difficult>
    <bndbox>
      <xmin>250</xmin>
      <ymin>497</ymin>
      <xmax>264</xmax>
      <ymax>514</ymax>
    </bndbox>
  </object>
  <object>
    <name>word</name>
    <difficult>0</difficult>
    <bndbox>
      <xmin>270</xmin>
      <ymin>497</ymin>
      <xmax>285</xmax>
      <ymax>517</ymax>
    </bndbox>
  </object>
  <object>
    <name>word</name>
    <difficult>0</difficult>
    <bndbox>
      <xmin>77</xmin>
      <ymin>454</ymin>
      <xmax>124</xmax>
      <ymax>468</ymax>
    </bndbox>
  </object>
  <object>
    <name>word</name>
    <difficult>0</difficult>
    <bndbox>
      <xmin>124</xmin>
      <ymin>457</ymin>
      <xmax>139</xmax>
      <ymax>468</ymax>
    </bndbox>
  </object>
  <object>
    <name>word</name>
    <difficult>0</difficult>
    <bndbox>
      <xmin>138</xmin>
      <ymin>458</ymin>
      <xmax>163</xmax>
      <ymax>468</ymax>
    </bndbox>
  </object>
  <object>
    <name>word</name>
    <difficult>0</difficult>
    <bndbox>
      <xmin>314</xmin>
      <ymin>457</ymin>
      <xmax>361</xmax>
      <ymax>468</ymax>
    </bndbox>
  </object>
  <object>
    <name>word</name>
    <difficult>0</difficult>
    <bndbox>
      <xmin>365</xmin>
      <ymin>457</ymin>
      <xmax>386</xmax>
      <ymax>468</ymax>
    </bndbox>
  </object>
  <object>
    <name>word</name>
    <difficult>0</difficult>
    <bndbox>
      <xmin>398</xmin>
      <ymin>455</ymin>
      <xmax>425</xmax>
      <ymax>469</ymax>
    </bndbox>
  </object>
  <object>
    <name>word</name>
    <difficult>0</difficult>
    <bndbox>
      <xmin>426</xmin>
      <ymin>457</ymin>
      <xmax>524</xmax>
      <ymax>470</ymax>
    </bndbox>
  </object>
  <object>
    <name>word</name>
    <difficult>0</difficult>
    <bndbox>
      <xmin>527</xmin>
      <ymin>457</ymin>
      <xmax>580</xmax>
      <ymax>468</ymax>
    </bndbox>
  </object>
  <object>
    <name>word</name>
    <difficult>0</difficult>
    <bndbox>
      <xmin>582</xmin>
      <ymin>458</ymin>
      <xmax>600</xmax>
      <ymax>466</ymax>
    </bndbox>
  </object>
  <object>
    <name>word</name>
    <difficult>0</difficult>
    <bndbox>
      <xmin>603</xmin>
      <ymin>458</ymin>
      <xmax>631</xmax>
      <ymax>469</ymax>
    </bndbox>
  </object>
  <object>
    <name>word</name>
    <difficult>0</difficult>
    <bndbox>
      <xmin>77</xmin>
      <ymin>585</ymin>
      <xmax>111</xmax>
      <ymax>593</ymax>
    </bndbox>
  </object>
  <object>
    <name>word</name>
    <difficult>0</difficult>
    <bndbox>
      <xmin>115</xmin>
      <ymin>585</ymin>
      <xmax>154</xmax>
      <ymax>593</ymax>
    </bndbox>
  </object>
  <object>
    <name>word</name>
    <difficult>0</difficult>
    <bndbox>
      <xmin>77</xmin>
      <ymin>594</ymin>
      <xmax>91</xmax>
      <ymax>602</ymax>
    </bndbox>
  </object>
  <object>
    <name>word</name>
    <difficult>0</difficult>
    <bndbox>
      <xmin>91</xmin>
      <ymin>595</ymin>
      <xmax>112</xmax>
      <ymax>603</ymax>
    </bndbox>
  </object>
  <object>
    <name>word</name>
    <difficult>0</difficult>
    <bndbox>
      <xmin>77</xmin>
      <ymin>615</ymin>
      <xmax>85</xmax>
      <ymax>623</ymax>
    </bndbox>
  </object>
  <object>
    <name>word</name>
    <difficult>0</difficult>
    <bndbox>
      <xmin>85</xmin>
      <ymin>615</ymin>
      <xmax>166</xmax>
      <ymax>628</ymax>
    </bndbox>
  </object>
  <object>
    <name>word</name>
    <difficult>0</difficult>
    <bndbox>
      <xmin>250</xmin>
      <ymin>633</ymin>
      <xmax>261</xmax>
      <ymax>648</ymax>
    </bndbox>
  </object>
  <object>
    <name>word</name>
    <difficult>0</difficult>
    <bndbox>
      <xmin>263</xmin>
      <ymin>631</ymin>
      <xmax>285</xmax>
      <ymax>651</ymax>
    </bndbox>
  </object>
  <object>
    <name>word</name>
    <difficult>0</difficult>
    <bndbox>
      <xmin>303</xmin>
      <ymin>631</ymin>
      <xmax>314</xmax>
      <ymax>646</ymax>
    </bndbox>
  </object>
  <object>
    <name>word</name>
    <difficult>0</difficult>
    <bndbox>
      <xmin>317</xmin>
      <ymin>633</ymin>
      <xmax>344</xmax>
      <ymax>650</ymax>
    </bndbox>
  </object>
  <object>
    <name>word</name>
    <difficult>0</difficult>
    <bndbox>
      <xmin>366</xmin>
      <ymin>634</ymin>
      <xmax>379</xmax>
      <ymax>648</ymax>
    </bndbox>
  </object>
  <object>
    <name>word</name>
    <difficult>0</difficult>
    <bndbox>
      <xmin>381</xmin>
      <ymin>633</ymin>
      <xmax>410</xmax>
      <ymax>650</ymax>
    </bndbox>
  </object>
  <object>
    <name>word</name>
    <difficult>0</difficult>
    <bndbox>
      <xmin>434</xmin>
      <ymin>634</ymin>
      <xmax>445</xmax>
      <ymax>648</ymax>
    </bndbox>
  </object>
  <object>
    <name>word</name>
    <difficult>0</difficult>
    <bndbox>
      <xmin>443</xmin>
      <ymin>634</ymin>
      <xmax>472</xmax>
      <ymax>649</ymax>
    </bndbox>
  </object>
  <object>
    <name>word</name>
    <difficult>0</difficult>
    <bndbox>
      <xmin>499</xmin>
      <ymin>635</ymin>
      <xmax>510</xmax>
      <ymax>650</ymax>
    </bndbox>
  </object>
  <object>
    <name>word</name>
    <difficult>0</difficult>
    <bndbox>
      <xmin>510</xmin>
      <ymin>631</ymin>
      <xmax>535</xmax>
      <ymax>648</ymax>
    </bndbox>
  </object>
  <object>
    <name>word</name>
    <difficult>0</difficult>
    <bndbox>
      <xmin>553</xmin>
      <ymin>634</ymin>
      <xmax>570</xmax>
      <ymax>649</ymax>
    </bndbox>
  </object>
  <object>
    <name>word</name>
    <difficult>0</difficult>
    <bndbox>
      <xmin>575</xmin>
      <ymin>635</ymin>
      <xmax>599</xmax>
      <ymax>649</ymax>
    </bndbox>
  </object>
  <object>
    <name>word</name>
    <difficult>0</difficult>
    <bndbox>
      <xmin>554</xmin>
      <ymin>655</ymin>
      <xmax>571</xmax>
      <ymax>673</ymax>
    </bndbox>
  </object>
  <object>
    <name>word</name>
    <difficult>0</difficult>
    <bndbox>
      <xmin>571</xmin>
      <ymin>655</ymin>
      <xmax>599</xmax>
      <ymax>672</ymax>
    </bndbox>
  </object>
  <object>
    <name>word</name>
    <difficult>0</difficult>
    <bndbox>
      <xmin>433</xmin>
      <ymin>658</ymin>
      <xmax>446</xmax>
      <ymax>672</ymax>
    </bndbox>
  </object>
  <object>
    <name>word</name>
    <difficult>0</difficult>
    <bndbox>
      <xmin>447</xmin>
      <ymin>656</ymin>
      <xmax>472</xmax>
      <ymax>673</ymax>
    </bndbox>
  </object>
  <object>
    <name>word</name>
    <difficult>0</difficult>
    <bndbox>
      <xmin>369</xmin>
      <ymin>658</ymin>
      <xmax>379</xmax>
      <ymax>673</ymax>
    </bndbox>
  </object>
  <object>
    <name>word</name>
    <difficult>0</difficult>
    <bndbox>
      <xmin>383</xmin>
      <ymin>656</ymin>
      <xmax>408</xmax>
      <ymax>671</ymax>
    </bndbox>
  </object>
  <object>
    <name>word</name>
    <difficult>0</difficult>
    <bndbox>
      <xmin>304</xmin>
      <ymin>656</ymin>
      <xmax>315</xmax>
      <ymax>671</ymax>
    </bndbox>
  </object>
  <object>
    <name>word</name>
    <difficult>0</difficult>
    <bndbox>
      <xmin>318</xmin>
      <ymin>658</ymin>
      <xmax>347</xmax>
      <ymax>672</ymax>
    </bndbox>
  </object>
  <object>
    <name>word</name>
    <difficult>0</difficult>
    <bndbox>
      <xmin>166</xmin>
      <ymin>789</ymin>
      <xmax>205</xmax>
      <ymax>802</ymax>
    </bndbox>
  </object>
  <object>
    <name>word</name>
    <difficult>0</difficult>
    <bndbox>
      <xmin>214</xmin>
      <ymin>788</ymin>
      <xmax>287</xmax>
      <ymax>805</ymax>
    </bndbox>
  </object>
  <object>
    <name>word</name>
    <difficult>0</difficult>
    <bndbox>
      <xmin>295</xmin>
      <ymin>788</ymin>
      <xmax>315</xmax>
      <ymax>803</ymax>
    </bndbox>
  </object>
  <object>
    <name>word</name>
    <difficult>0</difficult>
    <bndbox>
      <xmin>324</xmin>
      <ymin>785</ymin>
      <xmax>377</xmax>
      <ymax>805</ymax>
    </bndbox>
  </object>
  <object>
    <name>word</name>
    <difficult>0</difficult>
    <bndbox>
      <xmin>385</xmin>
      <ymin>788</ymin>
      <xmax>414</xmax>
      <ymax>803</ymax>
    </bndbox>
  </object>
  <object>
    <name>word</name>
    <difficult>0</difficult>
    <bndbox>
      <xmin>415</xmin>
      <ymin>786</ymin>
      <xmax>507</xmax>
      <ymax>806</ymax>
    </bndbox>
  </object>
  <object>
    <name>word</name>
    <difficult>0</difficult>
    <bndbox>
      <xmin>517</xmin>
      <ymin>789</ymin>
      <xmax>537</xmax>
      <ymax>806</ymax>
    </bndbox>
  </object>
  <object>
    <name>word</name>
    <difficult>0</difficult>
    <bndbox>
      <xmin>543</xmin>
      <ymin>786</ymin>
      <xmax>586</xmax>
      <ymax>806</ymax>
    </bndbox>
  </object>
  <object>
    <name>word</name>
    <difficult>0</difficult>
    <bndbox>
      <xmin>591</xmin>
      <ymin>788</ymin>
      <xmax>627</xmax>
      <ymax>809</ymax>
    </bndbox>
  </object>
  <object>
    <name>word</name>
    <difficult>0</difficult>
    <bndbox>
      <xmin>648</xmin>
      <ymin>791</ymin>
      <xmax>711</xmax>
      <ymax>808</ymax>
    </bndbox>
  </object>
  <object>
    <name>word</name>
    <difficult>0</difficult>
    <bndbox>
      <xmin>138</xmin>
      <ymin>832</ymin>
      <xmax>194</xmax>
      <ymax>850</ymax>
    </bndbox>
  </object>
  <object>
    <name>word</name>
    <difficult>0</difficult>
    <bndbox>
      <xmin>201</xmin>
      <ymin>834</ymin>
      <xmax>226</xmax>
      <ymax>852</ymax>
    </bndbox>
  </object>
  <object>
    <name>word</name>
    <difficult>0</difficult>
    <bndbox>
      <xmin>233</xmin>
      <ymin>832</ymin>
      <xmax>262</xmax>
      <ymax>847</ymax>
    </bndbox>
  </object>
  <object>
    <name>word</name>
    <difficult>0</difficult>
    <bndbox>
      <xmin>267</xmin>
      <ymin>834</ymin>
      <xmax>361</xmax>
      <ymax>849</ymax>
    </bndbox>
  </object>
  <object>
    <name>word</name>
    <difficult>0</difficult>
    <bndbox>
      <xmin>377</xmin>
      <ymin>834</ymin>
      <xmax>404</xmax>
      <ymax>848</ymax>
    </bndbox>
  </object>
  <object>
    <name>word</name>
    <difficult>0</difficult>
    <bndbox>
      <xmin>415</xmin>
      <ymin>835</ymin>
      <xmax>433</xmax>
      <ymax>848</ymax>
    </bndbox>
  </object>
  <object>
    <name>word</name>
    <difficult>0</difficult>
    <bndbox>
      <xmin>440</xmin>
      <ymin>832</ymin>
      <xmax>461</xmax>
      <ymax>849</ymax>
    </bndbox>
  </object>
  <object>
    <name>word</name>
    <difficult>0</difficult>
    <bndbox>
      <xmin>469</xmin>
      <ymin>834</ymin>
      <xmax>564</xmax>
      <ymax>851</ymax>
    </bndbox>
  </object>
  <object>
    <name>word</name>
    <difficult>0</difficult>
    <bndbox>
      <xmin>377</xmin>
      <ymin>851</ymin>
      <xmax>406</xmax>
      <ymax>868</ymax>
    </bndbox>
  </object>
  <object>
    <name>word</name>
    <difficult>0</difficult>
    <bndbox>
      <xmin>415</xmin>
      <ymin>851</ymin>
      <xmax>435</xmax>
      <ymax>866</ymax>
    </bndbox>
  </object>
  <object>
    <name>word</name>
    <difficult>0</difficult>
    <bndbox>
      <xmin>444</xmin>
      <ymin>853</ymin>
      <xmax>461</xmax>
      <ymax>870</ymax>
    </bndbox>
  </object>
  <object>
    <name>word</name>
    <difficult>0</difficult>
    <bndbox>
      <xmin>471</xmin>
      <ymin>851</ymin>
      <xmax>512</xmax>
      <ymax>871</ymax>
    </bndbox>
  </object>
  <object>
    <name>word</name>
    <difficult>0</difficult>
    <bndbox>
      <xmin>670</xmin>
      <ymin>947</ymin>
      <xmax>695</xmax>
      <ymax>960</ymax>
    </bndbox>
  </object>
  <object>
    <name>word</name>
    <difficult>0</difficult>
    <bndbox>
      <xmin>698</xmin>
      <ymin>950</ymin>
      <xmax>705</xmax>
      <ymax>960</ymax>
    </bndbox>
  </object>
  <object>
    <name>word</name>
    <difficult>0</difficult>
    <bndbox>
      <xmin>705</xmin>
      <ymin>950</ymin>
      <xmax>730</xmax>
      <ymax>960</ymax>
    </bndbox>
  </object>
  <object>
    <name>word</name>
    <difficult>0</difficult>
    <bndbox>
      <xmin>75</xmin>
      <ymin>946</ymin>
      <xmax>122</xmax>
      <ymax>959</ymax>
    </bndbox>
  </object>
  <object>
    <name>word</name>
    <difficult>0</difficult>
    <bndbox>
      <xmin>124</xmin>
      <ymin>947</ymin>
      <xmax>171</xmax>
      <ymax>957</ymax>
    </bndbox>
  </object>
  <object>
    <name>word</name>
    <difficult>0</difficult>
    <bndbox>
      <xmin>173</xmin>
      <ymin>947</ymin>
      <xmax>207</xmax>
      <ymax>960</ymax>
    </bndbox>
  </object>
</annotation>
