<annotation>
  <folder>VOC2007</folder>
  <filename>71341634.json</filename>
  <owner>
    <name>HengTian</name>
  </owner>
  <size>
    <width>762</width>
    <height>1000</height>
    <depth>1</depth>
  </size>
  <segmented>0</segmented>
  <object>
    <name>word</name>
    <difficult>0</difficult>
    <bndbox>
      <xmin>309</xmin>
      <ymin>74</ymin>
      <xmax>372</xmax>
      <ymax>94</ymax>
    </bndbox>
  </object>
  <object>
    <name>word</name>
    <difficult>0</difficult>
    <bndbox>
      <xmin>378</xmin>
      <ymin>70</ymin>
      <xmax>442</xmax>
      <ymax>91</ymax>
    </bndbox>
  </object>
  <object>
    <name>word</name>
    <difficult>0</difficult>
    <bndbox>
      <xmin>450</xmin>
      <ymin>67</ymin>
      <xmax>520</xmax>
      <ymax>89</ymax>
    </bndbox>
  </object>
  <object>
    <name>word</name>
    <difficult>0</difficult>
    <bndbox>
      <xmin>134</xmin>
      <ymin>122</ymin>
      <xmax>165</xmax>
      <ymax>132</ymax>
    </bndbox>
  </object>
  <object>
    <name>word</name>
    <difficult>0</difficult>
    <bndbox>
      <xmin>166</xmin>
      <ymin>77</ymin>
      <xmax>260</xmax>
      <ymax>101</ymax>
    </bndbox>
  </object>
  <object>
    <name>word</name>
    <difficult>0</difficult>
    <bndbox>
      <xmin>67</xmin>
      <ymin>198</ymin>
      <xmax>109</xmax>
      <ymax>206</ymax>
    </bndbox>
  </object>
  <object>
    <name>word</name>
    <difficult>0</difficult>
    <bndbox>
      <xmin>66</xmin>
      <ymin>212</ymin>
      <xmax>108</xmax>
      <ymax>222</ymax>
    </bndbox>
  </object>
  <object>
    <name>word</name>
    <difficult>0</difficult>
    <bndbox>
      <xmin>584</xmin>
      <ymin>180</ymin>
      <xmax>601</xmax>
      <ymax>190</ymax>
    </bndbox>
  </object>
  <object>
    <name>word</name>
    <difficult>0</difficult>
    <bndbox>
      <xmin>137</xmin>
      <ymin>239</ymin>
      <xmax>154</xmax>
      <ymax>249</ymax>
    </bndbox>
  </object>
  <object>
    <name>word</name>
    <difficult>0</difficult>
    <bndbox>
      <xmin>302</xmin>
      <ymin>232</ymin>
      <xmax>323</xmax>
      <ymax>242</ymax>
    </bndbox>
  </object>
  <object>
    <name>word</name>
    <difficult>0</difficult>
    <bndbox>
      <xmin>309</xmin>
      <ymin>216</ymin>
      <xmax>327</xmax>
      <ymax>227</ymax>
    </bndbox>
  </object>
  <object>
    <name>word</name>
    <difficult>0</difficult>
    <bndbox>
      <xmin>419</xmin>
      <ymin>214</ymin>
      <xmax>448</xmax>
      <ymax>225</ymax>
    </bndbox>
  </object>
  <object>
    <name>word</name>
    <difficult>0</difficult>
    <bndbox>
      <xmin>346</xmin>
      <ymin>289</ymin>
      <xmax>366</xmax>
      <ymax>299</ymax>
    </bndbox>
  </object>
  <object>
    <name>word</name>
    <difficult>0</difficult>
    <bndbox>
      <xmin>372</xmin>
      <ymin>377</ymin>
      <xmax>410</xmax>
      <ymax>388</ymax>
    </bndbox>
  </object>
  <object>
    <name>word</name>
    <difficult>0</difficult>
    <bndbox>
      <xmin>439</xmin>
      <ymin>373</ymin>
      <xmax>466</xmax>
      <ymax>386</ymax>
    </bndbox>
  </object>
  <object>
    <name>word</name>
    <difficult>0</difficult>
    <bndbox>
      <xmin>574</xmin>
      <ymin>369</ymin>
      <xmax>610</xmax>
      <ymax>380</ymax>
    </bndbox>
  </object>
  <object>
    <name>word</name>
    <difficult>0</difficult>
    <bndbox>
      <xmin>254</xmin>
      <ymin>395</ymin>
      <xmax>272</xmax>
      <ymax>406</ymax>
    </bndbox>
  </object>
  <object>
    <name>word</name>
    <difficult>0</difficult>
    <bndbox>
      <xmin>258</xmin>
      <ymin>468</ymin>
      <xmax>275</xmax>
      <ymax>479</ymax>
    </bndbox>
  </object>
  <object>
    <name>word</name>
    <difficult>0</difficult>
    <bndbox>
      <xmin>318</xmin>
      <ymin>392</ymin>
      <xmax>336</xmax>
      <ymax>403</ymax>
    </bndbox>
  </object>
  <object>
    <name>word</name>
    <difficult>0</difficult>
    <bndbox>
      <xmin>318</xmin>
      <ymin>465</ymin>
      <xmax>339</xmax>
      <ymax>478</ymax>
    </bndbox>
  </object>
  <object>
    <name>word</name>
    <difficult>0</difficult>
    <bndbox>
      <xmin>441</xmin>
      <ymin>461</ymin>
      <xmax>468</xmax>
      <ymax>472</ymax>
    </bndbox>
  </object>
  <object>
    <name>word</name>
    <difficult>0</difficult>
    <bndbox>
      <xmin>440</xmin>
      <ymin>390</ymin>
      <xmax>468</xmax>
      <ymax>400</ymax>
    </bndbox>
  </object>
  <object>
    <name>word</name>
    <difficult>0</difficult>
    <bndbox>
      <xmin>366</xmin>
      <ymin>552</ymin>
      <xmax>384</xmax>
      <ymax>565</ymax>
    </bndbox>
  </object>
  <object>
    <name>word</name>
    <difficult>0</difficult>
    <bndbox>
      <xmin>441</xmin>
      <ymin>566</ymin>
      <xmax>479</xmax>
      <ymax>577</ymax>
    </bndbox>
  </object>
  <object>
    <name>word</name>
    <difficult>0</difficult>
    <bndbox>
      <xmin>511</xmin>
      <ymin>563</ymin>
      <xmax>535</xmax>
      <ymax>574</ymax>
    </bndbox>
  </object>
  <object>
    <name>word</name>
    <difficult>0</difficult>
    <bndbox>
      <xmin>554</xmin>
      <ymin>543</ymin>
      <xmax>578</xmax>
      <ymax>553</ymax>
    </bndbox>
  </object>
  <object>
    <name>word</name>
    <difficult>0</difficult>
    <bndbox>
      <xmin>80</xmin>
      <ymin>613</ymin>
      <xmax>129</xmax>
      <ymax>623</ymax>
    </bndbox>
  </object>
  <object>
    <name>word</name>
    <difficult>0</difficult>
    <bndbox>
      <xmin>80</xmin>
      <ymin>628</ymin>
      <xmax>100</xmax>
      <ymax>638</ymax>
    </bndbox>
  </object>
  <object>
    <name>word</name>
    <difficult>0</difficult>
    <bndbox>
      <xmin>302</xmin>
      <ymin>603</ymin>
      <xmax>326</xmax>
      <ymax>617</ymax>
    </bndbox>
  </object>
  <object>
    <name>word</name>
    <difficult>0</difficult>
    <bndbox>
      <xmin>366</xmin>
      <ymin>602</ymin>
      <xmax>405</xmax>
      <ymax>613</ymax>
    </bndbox>
  </object>
  <object>
    <name>word</name>
    <difficult>0</difficult>
    <bndbox>
      <xmin>303</xmin>
      <ymin>620</ymin>
      <xmax>341</xmax>
      <ymax>630</ymax>
    </bndbox>
  </object>
  <object>
    <name>word</name>
    <difficult>0</difficult>
    <bndbox>
      <xmin>246</xmin>
      <ymin>651</ymin>
      <xmax>298</xmax>
      <ymax>662</ymax>
    </bndbox>
  </object>
  <object>
    <name>word</name>
    <difficult>0</difficult>
    <bndbox>
      <xmin>313</xmin>
      <ymin>648</ymin>
      <xmax>358</xmax>
      <ymax>661</ymax>
    </bndbox>
  </object>
  <object>
    <name>word</name>
    <difficult>0</difficult>
    <bndbox>
      <xmin>373</xmin>
      <ymin>645</ymin>
      <xmax>425</xmax>
      <ymax>656</ymax>
    </bndbox>
  </object>
  <object>
    <name>word</name>
    <difficult>0</difficult>
    <bndbox>
      <xmin>443</xmin>
      <ymin>644</ymin>
      <xmax>482</xmax>
      <ymax>654</ymax>
    </bndbox>
  </object>
  <object>
    <name>word</name>
    <difficult>0</difficult>
    <bndbox>
      <xmin>580</xmin>
      <ymin>637</ymin>
      <xmax>616</xmax>
      <ymax>648</ymax>
    </bndbox>
  </object>
  <object>
    <name>word</name>
    <difficult>0</difficult>
    <bndbox>
      <xmin>244</xmin>
      <ymin>795</ymin>
      <xmax>268</xmax>
      <ymax>805</ymax>
    </bndbox>
  </object>
  <object>
    <name>word</name>
    <difficult>0</difficult>
    <bndbox>
      <xmin>489</xmin>
      <ymin>784</ymin>
      <xmax>521</xmax>
      <ymax>797</ymax>
    </bndbox>
  </object>
  <object>
    <name>word</name>
    <difficult>0</difficult>
    <bndbox>
      <xmin>493</xmin>
      <ymin>802</ymin>
      <xmax>522</xmax>
      <ymax>812</ymax>
    </bndbox>
  </object>
  <object>
    <name>word</name>
    <difficult>0</difficult>
    <bndbox>
      <xmin>503</xmin>
      <ymin>816</ymin>
      <xmax>517</xmax>
      <ymax>827</ymax>
    </bndbox>
  </object>
  <object>
    <name>word</name>
    <difficult>0</difficult>
    <bndbox>
      <xmin>570</xmin>
      <ymin>811</ymin>
      <xmax>581</xmax>
      <ymax>824</ymax>
    </bndbox>
  </object>
  <object>
    <name>word</name>
    <difficult>0</difficult>
    <bndbox>
      <xmin>85</xmin>
      <ymin>844</ymin>
      <xmax>138</xmax>
      <ymax>855</ymax>
    </bndbox>
  </object>
  <object>
    <name>word</name>
    <difficult>0</difficult>
    <bndbox>
      <xmin>265</xmin>
      <ymin>74</ymin>
      <xmax>303</xmax>
      <ymax>96</ymax>
    </bndbox>
  </object>
  <object>
    <name>word</name>
    <difficult>0</difficult>
    <bndbox>
      <xmin>468</xmin>
      <ymin>898</ymin>
      <xmax>489</xmax>
      <ymax>913</ymax>
    </bndbox>
  </object>
  <object>
    <name>word</name>
    <difficult>0</difficult>
    <bndbox>
      <xmin>496</xmin>
      <ymin>898</ymin>
      <xmax>516</xmax>
      <ymax>912</ymax>
    </bndbox>
  </object>
  <object>
    <name>word</name>
    <difficult>0</difficult>
    <bndbox>
      <xmin>521</xmin>
      <ymin>898</ymin>
      <xmax>535</xmax>
      <ymax>912</ymax>
    </bndbox>
  </object>
  <object>
    <name>word</name>
    <difficult>0</difficult>
    <bndbox>
      <xmin>535</xmin>
      <ymin>898</ymin>
      <xmax>552</xmax>
      <ymax>912</ymax>
    </bndbox>
  </object>
  <object>
    <name>word</name>
    <difficult>0</difficult>
    <bndbox>
      <xmin>592</xmin>
      <ymin>898</ymin>
      <xmax>626</xmax>
      <ymax>909</ymax>
    </bndbox>
  </object>
  <object>
    <name>word</name>
    <difficult>0</difficult>
    <bndbox>
      <xmin>627</xmin>
      <ymin>897</ymin>
      <xmax>645</xmax>
      <ymax>911</ymax>
    </bndbox>
  </object>
  <object>
    <name>word</name>
    <difficult>0</difficult>
    <bndbox>
      <xmin>1</xmin>
      <ymin>954</ymin>
      <xmax>81</xmax>
      <ymax>964</ymax>
    </bndbox>
  </object>
  <object>
    <name>word</name>
    <difficult>0</difficult>
    <bndbox>
      <xmin>0</xmin>
      <ymin>969</ymin>
      <xmax>68</xmax>
      <ymax>984</ymax>
    </bndbox>
  </object>
  <object>
    <name>word</name>
    <difficult>0</difficult>
    <bndbox>
      <xmin>81</xmin>
      <ymin>966</ymin>
      <xmax>115</xmax>
      <ymax>986</ymax>
    </bndbox>
  </object>
  <object>
    <name>word</name>
    <difficult>0</difficult>
    <bndbox>
      <xmin>120</xmin>
      <ymin>969</ymin>
      <xmax>133</xmax>
      <ymax>980</ymax>
    </bndbox>
  </object>
  <object>
    <name>word</name>
    <difficult>0</difficult>
    <bndbox>
      <xmin>133</xmin>
      <ymin>968</ymin>
      <xmax>141</xmax>
      <ymax>982</ymax>
    </bndbox>
  </object>
  <object>
    <name>word</name>
    <difficult>0</difficult>
    <bndbox>
      <xmin>140</xmin>
      <ymin>968</ymin>
      <xmax>154</xmax>
      <ymax>982</ymax>
    </bndbox>
  </object>
  <object>
    <name>word</name>
    <difficult>0</difficult>
    <bndbox>
      <xmin>158</xmin>
      <ymin>969</ymin>
      <xmax>189</xmax>
      <ymax>982</ymax>
    </bndbox>
  </object>
  <object>
    <name>word</name>
    <difficult>0</difficult>
    <bndbox>
      <xmin>193</xmin>
      <ymin>966</ymin>
      <xmax>231</xmax>
      <ymax>981</ymax>
    </bndbox>
  </object>
  <object>
    <name>word</name>
    <difficult>0</difficult>
    <bndbox>
      <xmin>66</xmin>
      <ymin>908</ymin>
      <xmax>93</xmax>
      <ymax>921</ymax>
    </bndbox>
  </object>
  <object>
    <name>word</name>
    <difficult>0</difficult>
    <bndbox>
      <xmin>96</xmin>
      <ymin>908</ymin>
      <xmax>121</xmax>
      <ymax>923</ymax>
    </bndbox>
  </object>
  <object>
    <name>word</name>
    <difficult>0</difficult>
    <bndbox>
      <xmin>122</xmin>
      <ymin>908</ymin>
      <xmax>143</xmax>
      <ymax>923</ymax>
    </bndbox>
  </object>
  <object>
    <name>word</name>
    <difficult>0</difficult>
    <bndbox>
      <xmin>148</xmin>
      <ymin>908</ymin>
      <xmax>166</xmax>
      <ymax>919</ymax>
    </bndbox>
  </object>
  <object>
    <name>word</name>
    <difficult>0</difficult>
    <bndbox>
      <xmin>166</xmin>
      <ymin>906</ymin>
      <xmax>181</xmax>
      <ymax>919</ymax>
    </bndbox>
  </object>
  <object>
    <name>word</name>
    <difficult>0</difficult>
    <bndbox>
      <xmin>142</xmin>
      <ymin>839</ymin>
      <xmax>157</xmax>
      <ymax>853</ymax>
    </bndbox>
  </object>
  <object>
    <name>word</name>
    <difficult>0</difficult>
    <bndbox>
      <xmin>159</xmin>
      <ymin>841</ymin>
      <xmax>170</xmax>
      <ymax>855</ymax>
    </bndbox>
  </object>
  <object>
    <name>word</name>
    <difficult>0</difficult>
    <bndbox>
      <xmin>170</xmin>
      <ymin>841</ymin>
      <xmax>194</xmax>
      <ymax>852</ymax>
    </bndbox>
  </object>
  <object>
    <name>word</name>
    <difficult>0</difficult>
    <bndbox>
      <xmin>196</xmin>
      <ymin>841</ymin>
      <xmax>239</xmax>
      <ymax>851</ymax>
    </bndbox>
  </object>
  <object>
    <name>word</name>
    <difficult>0</difficult>
    <bndbox>
      <xmin>239</xmin>
      <ymin>839</ymin>
      <xmax>250</xmax>
      <ymax>849</ymax>
    </bndbox>
  </object>
  <object>
    <name>word</name>
    <difficult>0</difficult>
    <bndbox>
      <xmin>250</xmin>
      <ymin>838</ymin>
      <xmax>275</xmax>
      <ymax>852</ymax>
    </bndbox>
  </object>
  <object>
    <name>word</name>
    <difficult>0</difficult>
    <bndbox>
      <xmin>275</xmin>
      <ymin>838</ymin>
      <xmax>295</xmax>
      <ymax>851</ymax>
    </bndbox>
  </object>
  <object>
    <name>word</name>
    <difficult>0</difficult>
    <bndbox>
      <xmin>295</xmin>
      <ymin>837</ymin>
      <xmax>317</xmax>
      <ymax>850</ymax>
    </bndbox>
  </object>
  <object>
    <name>word</name>
    <difficult>0</difficult>
    <bndbox>
      <xmin>433</xmin>
      <ymin>788</ymin>
      <xmax>453</xmax>
      <ymax>799</ymax>
    </bndbox>
  </object>
  <object>
    <name>word</name>
    <difficult>0</difficult>
    <bndbox>
      <xmin>453</xmin>
      <ymin>788</ymin>
      <xmax>489</xmax>
      <ymax>801</ymax>
    </bndbox>
  </object>
  <object>
    <name>word</name>
    <difficult>0</difficult>
    <bndbox>
      <xmin>433</xmin>
      <ymin>802</ymin>
      <xmax>451</xmax>
      <ymax>816</ymax>
    </bndbox>
  </object>
  <object>
    <name>word</name>
    <difficult>0</difficult>
    <bndbox>
      <xmin>453</xmin>
      <ymin>800</ymin>
      <xmax>494</xmax>
      <ymax>815</ymax>
    </bndbox>
  </object>
  <object>
    <name>word</name>
    <difficult>0</difficult>
    <bndbox>
      <xmin>433</xmin>
      <ymin>817</ymin>
      <xmax>474</xmax>
      <ymax>827</ymax>
    </bndbox>
  </object>
  <object>
    <name>word</name>
    <difficult>0</difficult>
    <bndbox>
      <xmin>473</xmin>
      <ymin>817</ymin>
      <xmax>500</xmax>
      <ymax>828</ymax>
    </bndbox>
  </object>
  <object>
    <name>word</name>
    <difficult>0</difficult>
    <bndbox>
      <xmin>307</xmin>
      <ymin>793</ymin>
      <xmax>348</xmax>
      <ymax>803</ymax>
    </bndbox>
  </object>
  <object>
    <name>word</name>
    <difficult>0</difficult>
    <bndbox>
      <xmin>349</xmin>
      <ymin>793</ymin>
      <xmax>363</xmax>
      <ymax>803</ymax>
    </bndbox>
  </object>
  <object>
    <name>word</name>
    <difficult>0</difficult>
    <bndbox>
      <xmin>84</xmin>
      <ymin>799</ymin>
      <xmax>122</xmax>
      <ymax>810</ymax>
    </bndbox>
  </object>
  <object>
    <name>word</name>
    <difficult>0</difficult>
    <bndbox>
      <xmin>123</xmin>
      <ymin>799</ymin>
      <xmax>166</xmax>
      <ymax>810</ymax>
    </bndbox>
  </object>
  <object>
    <name>word</name>
    <difficult>0</difficult>
    <bndbox>
      <xmin>127</xmin>
      <ymin>654</ymin>
      <xmax>163</xmax>
      <ymax>665</ymax>
    </bndbox>
  </object>
  <object>
    <name>word</name>
    <difficult>0</difficult>
    <bndbox>
      <xmin>166</xmin>
      <ymin>654</ymin>
      <xmax>191</xmax>
      <ymax>665</ymax>
    </bndbox>
  </object>
  <object>
    <name>word</name>
    <difficult>0</difficult>
    <bndbox>
      <xmin>496</xmin>
      <ymin>640</ymin>
      <xmax>534</xmax>
      <ymax>651</ymax>
    </bndbox>
  </object>
  <object>
    <name>word</name>
    <difficult>0</difficult>
    <bndbox>
      <xmin>536</xmin>
      <ymin>640</ymin>
      <xmax>556</xmax>
      <ymax>650</ymax>
    </bndbox>
  </object>
  <object>
    <name>word</name>
    <difficult>0</difficult>
    <bndbox>
      <xmin>430</xmin>
      <ymin>616</ymin>
      <xmax>445</xmax>
      <ymax>626</ymax>
    </bndbox>
  </object>
  <object>
    <name>word</name>
    <difficult>0</difficult>
    <bndbox>
      <xmin>450</xmin>
      <ymin>613</ymin>
      <xmax>486</xmax>
      <ymax>626</ymax>
    </bndbox>
  </object>
  <object>
    <name>word</name>
    <difficult>0</difficult>
    <bndbox>
      <xmin>366</xmin>
      <ymin>616</ymin>
      <xmax>394</xmax>
      <ymax>627</ymax>
    </bndbox>
  </object>
  <object>
    <name>word</name>
    <difficult>0</difficult>
    <bndbox>
      <xmin>395</xmin>
      <ymin>616</ymin>
      <xmax>416</xmax>
      <ymax>627</ymax>
    </bndbox>
  </object>
  <object>
    <name>word</name>
    <difficult>0</difficult>
    <bndbox>
      <xmin>427</xmin>
      <ymin>599</ymin>
      <xmax>466</xmax>
      <ymax>614</ymax>
    </bndbox>
  </object>
  <object>
    <name>word</name>
    <difficult>0</difficult>
    <bndbox>
      <xmin>466</xmin>
      <ymin>598</ymin>
      <xmax>494</xmax>
      <ymax>612</ymax>
    </bndbox>
  </object>
  <object>
    <name>word</name>
    <difficult>0</difficult>
    <bndbox>
      <xmin>115</xmin>
      <ymin>577</ymin>
      <xmax>146</xmax>
      <ymax>592</ymax>
    </bndbox>
  </object>
  <object>
    <name>word</name>
    <difficult>0</difficult>
    <bndbox>
      <xmin>148</xmin>
      <ymin>575</ymin>
      <xmax>158</xmax>
      <ymax>590</ymax>
    </bndbox>
  </object>
  <object>
    <name>word</name>
    <difficult>0</difficult>
    <bndbox>
      <xmin>159</xmin>
      <ymin>575</ymin>
      <xmax>202</xmax>
      <ymax>588</ymax>
    </bndbox>
  </object>
  <object>
    <name>word</name>
    <difficult>0</difficult>
    <bndbox>
      <xmin>78</xmin>
      <ymin>561</ymin>
      <xmax>124</xmax>
      <ymax>574</ymax>
    </bndbox>
  </object>
  <object>
    <name>word</name>
    <difficult>0</difficult>
    <bndbox>
      <xmin>127</xmin>
      <ymin>560</ymin>
      <xmax>142</xmax>
      <ymax>571</ymax>
    </bndbox>
  </object>
  <object>
    <name>word</name>
    <difficult>0</difficult>
    <bndbox>
      <xmin>237</xmin>
      <ymin>557</ymin>
      <xmax>266</xmax>
      <ymax>565</ymax>
    </bndbox>
  </object>
  <object>
    <name>word</name>
    <difficult>0</difficult>
    <bndbox>
      <xmin>268</xmin>
      <ymin>553</ymin>
      <xmax>276</xmax>
      <ymax>566</ymax>
    </bndbox>
  </object>
  <object>
    <name>word</name>
    <difficult>0</difficult>
    <bndbox>
      <xmin>281</xmin>
      <ymin>554</ymin>
      <xmax>317</xmax>
      <ymax>564</ymax>
    </bndbox>
  </object>
  <object>
    <name>word</name>
    <difficult>0</difficult>
    <bndbox>
      <xmin>383</xmin>
      <ymin>568</ymin>
      <xmax>397</xmax>
      <ymax>579</ymax>
    </bndbox>
  </object>
  <object>
    <name>word</name>
    <difficult>0</difficult>
    <bndbox>
      <xmin>397</xmin>
      <ymin>568</ymin>
      <xmax>412</xmax>
      <ymax>578</ymax>
    </bndbox>
  </object>
  <object>
    <name>word</name>
    <difficult>0</difficult>
    <bndbox>
      <xmin>412</xmin>
      <ymin>567</ymin>
      <xmax>423</xmax>
      <ymax>577</ymax>
    </bndbox>
  </object>
  <object>
    <name>word</name>
    <difficult>0</difficult>
    <bndbox>
      <xmin>427</xmin>
      <ymin>547</ymin>
      <xmax>477</xmax>
      <ymax>560</ymax>
    </bndbox>
  </object>
  <object>
    <name>word</name>
    <difficult>0</difficult>
    <bndbox>
      <xmin>478</xmin>
      <ymin>547</ymin>
      <xmax>486</xmax>
      <ymax>558</ymax>
    </bndbox>
  </object>
  <object>
    <name>word</name>
    <difficult>0</difficult>
    <bndbox>
      <xmin>492</xmin>
      <ymin>546</ymin>
      <xmax>510</xmax>
      <ymax>557</ymax>
    </bndbox>
  </object>
  <object>
    <name>word</name>
    <difficult>0</difficult>
    <bndbox>
      <xmin>510</xmin>
      <ymin>546</ymin>
      <xmax>521</xmax>
      <ymax>557</ymax>
    </bndbox>
  </object>
  <object>
    <name>word</name>
    <difficult>0</difficult>
    <bndbox>
      <xmin>490</xmin>
      <ymin>500</ymin>
      <xmax>518</xmax>
      <ymax>514</ymax>
    </bndbox>
  </object>
  <object>
    <name>word</name>
    <difficult>0</difficult>
    <bndbox>
      <xmin>521</xmin>
      <ymin>500</ymin>
      <xmax>546</xmax>
      <ymax>513</ymax>
    </bndbox>
  </object>
  <object>
    <name>word</name>
    <difficult>0</difficult>
    <bndbox>
      <xmin>575</xmin>
      <ymin>497</ymin>
      <xmax>600</xmax>
      <ymax>511</ymax>
    </bndbox>
  </object>
  <object>
    <name>word</name>
    <difficult>0</difficult>
    <bndbox>
      <xmin>601</xmin>
      <ymin>496</ymin>
      <xmax>619</xmax>
      <ymax>510</ymax>
    </bndbox>
  </object>
  <object>
    <name>word</name>
    <difficult>0</difficult>
    <bndbox>
      <xmin>619</xmin>
      <ymin>497</ymin>
      <xmax>633</xmax>
      <ymax>510</ymax>
    </bndbox>
  </object>
  <object>
    <name>word</name>
    <difficult>0</difficult>
    <bndbox>
      <xmin>578</xmin>
      <ymin>453</ymin>
      <xmax>599</xmax>
      <ymax>468</ymax>
    </bndbox>
  </object>
  <object>
    <name>word</name>
    <difficult>0</difficult>
    <bndbox>
      <xmin>599</xmin>
      <ymin>454</ymin>
      <xmax>619</xmax>
      <ymax>468</ymax>
    </bndbox>
  </object>
  <object>
    <name>word</name>
    <difficult>0</difficult>
    <bndbox>
      <xmin>619</xmin>
      <ymin>453</ymin>
      <xmax>632</xmax>
      <ymax>467</ymax>
    </bndbox>
  </object>
  <object>
    <name>word</name>
    <difficult>0</difficult>
    <bndbox>
      <xmin>503</xmin>
      <ymin>455</ymin>
      <xmax>518</xmax>
      <ymax>468</ymax>
    </bndbox>
  </object>
  <object>
    <name>word</name>
    <difficult>0</difficult>
    <bndbox>
      <xmin>518</xmin>
      <ymin>455</ymin>
      <xmax>532</xmax>
      <ymax>468</ymax>
    </bndbox>
  </object>
  <object>
    <name>word</name>
    <difficult>0</difficult>
    <bndbox>
      <xmin>377</xmin>
      <ymin>465</ymin>
      <xmax>388</xmax>
      <ymax>475</ymax>
    </bndbox>
  </object>
  <object>
    <name>word</name>
    <difficult>0</difficult>
    <bndbox>
      <xmin>387</xmin>
      <ymin>462</ymin>
      <xmax>404</xmax>
      <ymax>476</ymax>
    </bndbox>
  </object>
  <object>
    <name>word</name>
    <difficult>0</difficult>
    <bndbox>
      <xmin>237</xmin>
      <ymin>513</ymin>
      <xmax>264</xmax>
      <ymax>524</ymax>
    </bndbox>
  </object>
  <object>
    <name>word</name>
    <difficult>0</difficult>
    <bndbox>
      <xmin>267</xmin>
      <ymin>510</ymin>
      <xmax>284</xmax>
      <ymax>521</ymax>
    </bndbox>
  </object>
  <object>
    <name>word</name>
    <difficult>0</difficult>
    <bndbox>
      <xmin>285</xmin>
      <ymin>513</ymin>
      <xmax>300</xmax>
      <ymax>524</ymax>
    </bndbox>
  </object>
  <object>
    <name>word</name>
    <difficult>0</difficult>
    <bndbox>
      <xmin>302</xmin>
      <ymin>510</ymin>
      <xmax>323</xmax>
      <ymax>521</ymax>
    </bndbox>
  </object>
  <object>
    <name>word</name>
    <difficult>0</difficult>
    <bndbox>
      <xmin>77</xmin>
      <ymin>475</ymin>
      <xmax>109</xmax>
      <ymax>485</ymax>
    </bndbox>
  </object>
  <object>
    <name>word</name>
    <difficult>0</difficult>
    <bndbox>
      <xmin>110</xmin>
      <ymin>473</ymin>
      <xmax>121</xmax>
      <ymax>484</ymax>
    </bndbox>
  </object>
  <object>
    <name>word</name>
    <difficult>0</difficult>
    <bndbox>
      <xmin>123</xmin>
      <ymin>471</ymin>
      <xmax>145</xmax>
      <ymax>485</ymax>
    </bndbox>
  </object>
  <object>
    <name>word</name>
    <difficult>0</difficult>
    <bndbox>
      <xmin>145</xmin>
      <ymin>471</ymin>
      <xmax>173</xmax>
      <ymax>485</ymax>
    </bndbox>
  </object>
  <object>
    <name>word</name>
    <difficult>0</difficult>
    <bndbox>
      <xmin>173</xmin>
      <ymin>471</ymin>
      <xmax>222</xmax>
      <ymax>486</ymax>
    </bndbox>
  </object>
  <object>
    <name>word</name>
    <difficult>0</difficult>
    <bndbox>
      <xmin>77</xmin>
      <ymin>518</ymin>
      <xmax>104</xmax>
      <ymax>531</ymax>
    </bndbox>
  </object>
  <object>
    <name>word</name>
    <difficult>0</difficult>
    <bndbox>
      <xmin>108</xmin>
      <ymin>517</ymin>
      <xmax>136</xmax>
      <ymax>528</ymax>
    </bndbox>
  </object>
  <object>
    <name>word</name>
    <difficult>0</difficult>
    <bndbox>
      <xmin>77</xmin>
      <ymin>534</ymin>
      <xmax>112</xmax>
      <ymax>545</ymax>
    </bndbox>
  </object>
  <object>
    <name>word</name>
    <difficult>0</difficult>
    <bndbox>
      <xmin>115</xmin>
      <ymin>532</ymin>
      <xmax>128</xmax>
      <ymax>542</ymax>
    </bndbox>
  </object>
  <object>
    <name>word</name>
    <difficult>0</difficult>
    <bndbox>
      <xmin>128</xmin>
      <ymin>531</ymin>
      <xmax>164</xmax>
      <ymax>542</ymax>
    </bndbox>
  </object>
  <object>
    <name>word</name>
    <difficult>0</difficult>
    <bndbox>
      <xmin>170</xmin>
      <ymin>529</ymin>
      <xmax>191</xmax>
      <ymax>540</ymax>
    </bndbox>
  </object>
  <object>
    <name>word</name>
    <difficult>0</difficult>
    <bndbox>
      <xmin>193</xmin>
      <ymin>527</ymin>
      <xmax>247</xmax>
      <ymax>541</ymax>
    </bndbox>
  </object>
  <object>
    <name>word</name>
    <difficult>0</difficult>
    <bndbox>
      <xmin>85</xmin>
      <ymin>429</ymin>
      <xmax>105</xmax>
      <ymax>440</ymax>
    </bndbox>
  </object>
  <object>
    <name>word</name>
    <difficult>0</difficult>
    <bndbox>
      <xmin>108</xmin>
      <ymin>429</ymin>
      <xmax>161</xmax>
      <ymax>440</ymax>
    </bndbox>
  </object>
  <object>
    <name>word</name>
    <difficult>0</difficult>
    <bndbox>
      <xmin>74</xmin>
      <ymin>399</ymin>
      <xmax>95</xmax>
      <ymax>412</ymax>
    </bndbox>
  </object>
  <object>
    <name>word</name>
    <difficult>0</difficult>
    <bndbox>
      <xmin>96</xmin>
      <ymin>399</ymin>
      <xmax>150</xmax>
      <ymax>410</ymax>
    </bndbox>
  </object>
  <object>
    <name>word</name>
    <difficult>0</difficult>
    <bndbox>
      <xmin>152</xmin>
      <ymin>397</ymin>
      <xmax>212</xmax>
      <ymax>411</ymax>
    </bndbox>
  </object>
  <object>
    <name>word</name>
    <difficult>0</difficult>
    <bndbox>
      <xmin>127</xmin>
      <ymin>372</ymin>
      <xmax>172</xmax>
      <ymax>380</ymax>
    </bndbox>
  </object>
  <object>
    <name>word</name>
    <difficult>0</difficult>
    <bndbox>
      <xmin>138</xmin>
      <ymin>384</ymin>
      <xmax>166</xmax>
      <ymax>397</ymax>
    </bndbox>
  </object>
  <object>
    <name>word</name>
    <difficult>0</difficult>
    <bndbox>
      <xmin>239</xmin>
      <ymin>366</ymin>
      <xmax>285</xmax>
      <ymax>376</ymax>
    </bndbox>
  </object>
  <object>
    <name>word</name>
    <difficult>0</difficult>
    <bndbox>
      <xmin>244</xmin>
      <ymin>381</ymin>
      <xmax>280</xmax>
      <ymax>389</ymax>
    </bndbox>
  </object>
  <object>
    <name>word</name>
    <difficult>0</difficult>
    <bndbox>
      <xmin>303</xmin>
      <ymin>365</ymin>
      <xmax>350</xmax>
      <ymax>375</ymax>
    </bndbox>
  </object>
  <object>
    <name>word</name>
    <difficult>0</difficult>
    <bndbox>
      <xmin>313</xmin>
      <ymin>378</ymin>
      <xmax>340</xmax>
      <ymax>389</ymax>
    </bndbox>
  </object>
  <object>
    <name>word</name>
    <difficult>0</difficult>
    <bndbox>
      <xmin>493</xmin>
      <ymin>372</ymin>
      <xmax>515</xmax>
      <ymax>382</ymax>
    </bndbox>
  </object>
  <object>
    <name>word</name>
    <difficult>0</difficult>
    <bndbox>
      <xmin>518</xmin>
      <ymin>370</ymin>
      <xmax>539</xmax>
      <ymax>381</ymax>
    </bndbox>
  </object>
  <object>
    <name>word</name>
    <difficult>0</difficult>
    <bndbox>
      <xmin>573</xmin>
      <ymin>381</ymin>
      <xmax>597</xmax>
      <ymax>394</ymax>
    </bndbox>
  </object>
  <object>
    <name>word</name>
    <difficult>0</difficult>
    <bndbox>
      <xmin>596</xmin>
      <ymin>383</ymin>
      <xmax>616</xmax>
      <ymax>394</ymax>
    </bndbox>
  </object>
  <object>
    <name>word</name>
    <difficult>0</difficult>
    <bndbox>
      <xmin>616</xmin>
      <ymin>383</ymin>
      <xmax>627</xmax>
      <ymax>394</ymax>
    </bndbox>
  </object>
  <object>
    <name>word</name>
    <difficult>0</difficult>
    <bndbox>
      <xmin>501</xmin>
      <ymin>385</ymin>
      <xmax>515</xmax>
      <ymax>396</ymax>
    </bndbox>
  </object>
  <object>
    <name>word</name>
    <difficult>0</difficult>
    <bndbox>
      <xmin>515</xmin>
      <ymin>384</ymin>
      <xmax>528</xmax>
      <ymax>397</ymax>
    </bndbox>
  </object>
  <object>
    <name>word</name>
    <difficult>0</difficult>
    <bndbox>
      <xmin>373</xmin>
      <ymin>390</ymin>
      <xmax>386</xmax>
      <ymax>401</ymax>
    </bndbox>
  </object>
  <object>
    <name>word</name>
    <difficult>0</difficult>
    <bndbox>
      <xmin>387</xmin>
      <ymin>391</ymin>
      <xmax>405</xmax>
      <ymax>402</ymax>
    </bndbox>
  </object>
  <object>
    <name>word</name>
    <difficult>0</difficult>
    <bndbox>
      <xmin>71</xmin>
      <ymin>328</ymin>
      <xmax>92</xmax>
      <ymax>336</ymax>
    </bndbox>
  </object>
  <object>
    <name>word</name>
    <difficult>0</difficult>
    <bndbox>
      <xmin>92</xmin>
      <ymin>327</ymin>
      <xmax>116</xmax>
      <ymax>337</ymax>
    </bndbox>
  </object>
  <object>
    <name>word</name>
    <difficult>0</difficult>
    <bndbox>
      <xmin>116</xmin>
      <ymin>325</ymin>
      <xmax>127</xmax>
      <ymax>336</ymax>
    </bndbox>
  </object>
  <object>
    <name>word</name>
    <difficult>0</difficult>
    <bndbox>
      <xmin>130</xmin>
      <ymin>323</ymin>
      <xmax>159</xmax>
      <ymax>336</ymax>
    </bndbox>
  </object>
  <object>
    <name>word</name>
    <difficult>0</difficult>
    <bndbox>
      <xmin>159</xmin>
      <ymin>323</ymin>
      <xmax>180</xmax>
      <ymax>336</ymax>
    </bndbox>
  </object>
  <object>
    <name>word</name>
    <difficult>0</difficult>
    <bndbox>
      <xmin>180</xmin>
      <ymin>321</ymin>
      <xmax>208</xmax>
      <ymax>332</ymax>
    </bndbox>
  </object>
  <object>
    <name>word</name>
    <difficult>0</difficult>
    <bndbox>
      <xmin>208</xmin>
      <ymin>321</ymin>
      <xmax>235</xmax>
      <ymax>334</ymax>
    </bndbox>
  </object>
  <object>
    <name>word</name>
    <difficult>0</difficult>
    <bndbox>
      <xmin>236</xmin>
      <ymin>323</ymin>
      <xmax>260</xmax>
      <ymax>333</ymax>
    </bndbox>
  </object>
  <object>
    <name>word</name>
    <difficult>0</difficult>
    <bndbox>
      <xmin>260</xmin>
      <ymin>321</ymin>
      <xmax>271</xmax>
      <ymax>331</ymax>
    </bndbox>
  </object>
  <object>
    <name>word</name>
    <difficult>0</difficult>
    <bndbox>
      <xmin>271</xmin>
      <ymin>320</ymin>
      <xmax>291</xmax>
      <ymax>331</ymax>
    </bndbox>
  </object>
  <object>
    <name>word</name>
    <difficult>0</difficult>
    <bndbox>
      <xmin>291</xmin>
      <ymin>320</ymin>
      <xmax>312</xmax>
      <ymax>331</ymax>
    </bndbox>
  </object>
  <object>
    <name>word</name>
    <difficult>0</difficult>
    <bndbox>
      <xmin>313</xmin>
      <ymin>321</ymin>
      <xmax>324</xmax>
      <ymax>328</ymax>
    </bndbox>
  </object>
  <object>
    <name>word</name>
    <difficult>0</difficult>
    <bndbox>
      <xmin>325</xmin>
      <ymin>317</ymin>
      <xmax>349</xmax>
      <ymax>330</ymax>
    </bndbox>
  </object>
  <object>
    <name>word</name>
    <difficult>0</difficult>
    <bndbox>
      <xmin>349</xmin>
      <ymin>317</ymin>
      <xmax>362</xmax>
      <ymax>328</ymax>
    </bndbox>
  </object>
  <object>
    <name>word</name>
    <difficult>0</difficult>
    <bndbox>
      <xmin>362</xmin>
      <ymin>316</ymin>
      <xmax>377</xmax>
      <ymax>327</ymax>
    </bndbox>
  </object>
  <object>
    <name>word</name>
    <difficult>0</difficult>
    <bndbox>
      <xmin>378</xmin>
      <ymin>314</ymin>
      <xmax>398</xmax>
      <ymax>325</ymax>
    </bndbox>
  </object>
  <object>
    <name>word</name>
    <difficult>0</difficult>
    <bndbox>
      <xmin>398</xmin>
      <ymin>314</ymin>
      <xmax>427</xmax>
      <ymax>327</ymax>
    </bndbox>
  </object>
  <object>
    <name>word</name>
    <difficult>0</difficult>
    <bndbox>
      <xmin>427</xmin>
      <ymin>313</ymin>
      <xmax>449</xmax>
      <ymax>326</ymax>
    </bndbox>
  </object>
  <object>
    <name>word</name>
    <difficult>0</difficult>
    <bndbox>
      <xmin>68</xmin>
      <ymin>286</ymin>
      <xmax>89</xmax>
      <ymax>294</ymax>
    </bndbox>
  </object>
  <object>
    <name>word</name>
    <difficult>0</difficult>
    <bndbox>
      <xmin>92</xmin>
      <ymin>284</ymin>
      <xmax>121</xmax>
      <ymax>297</ymax>
    </bndbox>
  </object>
  <object>
    <name>word</name>
    <difficult>0</difficult>
    <bndbox>
      <xmin>124</xmin>
      <ymin>284</ymin>
      <xmax>159</xmax>
      <ymax>294</ymax>
    </bndbox>
  </object>
  <object>
    <name>word</name>
    <difficult>0</difficult>
    <bndbox>
      <xmin>162</xmin>
      <ymin>284</ymin>
      <xmax>211</xmax>
      <ymax>294</ymax>
    </bndbox>
  </object>
  <object>
    <name>word</name>
    <difficult>0</difficult>
    <bndbox>
      <xmin>212</xmin>
      <ymin>281</ymin>
      <xmax>244</xmax>
      <ymax>292</ymax>
    </bndbox>
  </object>
  <object>
    <name>word</name>
    <difficult>0</difficult>
    <bndbox>
      <xmin>418</xmin>
      <ymin>272</ymin>
      <xmax>443</xmax>
      <ymax>283</ymax>
    </bndbox>
  </object>
  <object>
    <name>word</name>
    <difficult>0</difficult>
    <bndbox>
      <xmin>444</xmin>
      <ymin>271</ymin>
      <xmax>476</xmax>
      <ymax>284</ymax>
    </bndbox>
  </object>
  <object>
    <name>word</name>
    <difficult>0</difficult>
    <bndbox>
      <xmin>478</xmin>
      <ymin>272</ymin>
      <xmax>510</xmax>
      <ymax>282</ymax>
    </bndbox>
  </object>
  <object>
    <name>word</name>
    <difficult>0</difficult>
    <bndbox>
      <xmin>187</xmin>
      <ymin>264</ymin>
      <xmax>221</xmax>
      <ymax>277</ymax>
    </bndbox>
  </object>
  <object>
    <name>word</name>
    <difficult>0</difficult>
    <bndbox>
      <xmin>223</xmin>
      <ymin>263</ymin>
      <xmax>264</xmax>
      <ymax>277</ymax>
    </bndbox>
  </object>
  <object>
    <name>word</name>
    <difficult>0</difficult>
    <bndbox>
      <xmin>265</xmin>
      <ymin>263</ymin>
      <xmax>283</xmax>
      <ymax>274</ymax>
    </bndbox>
  </object>
  <object>
    <name>word</name>
    <difficult>0</difficult>
    <bndbox>
      <xmin>285</xmin>
      <ymin>261</ymin>
      <xmax>327</xmax>
      <ymax>275</ymax>
    </bndbox>
  </object>
  <object>
    <name>word</name>
    <difficult>0</difficult>
    <bndbox>
      <xmin>327</xmin>
      <ymin>258</ymin>
      <xmax>338</xmax>
      <ymax>272</ymax>
    </bndbox>
  </object>
  <object>
    <name>word</name>
    <difficult>0</difficult>
    <bndbox>
      <xmin>338</xmin>
      <ymin>258</ymin>
      <xmax>377</xmax>
      <ymax>272</ymax>
    </bndbox>
  </object>
  <object>
    <name>word</name>
    <difficult>0</difficult>
    <bndbox>
      <xmin>377</xmin>
      <ymin>258</ymin>
      <xmax>404</xmax>
      <ymax>269</ymax>
    </bndbox>
  </object>
  <object>
    <name>word</name>
    <difficult>0</difficult>
    <bndbox>
      <xmin>405</xmin>
      <ymin>256</ymin>
      <xmax>419</xmax>
      <ymax>270</ymax>
    </bndbox>
  </object>
  <object>
    <name>word</name>
    <difficult>0</difficult>
    <bndbox>
      <xmin>420</xmin>
      <ymin>256</ymin>
      <xmax>474</xmax>
      <ymax>271</ymax>
    </bndbox>
  </object>
  <object>
    <name>word</name>
    <difficult>0</difficult>
    <bndbox>
      <xmin>475</xmin>
      <ymin>256</ymin>
      <xmax>509</xmax>
      <ymax>269</ymax>
    </bndbox>
  </object>
  <object>
    <name>word</name>
    <difficult>0</difficult>
    <bndbox>
      <xmin>67</xmin>
      <ymin>183</ymin>
      <xmax>84</xmax>
      <ymax>194</ymax>
    </bndbox>
  </object>
  <object>
    <name>word</name>
    <difficult>0</difficult>
    <bndbox>
      <xmin>87</xmin>
      <ymin>182</ymin>
      <xmax>105</xmax>
      <ymax>195</ymax>
    </bndbox>
  </object>
  <object>
    <name>word</name>
    <difficult>0</difficult>
    <bndbox>
      <xmin>123</xmin>
      <ymin>180</ymin>
      <xmax>180</xmax>
      <ymax>191</ymax>
    </bndbox>
  </object>
  <object>
    <name>word</name>
    <difficult>0</difficult>
    <bndbox>
      <xmin>182</xmin>
      <ymin>176</ymin>
      <xmax>257</xmax>
      <ymax>191</ymax>
    </bndbox>
  </object>
  <object>
    <name>word</name>
    <difficult>0</difficult>
    <bndbox>
      <xmin>120</xmin>
      <ymin>194</ymin>
      <xmax>151</xmax>
      <ymax>205</ymax>
    </bndbox>
  </object>
  <object>
    <name>word</name>
    <difficult>0</difficult>
    <bndbox>
      <xmin>154</xmin>
      <ymin>193</ymin>
      <xmax>201</xmax>
      <ymax>207</ymax>
    </bndbox>
  </object>
  <object>
    <name>word</name>
    <difficult>0</difficult>
    <bndbox>
      <xmin>117</xmin>
      <ymin>208</ymin>
      <xmax>137</xmax>
      <ymax>221</ymax>
    </bndbox>
  </object>
  <object>
    <name>word</name>
    <difficult>0</difficult>
    <bndbox>
      <xmin>140</xmin>
      <ymin>208</ymin>
      <xmax>179</xmax>
      <ymax>221</ymax>
    </bndbox>
  </object>
  <object>
    <name>word</name>
    <difficult>0</difficult>
    <bndbox>
      <xmin>182</xmin>
      <ymin>208</ymin>
      <xmax>211</xmax>
      <ymax>218</ymax>
    </bndbox>
  </object>
  <object>
    <name>word</name>
    <difficult>0</difficult>
    <bndbox>
      <xmin>214</xmin>
      <ymin>207</ymin>
      <xmax>239</xmax>
      <ymax>218</ymax>
    </bndbox>
  </object>
  <object>
    <name>word</name>
    <difficult>0</difficult>
    <bndbox>
      <xmin>242</xmin>
      <ymin>205</ymin>
      <xmax>271</xmax>
      <ymax>216</ymax>
    </bndbox>
  </object>
  <object>
    <name>word</name>
    <difficult>0</difficult>
    <bndbox>
      <xmin>272</xmin>
      <ymin>204</ymin>
      <xmax>290</xmax>
      <ymax>215</ymax>
    </bndbox>
  </object>
  <object>
    <name>word</name>
    <difficult>0</difficult>
    <bndbox>
      <xmin>124</xmin>
      <ymin>225</ymin>
      <xmax>132</xmax>
      <ymax>235</ymax>
    </bndbox>
  </object>
  <object>
    <name>word</name>
    <difficult>0</difficult>
    <bndbox>
      <xmin>135</xmin>
      <ymin>223</ymin>
      <xmax>156</xmax>
      <ymax>234</ymax>
    </bndbox>
  </object>
  <object>
    <name>word</name>
    <difficult>0</difficult>
    <bndbox>
      <xmin>159</xmin>
      <ymin>222</ymin>
      <xmax>219</xmax>
      <ymax>233</ymax>
    </bndbox>
  </object>
  <object>
    <name>word</name>
    <difficult>0</difficult>
    <bndbox>
      <xmin>506</xmin>
      <ymin>166</ymin>
      <xmax>516</xmax>
      <ymax>177</ymax>
    </bndbox>
  </object>
  <object>
    <name>word</name>
    <difficult>0</difficult>
    <bndbox>
      <xmin>517</xmin>
      <ymin>165</ymin>
      <xmax>534</xmax>
      <ymax>179</ymax>
    </bndbox>
  </object>
  <object>
    <name>word</name>
    <difficult>0</difficult>
    <bndbox>
      <xmin>535</xmin>
      <ymin>166</ymin>
      <xmax>541</xmax>
      <ymax>179</ymax>
    </bndbox>
  </object>
  <object>
    <name>word</name>
    <difficult>0</difficult>
    <bndbox>
      <xmin>542</xmin>
      <ymin>163</ymin>
      <xmax>596</xmax>
      <ymax>177</ymax>
    </bndbox>
  </object>
  <object>
    <name>word</name>
    <difficult>0</difficult>
    <bndbox>
      <xmin>511</xmin>
      <ymin>180</ymin>
      <xmax>531</xmax>
      <ymax>193</ymax>
    </bndbox>
  </object>
  <object>
    <name>word</name>
    <difficult>0</difficult>
    <bndbox>
      <xmin>514</xmin>
      <ymin>196</ymin>
      <xmax>524</xmax>
      <ymax>206</ymax>
    </bndbox>
  </object>
  <object>
    <name>word</name>
    <difficult>0</difficult>
    <bndbox>
      <xmin>64</xmin>
      <ymin>122</ymin>
      <xmax>109</xmax>
      <ymax>136</ymax>
    </bndbox>
  </object>
  <object>
    <name>word</name>
    <difficult>0</difficult>
    <bndbox>
      <xmin>112</xmin>
      <ymin>120</ymin>
      <xmax>129</xmax>
      <ymax>134</ymax>
    </bndbox>
  </object>
  <object>
    <name>word</name>
    <difficult>0</difficult>
    <bndbox>
      <xmin>66</xmin>
      <ymin>138</ymin>
      <xmax>90</xmax>
      <ymax>151</ymax>
    </bndbox>
  </object>
  <object>
    <name>word</name>
    <difficult>0</difficult>
    <bndbox>
      <xmin>92</xmin>
      <ymin>137</ymin>
      <xmax>109</xmax>
      <ymax>150</ymax>
    </bndbox>
  </object>
  <object>
    <name>word</name>
    <difficult>0</difficult>
    <bndbox>
      <xmin>61</xmin>
      <ymin>14</ymin>
      <xmax>89</xmax>
      <ymax>28</ymax>
    </bndbox>
  </object>
  <object>
    <name>word</name>
    <difficult>0</difficult>
    <bndbox>
      <xmin>89</xmin>
      <ymin>14</ymin>
      <xmax>107</xmax>
      <ymax>27</ymax>
    </bndbox>
  </object>
  <object>
    <name>word</name>
    <difficult>0</difficult>
    <bndbox>
      <xmin>109</xmin>
      <ymin>14</ymin>
      <xmax>134</xmax>
      <ymax>25</ymax>
    </bndbox>
  </object>
  <object>
    <name>word</name>
    <difficult>0</difficult>
    <bndbox>
      <xmin>147</xmin>
      <ymin>14</ymin>
      <xmax>165</xmax>
      <ymax>25</ymax>
    </bndbox>
  </object>
  <object>
    <name>word</name>
    <difficult>0</difficult>
    <bndbox>
      <xmin>168</xmin>
      <ymin>13</ymin>
      <xmax>185</xmax>
      <ymax>23</ymax>
    </bndbox>
  </object>
  <object>
    <name>word</name>
    <difficult>0</difficult>
    <bndbox>
      <xmin>239</xmin>
      <ymin>11</ymin>
      <xmax>273</xmax>
      <ymax>21</ymax>
    </bndbox>
  </object>
  <object>
    <name>word</name>
    <difficult>0</difficult>
    <bndbox>
      <xmin>277</xmin>
      <ymin>10</ymin>
      <xmax>285</xmax>
      <ymax>21</ymax>
    </bndbox>
  </object>
  <object>
    <name>word</name>
    <difficult>0</difficult>
    <bndbox>
      <xmin>292</xmin>
      <ymin>10</ymin>
      <xmax>319</xmax>
      <ymax>21</ymax>
    </bndbox>
  </object>
  <object>
    <name>word</name>
    <difficult>0</difficult>
    <bndbox>
      <xmin>318</xmin>
      <ymin>8</ymin>
      <xmax>360</xmax>
      <ymax>22</ymax>
    </bndbox>
  </object>
  <object>
    <name>word</name>
    <difficult>0</difficult>
    <bndbox>
      <xmin>237</xmin>
      <ymin>59</ymin>
      <xmax>262</xmax>
      <ymax>69</ymax>
    </bndbox>
  </object>
  <object>
    <name>word</name>
    <difficult>0</difficult>
    <bndbox>
      <xmin>261</xmin>
      <ymin>59</ymin>
      <xmax>271</xmax>
      <ymax>70</ymax>
    </bndbox>
  </object>
  <object>
    <name>word</name>
    <difficult>0</difficult>
    <bndbox>
      <xmin>270</xmin>
      <ymin>59</ymin>
      <xmax>316</xmax>
      <ymax>67</ymax>
    </bndbox>
  </object>
  <object>
    <name>word</name>
    <difficult>0</difficult>
    <bndbox>
      <xmin>316</xmin>
      <ymin>54</ymin>
      <xmax>350</xmax>
      <ymax>68</ymax>
    </bndbox>
  </object>
  <object>
    <name>word</name>
    <difficult>0</difficult>
    <bndbox>
      <xmin>351</xmin>
      <ymin>54</ymin>
      <xmax>397</xmax>
      <ymax>65</ymax>
    </bndbox>
  </object>
  <object>
    <name>word</name>
    <difficult>0</difficult>
    <bndbox>
      <xmin>64</xmin>
      <ymin>67</ymin>
      <xmax>96</xmax>
      <ymax>75</ymax>
    </bndbox>
  </object>
  <object>
    <name>word</name>
    <difficult>0</difficult>
    <bndbox>
      <xmin>99</xmin>
      <ymin>64</ymin>
      <xmax>134</xmax>
      <ymax>75</ymax>
    </bndbox>
  </object>
  <object>
    <name>word</name>
    <difficult>0</difficult>
    <bndbox>
      <xmin>61</xmin>
      <ymin>50</ymin>
      <xmax>75</xmax>
      <ymax>60</ymax>
    </bndbox>
  </object>
  <object>
    <name>word</name>
    <difficult>0</difficult>
    <bndbox>
      <xmin>75</xmin>
      <ymin>52</ymin>
      <xmax>95</xmax>
      <ymax>62</ymax>
    </bndbox>
  </object>
  <object>
    <name>word</name>
    <difficult>0</difficult>
    <bndbox>
      <xmin>96</xmin>
      <ymin>50</ymin>
      <xmax>120</xmax>
      <ymax>61</ymax>
    </bndbox>
  </object>
  <object>
    <name>word</name>
    <difficult>0</difficult>
    <bndbox>
      <xmin>138</xmin>
      <ymin>61</ymin>
      <xmax>148</xmax>
      <ymax>72</ymax>
    </bndbox>
  </object>
  <object>
    <name>word</name>
    <difficult>0</difficult>
    <bndbox>
      <xmin>149</xmin>
      <ymin>64</ymin>
      <xmax>170</xmax>
      <ymax>74</ymax>
    </bndbox>
  </object>
  <object>
    <name>word</name>
    <difficult>0</difficult>
    <bndbox>
      <xmin>304</xmin>
      <ymin>117</ymin>
      <xmax>325</xmax>
      <ymax>125</ymax>
    </bndbox>
  </object>
  <object>
    <name>word</name>
    <difficult>0</difficult>
    <bndbox>
      <xmin>328</xmin>
      <ymin>116</ymin>
      <xmax>356</xmax>
      <ymax>127</ymax>
    </bndbox>
  </object>
  <object>
    <name>word</name>
    <difficult>0</difficult>
    <bndbox>
      <xmin>358</xmin>
      <ymin>115</ymin>
      <xmax>397</xmax>
      <ymax>125</ymax>
    </bndbox>
  </object>
  <object>
    <name>word</name>
    <difficult>0</difficult>
    <bndbox>
      <xmin>318</xmin>
      <ymin>128</ymin>
      <xmax>350</xmax>
      <ymax>141</ymax>
    </bndbox>
  </object>
  <object>
    <name>word</name>
    <difficult>0</difficult>
    <bndbox>
      <xmin>352</xmin>
      <ymin>128</ymin>
      <xmax>394</xmax>
      <ymax>139</ymax>
    </bndbox>
  </object>
  <object>
    <name>word</name>
    <difficult>0</difficult>
    <bndbox>
      <xmin>419</xmin>
      <ymin>110</ymin>
      <xmax>439</xmax>
      <ymax>123</ymax>
    </bndbox>
  </object>
  <object>
    <name>word</name>
    <difficult>0</difficult>
    <bndbox>
      <xmin>440</xmin>
      <ymin>112</ymin>
      <xmax>468</xmax>
      <ymax>122</ymax>
    </bndbox>
  </object>
  <object>
    <name>word</name>
    <difficult>0</difficult>
    <bndbox>
      <xmin>468</xmin>
      <ymin>112</ymin>
      <xmax>485</xmax>
      <ymax>120</ymax>
    </bndbox>
  </object>
  <object>
    <name>word</name>
    <difficult>0</difficult>
    <bndbox>
      <xmin>486</xmin>
      <ymin>110</ymin>
      <xmax>525</xmax>
      <ymax>121</ymax>
    </bndbox>
  </object>
  <object>
    <name>word</name>
    <difficult>0</difficult>
    <bndbox>
      <xmin>525</xmin>
      <ymin>106</ymin>
      <xmax>585</xmax>
      <ymax>119</ymax>
    </bndbox>
  </object>
  <object>
    <name>word</name>
    <difficult>0</difficult>
    <bndbox>
      <xmin>587</xmin>
      <ymin>105</ymin>
      <xmax>600</xmax>
      <ymax>116</ymax>
    </bndbox>
  </object>
  <object>
    <name>word</name>
    <difficult>0</difficult>
    <bndbox>
      <xmin>552</xmin>
      <ymin>123</ymin>
      <xmax>565</xmax>
      <ymax>136</ymax>
    </bndbox>
  </object>
  <object>
    <name>word</name>
    <difficult>0</difficult>
    <bndbox>
      <xmin>575</xmin>
      <ymin>122</ymin>
      <xmax>604</xmax>
      <ymax>135</ymax>
    </bndbox>
  </object>
  <object>
    <name>word</name>
    <difficult>0</difficult>
    <bndbox>
      <xmin>510</xmin>
      <ymin>138</ymin>
      <xmax>538</xmax>
      <ymax>149</ymax>
    </bndbox>
  </object>
  <object>
    <name>word</name>
    <difficult>0</difficult>
    <bndbox>
      <xmin>388</xmin>
      <ymin>229</ymin>
      <xmax>401</xmax>
      <ymax>240</ymax>
    </bndbox>
  </object>
  <object>
    <name>word</name>
    <difficult>0</difficult>
    <bndbox>
      <xmin>402</xmin>
      <ymin>228</ymin>
      <xmax>424</xmax>
      <ymax>239</ymax>
    </bndbox>
  </object>
</annotation>
