<annotation>
  <folder>VOC2007</folder>
  <filename>82253058_3059.json</filename>
  <owner>
    <name>HengTian</name>
  </owner>
  <size>
    <width>754</width>
    <height>1000</height>
    <depth>1</depth>
  </size>
  <segmented>0</segmented>
  <object>
    <name>word</name>
    <difficult>0</difficult>
    <bndbox>
      <xmin>570</xmin>
      <ymin>901</ymin>
      <xmax>672</xmax>
      <ymax>928</ymax>
    </bndbox>
  </object>
  <object>
    <name>word</name>
    <difficult>0</difficult>
    <bndbox>
      <xmin>384</xmin>
      <ymin>63</ymin>
      <xmax>445</xmax>
      <ymax>76</ymax>
    </bndbox>
  </object>
  <object>
    <name>word</name>
    <difficult>0</difficult>
    <bndbox>
      <xmin>94</xmin>
      <ymin>203</ymin>
      <xmax>115</xmax>
      <ymax>217</ymax>
    </bndbox>
  </object>
  <object>
    <name>word</name>
    <difficult>0</difficult>
    <bndbox>
      <xmin>94</xmin>
      <ymin>222</ymin>
      <xmax>133</xmax>
      <ymax>236</ymax>
    </bndbox>
  </object>
  <object>
    <name>word</name>
    <difficult>0</difficult>
    <bndbox>
      <xmin>94</xmin>
      <ymin>242</ymin>
      <xmax>130</xmax>
      <ymax>256</ymax>
    </bndbox>
  </object>
  <object>
    <name>word</name>
    <difficult>0</difficult>
    <bndbox>
      <xmin>288</xmin>
      <ymin>279</ymin>
      <xmax>319</xmax>
      <ymax>293</ymax>
    </bndbox>
  </object>
  <object>
    <name>word</name>
    <difficult>0</difficult>
    <bndbox>
      <xmin>384</xmin>
      <ymin>279</ymin>
      <xmax>416</xmax>
      <ymax>294</ymax>
    </bndbox>
  </object>
  <object>
    <name>word</name>
    <difficult>0</difficult>
    <bndbox>
      <xmin>482</xmin>
      <ymin>279</ymin>
      <xmax>510</xmax>
      <ymax>293</ymax>
    </bndbox>
  </object>
  <object>
    <name>word</name>
    <difficult>0</difficult>
    <bndbox>
      <xmin>581</xmin>
      <ymin>281</ymin>
      <xmax>610</xmax>
      <ymax>295</ymax>
    </bndbox>
  </object>
  <object>
    <name>word</name>
    <difficult>0</difficult>
    <bndbox>
      <xmin>328</xmin>
      <ymin>204</ymin>
      <xmax>433</xmax>
      <ymax>219</ymax>
    </bndbox>
  </object>
  <object>
    <name>word</name>
    <difficult>0</difficult>
    <bndbox>
      <xmin>330</xmin>
      <ymin>223</ymin>
      <xmax>377</xmax>
      <ymax>236</ymax>
    </bndbox>
  </object>
  <object>
    <name>word</name>
    <difficult>0</difficult>
    <bndbox>
      <xmin>637</xmin>
      <ymin>279</ymin>
      <xmax>652</xmax>
      <ymax>294</ymax>
    </bndbox>
  </object>
  <object>
    <name>word</name>
    <difficult>0</difficult>
    <bndbox>
      <xmin>84</xmin>
      <ymin>57</ymin>
      <xmax>102</xmax>
      <ymax>68</ymax>
    </bndbox>
  </object>
  <object>
    <name>word</name>
    <difficult>0</difficult>
    <bndbox>
      <xmin>103</xmin>
      <ymin>56</ymin>
      <xmax>123</xmax>
      <ymax>69</ymax>
    </bndbox>
  </object>
  <object>
    <name>word</name>
    <difficult>0</difficult>
    <bndbox>
      <xmin>123</xmin>
      <ymin>57</ymin>
      <xmax>140</xmax>
      <ymax>68</ymax>
    </bndbox>
  </object>
  <object>
    <name>word</name>
    <difficult>0</difficult>
    <bndbox>
      <xmin>156</xmin>
      <ymin>59</ymin>
      <xmax>176</xmax>
      <ymax>70</ymax>
    </bndbox>
  </object>
  <object>
    <name>word</name>
    <difficult>0</difficult>
    <bndbox>
      <xmin>176</xmin>
      <ymin>59</ymin>
      <xmax>191</xmax>
      <ymax>70</ymax>
    </bndbox>
  </object>
  <object>
    <name>word</name>
    <difficult>0</difficult>
    <bndbox>
      <xmin>218</xmin>
      <ymin>60</ymin>
      <xmax>232</xmax>
      <ymax>73</ymax>
    </bndbox>
  </object>
  <object>
    <name>word</name>
    <difficult>0</difficult>
    <bndbox>
      <xmin>232</xmin>
      <ymin>61</ymin>
      <xmax>252</xmax>
      <ymax>72</ymax>
    </bndbox>
  </object>
  <object>
    <name>word</name>
    <difficult>0</difficult>
    <bndbox>
      <xmin>257</xmin>
      <ymin>61</ymin>
      <xmax>303</xmax>
      <ymax>72</ymax>
    </bndbox>
  </object>
  <object>
    <name>word</name>
    <difficult>0</difficult>
    <bndbox>
      <xmin>647</xmin>
      <ymin>68</ymin>
      <xmax>658</xmax>
      <ymax>82</ymax>
    </bndbox>
  </object>
  <object>
    <name>word</name>
    <difficult>0</difficult>
    <bndbox>
      <xmin>658</xmin>
      <ymin>70</ymin>
      <xmax>685</xmax>
      <ymax>81</ymax>
    </bndbox>
  </object>
  <object>
    <name>word</name>
    <difficult>0</difficult>
    <bndbox>
      <xmin>684</xmin>
      <ymin>71</ymin>
      <xmax>706</xmax>
      <ymax>82</ymax>
    </bndbox>
  </object>
  <object>
    <name>word</name>
    <difficult>0</difficult>
    <bndbox>
      <xmin>221</xmin>
      <ymin>138</ymin>
      <xmax>330</xmax>
      <ymax>152</ymax>
    </bndbox>
  </object>
  <object>
    <name>word</name>
    <difficult>0</difficult>
    <bndbox>
      <xmin>332</xmin>
      <ymin>138</ymin>
      <xmax>412</xmax>
      <ymax>152</ymax>
    </bndbox>
  </object>
  <object>
    <name>word</name>
    <difficult>0</difficult>
    <bndbox>
      <xmin>416</xmin>
      <ymin>137</ymin>
      <xmax>542</xmax>
      <ymax>152</ymax>
    </bndbox>
  </object>
  <object>
    <name>word</name>
    <difficult>0</difficult>
    <bndbox>
      <xmin>300</xmin>
      <ymin>156</ymin>
      <xmax>388</xmax>
      <ymax>170</ymax>
    </bndbox>
  </object>
  <object>
    <name>word</name>
    <difficult>0</difficult>
    <bndbox>
      <xmin>395</xmin>
      <ymin>155</ymin>
      <xmax>461</xmax>
      <ymax>169</ymax>
    </bndbox>
  </object>
  <object>
    <name>word</name>
    <difficult>0</difficult>
    <bndbox>
      <xmin>141</xmin>
      <ymin>203</ymin>
      <xmax>173</xmax>
      <ymax>217</ymax>
    </bndbox>
  </object>
  <object>
    <name>word</name>
    <difficult>0</difficult>
    <bndbox>
      <xmin>176</xmin>
      <ymin>204</ymin>
      <xmax>189</xmax>
      <ymax>218</ymax>
    </bndbox>
  </object>
  <object>
    <name>word</name>
    <difficult>0</difficult>
    <bndbox>
      <xmin>190</xmin>
      <ymin>204</ymin>
      <xmax>205</xmax>
      <ymax>218</ymax>
    </bndbox>
  </object>
  <object>
    <name>word</name>
    <difficult>0</difficult>
    <bndbox>
      <xmin>208</xmin>
      <ymin>203</ymin>
      <xmax>271</xmax>
      <ymax>217</ymax>
    </bndbox>
  </object>
  <object>
    <name>word</name>
    <difficult>0</difficult>
    <bndbox>
      <xmin>439</xmin>
      <ymin>204</ymin>
      <xmax>452</xmax>
      <ymax>218</ymax>
    </bndbox>
  </object>
  <object>
    <name>word</name>
    <difficult>0</difficult>
    <bndbox>
      <xmin>453</xmin>
      <ymin>204</ymin>
      <xmax>467</xmax>
      <ymax>218</ymax>
    </bndbox>
  </object>
  <object>
    <name>word</name>
    <difficult>0</difficult>
    <bndbox>
      <xmin>468</xmin>
      <ymin>204</ymin>
      <xmax>522</xmax>
      <ymax>219</ymax>
    </bndbox>
  </object>
  <object>
    <name>word</name>
    <difficult>0</difficult>
    <bndbox>
      <xmin>383</xmin>
      <ymin>222</ymin>
      <xmax>421</xmax>
      <ymax>237</ymax>
    </bndbox>
  </object>
  <object>
    <name>word</name>
    <difficult>0</difficult>
    <bndbox>
      <xmin>422</xmin>
      <ymin>223</ymin>
      <xmax>469</xmax>
      <ymax>237</ymax>
    </bndbox>
  </object>
  <object>
    <name>word</name>
    <difficult>0</difficult>
    <bndbox>
      <xmin>457</xmin>
      <ymin>240</ymin>
      <xmax>479</xmax>
      <ymax>255</ymax>
    </bndbox>
  </object>
  <object>
    <name>word</name>
    <difficult>0</difficult>
    <bndbox>
      <xmin>479</xmin>
      <ymin>242</ymin>
      <xmax>517</xmax>
      <ymax>256</ymax>
    </bndbox>
  </object>
  <object>
    <name>word</name>
    <difficult>0</difficult>
    <bndbox>
      <xmin>520</xmin>
      <ymin>243</ymin>
      <xmax>544</xmax>
      <ymax>257</ymax>
    </bndbox>
  </object>
  <object>
    <name>word</name>
    <difficult>0</difficult>
    <bndbox>
      <xmin>545</xmin>
      <ymin>243</ymin>
      <xmax>569</xmax>
      <ymax>256</ymax>
    </bndbox>
  </object>
  <object>
    <name>word</name>
    <difficult>0</difficult>
    <bndbox>
      <xmin>571</xmin>
      <ymin>243</ymin>
      <xmax>600</xmax>
      <ymax>257</ymax>
    </bndbox>
  </object>
  <object>
    <name>word</name>
    <difficult>0</difficult>
    <bndbox>
      <xmin>603</xmin>
      <ymin>243</ymin>
      <xmax>627</xmax>
      <ymax>257</ymax>
    </bndbox>
  </object>
  <object>
    <name>word</name>
    <difficult>0</difficult>
    <bndbox>
      <xmin>330</xmin>
      <ymin>242</ymin>
      <xmax>362</xmax>
      <ymax>255</ymax>
    </bndbox>
  </object>
  <object>
    <name>word</name>
    <difficult>0</difficult>
    <bndbox>
      <xmin>365</xmin>
      <ymin>243</ymin>
      <xmax>380</xmax>
      <ymax>256</ymax>
    </bndbox>
  </object>
  <object>
    <name>word</name>
    <difficult>0</difficult>
    <bndbox>
      <xmin>383</xmin>
      <ymin>240</ymin>
      <xmax>450</xmax>
      <ymax>254</ymax>
    </bndbox>
  </object>
  <object>
    <name>word</name>
    <difficult>0</difficult>
    <bndbox>
      <xmin>141</xmin>
      <ymin>222</ymin>
      <xmax>155</xmax>
      <ymax>237</ymax>
    </bndbox>
  </object>
  <object>
    <name>word</name>
    <difficult>0</difficult>
    <bndbox>
      <xmin>154</xmin>
      <ymin>222</ymin>
      <xmax>167</xmax>
      <ymax>236</ymax>
    </bndbox>
  </object>
  <object>
    <name>word</name>
    <difficult>0</difficult>
    <bndbox>
      <xmin>168</xmin>
      <ymin>222</ymin>
      <xmax>196</xmax>
      <ymax>236</ymax>
    </bndbox>
  </object>
  <object>
    <name>word</name>
    <difficult>0</difficult>
    <bndbox>
      <xmin>142</xmin>
      <ymin>240</ymin>
      <xmax>160</xmax>
      <ymax>254</ymax>
    </bndbox>
  </object>
  <object>
    <name>word</name>
    <difficult>0</difficult>
    <bndbox>
      <xmin>158</xmin>
      <ymin>240</ymin>
      <xmax>176</xmax>
      <ymax>254</ymax>
    </bndbox>
  </object>
  <object>
    <name>word</name>
    <difficult>0</difficult>
    <bndbox>
      <xmin>175</xmin>
      <ymin>240</ymin>
      <xmax>190</xmax>
      <ymax>255</ymax>
    </bndbox>
  </object>
  <object>
    <name>word</name>
    <difficult>0</difficult>
    <bndbox>
      <xmin>92</xmin>
      <ymin>278</ymin>
      <xmax>166</xmax>
      <ymax>295</ymax>
    </bndbox>
  </object>
  <object>
    <name>word</name>
    <difficult>0</difficult>
    <bndbox>
      <xmin>168</xmin>
      <ymin>279</ymin>
      <xmax>228</xmax>
      <ymax>293</ymax>
    </bndbox>
  </object>
  <object>
    <name>word</name>
    <difficult>0</difficult>
    <bndbox>
      <xmin>240</xmin>
      <ymin>297</ymin>
      <xmax>293</xmax>
      <ymax>314</ymax>
    </bndbox>
  </object>
  <object>
    <name>word</name>
    <difficult>0</difficult>
    <bndbox>
      <xmin>295</xmin>
      <ymin>300</ymin>
      <xmax>312</xmax>
      <ymax>314</ymax>
    </bndbox>
  </object>
  <object>
    <name>word</name>
    <difficult>0</difficult>
    <bndbox>
      <xmin>313</xmin>
      <ymin>299</ymin>
      <xmax>333</xmax>
      <ymax>313</ymax>
    </bndbox>
  </object>
  <object>
    <name>word</name>
    <difficult>0</difficult>
    <bndbox>
      <xmin>335</xmin>
      <ymin>300</ymin>
      <xmax>359</xmax>
      <ymax>313</ymax>
    </bndbox>
  </object>
  <object>
    <name>word</name>
    <difficult>0</difficult>
    <bndbox>
      <xmin>362</xmin>
      <ymin>299</ymin>
      <xmax>375</xmax>
      <ymax>313</ymax>
    </bndbox>
  </object>
  <object>
    <name>word</name>
    <difficult>0</difficult>
    <bndbox>
      <xmin>376</xmin>
      <ymin>299</ymin>
      <xmax>394</xmax>
      <ymax>313</ymax>
    </bndbox>
  </object>
  <object>
    <name>word</name>
    <difficult>0</difficult>
    <bndbox>
      <xmin>397</xmin>
      <ymin>300</ymin>
      <xmax>453</xmax>
      <ymax>313</ymax>
    </bndbox>
  </object>
  <object>
    <name>word</name>
    <difficult>0</difficult>
    <bndbox>
      <xmin>453</xmin>
      <ymin>300</ymin>
      <xmax>498</xmax>
      <ymax>314</ymax>
    </bndbox>
  </object>
  <object>
    <name>word</name>
    <difficult>0</difficult>
    <bndbox>
      <xmin>92</xmin>
      <ymin>335</ymin>
      <xmax>124</xmax>
      <ymax>349</ymax>
    </bndbox>
  </object>
  <object>
    <name>word</name>
    <difficult>0</difficult>
    <bndbox>
      <xmin>128</xmin>
      <ymin>335</ymin>
      <xmax>177</xmax>
      <ymax>348</ymax>
    </bndbox>
  </object>
  <object>
    <name>word</name>
    <difficult>0</difficult>
    <bndbox>
      <xmin>182</xmin>
      <ymin>335</ymin>
      <xmax>264</xmax>
      <ymax>350</ymax>
    </bndbox>
  </object>
  <object>
    <name>word</name>
    <difficult>0</difficult>
    <bndbox>
      <xmin>282</xmin>
      <ymin>337</ymin>
      <xmax>297</xmax>
      <ymax>351</ymax>
    </bndbox>
  </object>
  <object>
    <name>word</name>
    <difficult>0</difficult>
    <bndbox>
      <xmin>297</xmin>
      <ymin>337</ymin>
      <xmax>310</xmax>
      <ymax>352</ymax>
    </bndbox>
  </object>
  <object>
    <name>word</name>
    <difficult>0</difficult>
    <bndbox>
      <xmin>309</xmin>
      <ymin>337</ymin>
      <xmax>345</xmax>
      <ymax>351</ymax>
    </bndbox>
  </object>
  <object>
    <name>word</name>
    <difficult>0</difficult>
    <bndbox>
      <xmin>346</xmin>
      <ymin>337</ymin>
      <xmax>359</xmax>
      <ymax>350</ymax>
    </bndbox>
  </object>
  <object>
    <name>word</name>
    <difficult>0</difficult>
    <bndbox>
      <xmin>92</xmin>
      <ymin>374</ymin>
      <xmax>130</xmax>
      <ymax>389</ymax>
    </bndbox>
  </object>
  <object>
    <name>word</name>
    <difficult>0</difficult>
    <bndbox>
      <xmin>133</xmin>
      <ymin>374</ymin>
      <xmax>178</xmax>
      <ymax>387</ymax>
    </bndbox>
  </object>
  <object>
    <name>word</name>
    <difficult>0</difficult>
    <bndbox>
      <xmin>194</xmin>
      <ymin>374</ymin>
      <xmax>223</xmax>
      <ymax>389</ymax>
    </bndbox>
  </object>
  <object>
    <name>word</name>
    <difficult>0</difficult>
    <bndbox>
      <xmin>226</xmin>
      <ymin>374</ymin>
      <xmax>236</xmax>
      <ymax>387</ymax>
    </bndbox>
  </object>
  <object>
    <name>word</name>
    <difficult>0</difficult>
    <bndbox>
      <xmin>235</xmin>
      <ymin>376</ymin>
      <xmax>269</xmax>
      <ymax>389</ymax>
    </bndbox>
  </object>
  <object>
    <name>word</name>
    <difficult>0</difficult>
    <bndbox>
      <xmin>295</xmin>
      <ymin>376</ymin>
      <xmax>308</xmax>
      <ymax>389</ymax>
    </bndbox>
  </object>
  <object>
    <name>word</name>
    <difficult>0</difficult>
    <bndbox>
      <xmin>304</xmin>
      <ymin>376</ymin>
      <xmax>315</xmax>
      <ymax>389</ymax>
    </bndbox>
  </object>
  <object>
    <name>word</name>
    <difficult>0</difficult>
    <bndbox>
      <xmin>316</xmin>
      <ymin>374</ymin>
      <xmax>327</xmax>
      <ymax>387</ymax>
    </bndbox>
  </object>
  <object>
    <name>word</name>
    <difficult>0</difficult>
    <bndbox>
      <xmin>366</xmin>
      <ymin>374</ymin>
      <xmax>416</xmax>
      <ymax>389</ymax>
    </bndbox>
  </object>
  <object>
    <name>word</name>
    <difficult>0</difficult>
    <bndbox>
      <xmin>419</xmin>
      <ymin>374</ymin>
      <xmax>492</xmax>
      <ymax>388</ymax>
    </bndbox>
  </object>
  <object>
    <name>word</name>
    <difficult>0</difficult>
    <bndbox>
      <xmin>493</xmin>
      <ymin>374</ymin>
      <xmax>521</xmax>
      <ymax>388</ymax>
    </bndbox>
  </object>
  <object>
    <name>word</name>
    <difficult>0</difficult>
    <bndbox>
      <xmin>524</xmin>
      <ymin>376</ymin>
      <xmax>544</xmax>
      <ymax>390</ymax>
    </bndbox>
  </object>
  <object>
    <name>word</name>
    <difficult>0</difficult>
    <bndbox>
      <xmin>546</xmin>
      <ymin>374</ymin>
      <xmax>591</xmax>
      <ymax>391</ymax>
    </bndbox>
  </object>
  <object>
    <name>word</name>
    <difficult>0</difficult>
    <bndbox>
      <xmin>281</xmin>
      <ymin>412</ymin>
      <xmax>358</xmax>
      <ymax>429</ymax>
    </bndbox>
  </object>
  <object>
    <name>word</name>
    <difficult>0</difficult>
    <bndbox>
      <xmin>360</xmin>
      <ymin>413</ymin>
      <xmax>377</xmax>
      <ymax>424</ymax>
    </bndbox>
  </object>
  <object>
    <name>word</name>
    <difficult>0</difficult>
    <bndbox>
      <xmin>378</xmin>
      <ymin>415</ymin>
      <xmax>396</xmax>
      <ymax>426</ymax>
    </bndbox>
  </object>
  <object>
    <name>word</name>
    <difficult>0</difficult>
    <bndbox>
      <xmin>398</xmin>
      <ymin>415</ymin>
      <xmax>418</xmax>
      <ymax>429</ymax>
    </bndbox>
  </object>
  <object>
    <name>word</name>
    <difficult>0</difficult>
    <bndbox>
      <xmin>422</xmin>
      <ymin>413</ymin>
      <xmax>432</xmax>
      <ymax>427</ymax>
    </bndbox>
  </object>
  <object>
    <name>word</name>
    <difficult>0</difficult>
    <bndbox>
      <xmin>433</xmin>
      <ymin>415</ymin>
      <xmax>489</xmax>
      <ymax>428</ymax>
    </bndbox>
  </object>
  <object>
    <name>word</name>
    <difficult>0</difficult>
    <bndbox>
      <xmin>492</xmin>
      <ymin>415</ymin>
      <xmax>531</xmax>
      <ymax>425</ymax>
    </bndbox>
  </object>
  <object>
    <name>word</name>
    <difficult>0</difficult>
    <bndbox>
      <xmin>534</xmin>
      <ymin>413</ymin>
      <xmax>579</xmax>
      <ymax>427</ymax>
    </bndbox>
  </object>
  <object>
    <name>word</name>
    <difficult>0</difficult>
    <bndbox>
      <xmin>578</xmin>
      <ymin>412</ymin>
      <xmax>602</xmax>
      <ymax>427</ymax>
    </bndbox>
  </object>
  <object>
    <name>word</name>
    <difficult>0</difficult>
    <bndbox>
      <xmin>603</xmin>
      <ymin>413</ymin>
      <xmax>645</xmax>
      <ymax>427</ymax>
    </bndbox>
  </object>
  <object>
    <name>word</name>
    <difficult>0</difficult>
    <bndbox>
      <xmin>91</xmin>
      <ymin>432</ymin>
      <xmax>127</xmax>
      <ymax>443</ymax>
    </bndbox>
  </object>
  <object>
    <name>word</name>
    <difficult>0</difficult>
    <bndbox>
      <xmin>128</xmin>
      <ymin>432</ymin>
      <xmax>169</xmax>
      <ymax>445</ymax>
    </bndbox>
  </object>
  <object>
    <name>word</name>
    <difficult>0</difficult>
    <bndbox>
      <xmin>169</xmin>
      <ymin>433</ymin>
      <xmax>182</xmax>
      <ymax>443</ymax>
    </bndbox>
  </object>
  <object>
    <name>word</name>
    <difficult>0</difficult>
    <bndbox>
      <xmin>182</xmin>
      <ymin>433</ymin>
      <xmax>202</xmax>
      <ymax>443</ymax>
    </bndbox>
  </object>
  <object>
    <name>word</name>
    <difficult>0</difficult>
    <bndbox>
      <xmin>201</xmin>
      <ymin>430</ymin>
      <xmax>237</xmax>
      <ymax>445</ymax>
    </bndbox>
  </object>
  <object>
    <name>word</name>
    <difficult>0</difficult>
    <bndbox>
      <xmin>237</xmin>
      <ymin>432</ymin>
      <xmax>278</xmax>
      <ymax>445</ymax>
    </bndbox>
  </object>
  <object>
    <name>word</name>
    <difficult>0</difficult>
    <bndbox>
      <xmin>284</xmin>
      <ymin>432</ymin>
      <xmax>308</xmax>
      <ymax>445</ymax>
    </bndbox>
  </object>
  <object>
    <name>word</name>
    <difficult>0</difficult>
    <bndbox>
      <xmin>307</xmin>
      <ymin>432</ymin>
      <xmax>346</xmax>
      <ymax>447</ymax>
    </bndbox>
  </object>
  <object>
    <name>word</name>
    <difficult>0</difficult>
    <bndbox>
      <xmin>349</xmin>
      <ymin>432</ymin>
      <xmax>378</xmax>
      <ymax>447</ymax>
    </bndbox>
  </object>
  <object>
    <name>word</name>
    <difficult>0</difficult>
    <bndbox>
      <xmin>381</xmin>
      <ymin>433</ymin>
      <xmax>408</xmax>
      <ymax>447</ymax>
    </bndbox>
  </object>
  <object>
    <name>word</name>
    <difficult>0</difficult>
    <bndbox>
      <xmin>409</xmin>
      <ymin>432</ymin>
      <xmax>431</xmax>
      <ymax>445</ymax>
    </bndbox>
  </object>
  <object>
    <name>word</name>
    <difficult>0</difficult>
    <bndbox>
      <xmin>433</xmin>
      <ymin>433</ymin>
      <xmax>486</xmax>
      <ymax>446</ymax>
    </bndbox>
  </object>
  <object>
    <name>word</name>
    <difficult>0</difficult>
    <bndbox>
      <xmin>487</xmin>
      <ymin>433</ymin>
      <xmax>530</xmax>
      <ymax>444</ymax>
    </bndbox>
  </object>
  <object>
    <name>word</name>
    <difficult>0</difficult>
    <bndbox>
      <xmin>532</xmin>
      <ymin>432</ymin>
      <xmax>577</xmax>
      <ymax>447</ymax>
    </bndbox>
  </object>
  <object>
    <name>word</name>
    <difficult>0</difficult>
    <bndbox>
      <xmin>92</xmin>
      <ymin>411</ymin>
      <xmax>133</xmax>
      <ymax>426</ymax>
    </bndbox>
  </object>
  <object>
    <name>word</name>
    <difficult>0</difficult>
    <bndbox>
      <xmin>138</xmin>
      <ymin>412</ymin>
      <xmax>180</xmax>
      <ymax>427</ymax>
    </bndbox>
  </object>
  <object>
    <name>word</name>
    <difficult>0</difficult>
    <bndbox>
      <xmin>180</xmin>
      <ymin>412</ymin>
      <xmax>272</xmax>
      <ymax>427</ymax>
    </bndbox>
  </object>
  <object>
    <name>word</name>
    <difficult>0</difficult>
    <bndbox>
      <xmin>94</xmin>
      <ymin>487</ymin>
      <xmax>183</xmax>
      <ymax>501</ymax>
    </bndbox>
  </object>
  <object>
    <name>word</name>
    <difficult>0</difficult>
    <bndbox>
      <xmin>189</xmin>
      <ymin>489</ymin>
      <xmax>197</xmax>
      <ymax>502</ymax>
    </bndbox>
  </object>
  <object>
    <name>word</name>
    <difficult>0</difficult>
    <bndbox>
      <xmin>200</xmin>
      <ymin>487</ymin>
      <xmax>287</xmax>
      <ymax>504</ymax>
    </bndbox>
  </object>
  <object>
    <name>word</name>
    <difficult>0</difficult>
    <bndbox>
      <xmin>286</xmin>
      <ymin>487</ymin>
      <xmax>322</xmax>
      <ymax>501</ymax>
    </bndbox>
  </object>
  <object>
    <name>word</name>
    <difficult>0</difficult>
    <bndbox>
      <xmin>327</xmin>
      <ymin>487</ymin>
      <xmax>373</xmax>
      <ymax>500</ymax>
    </bndbox>
  </object>
  <object>
    <name>word</name>
    <difficult>0</difficult>
    <bndbox>
      <xmin>373</xmin>
      <ymin>489</ymin>
      <xmax>409</xmax>
      <ymax>502</ymax>
    </bndbox>
  </object>
  <object>
    <name>word</name>
    <difficult>0</difficult>
    <bndbox>
      <xmin>413</xmin>
      <ymin>487</ymin>
      <xmax>456</xmax>
      <ymax>501</ymax>
    </bndbox>
  </object>
  <object>
    <name>word</name>
    <difficult>0</difficult>
    <bndbox>
      <xmin>91</xmin>
      <ymin>508</ymin>
      <xmax>137</xmax>
      <ymax>522</ymax>
    </bndbox>
  </object>
  <object>
    <name>word</name>
    <difficult>0</difficult>
    <bndbox>
      <xmin>137</xmin>
      <ymin>506</ymin>
      <xmax>145</xmax>
      <ymax>521</ymax>
    </bndbox>
  </object>
  <object>
    <name>word</name>
    <difficult>0</difficult>
    <bndbox>
      <xmin>148</xmin>
      <ymin>508</ymin>
      <xmax>180</xmax>
      <ymax>521</ymax>
    </bndbox>
  </object>
  <object>
    <name>word</name>
    <difficult>0</difficult>
    <bndbox>
      <xmin>179</xmin>
      <ymin>508</ymin>
      <xmax>239</xmax>
      <ymax>521</ymax>
    </bndbox>
  </object>
  <object>
    <name>word</name>
    <difficult>0</difficult>
    <bndbox>
      <xmin>240</xmin>
      <ymin>506</ymin>
      <xmax>254</xmax>
      <ymax>523</ymax>
    </bndbox>
  </object>
  <object>
    <name>word</name>
    <difficult>0</difficult>
    <bndbox>
      <xmin>253</xmin>
      <ymin>508</ymin>
      <xmax>268</xmax>
      <ymax>522</ymax>
    </bndbox>
  </object>
  <object>
    <name>word</name>
    <difficult>0</difficult>
    <bndbox>
      <xmin>268</xmin>
      <ymin>507</ymin>
      <xmax>297</xmax>
      <ymax>522</ymax>
    </bndbox>
  </object>
  <object>
    <name>word</name>
    <difficult>0</difficult>
    <bndbox>
      <xmin>300</xmin>
      <ymin>506</ymin>
      <xmax>349</xmax>
      <ymax>521</ymax>
    </bndbox>
  </object>
  <object>
    <name>word</name>
    <difficult>0</difficult>
    <bndbox>
      <xmin>349</xmin>
      <ymin>507</ymin>
      <xmax>363</xmax>
      <ymax>521</ymax>
    </bndbox>
  </object>
  <object>
    <name>word</name>
    <difficult>0</difficult>
    <bndbox>
      <xmin>363</xmin>
      <ymin>508</ymin>
      <xmax>383</xmax>
      <ymax>521</ymax>
    </bndbox>
  </object>
  <object>
    <name>word</name>
    <difficult>0</difficult>
    <bndbox>
      <xmin>383</xmin>
      <ymin>507</ymin>
      <xmax>422</xmax>
      <ymax>522</ymax>
    </bndbox>
  </object>
  <object>
    <name>word</name>
    <difficult>0</difficult>
    <bndbox>
      <xmin>427</xmin>
      <ymin>508</ymin>
      <xmax>490</xmax>
      <ymax>523</ymax>
    </bndbox>
  </object>
  <object>
    <name>word</name>
    <difficult>0</difficult>
    <bndbox>
      <xmin>492</xmin>
      <ymin>508</ymin>
      <xmax>502</xmax>
      <ymax>521</ymax>
    </bndbox>
  </object>
  <object>
    <name>word</name>
    <difficult>0</difficult>
    <bndbox>
      <xmin>504</xmin>
      <ymin>507</ymin>
      <xmax>536</xmax>
      <ymax>522</ymax>
    </bndbox>
  </object>
  <object>
    <name>word</name>
    <difficult>0</difficult>
    <bndbox>
      <xmin>539</xmin>
      <ymin>507</ymin>
      <xmax>550</xmax>
      <ymax>521</ymax>
    </bndbox>
  </object>
  <object>
    <name>word</name>
    <difficult>0</difficult>
    <bndbox>
      <xmin>550</xmin>
      <ymin>507</ymin>
      <xmax>571</xmax>
      <ymax>522</ymax>
    </bndbox>
  </object>
  <object>
    <name>word</name>
    <difficult>0</difficult>
    <bndbox>
      <xmin>573</xmin>
      <ymin>508</ymin>
      <xmax>600</xmax>
      <ymax>521</ymax>
    </bndbox>
  </object>
  <object>
    <name>word</name>
    <difficult>0</difficult>
    <bndbox>
      <xmin>92</xmin>
      <ymin>582</ymin>
      <xmax>176</xmax>
      <ymax>596</ymax>
    </bndbox>
  </object>
  <object>
    <name>word</name>
    <difficult>0</difficult>
    <bndbox>
      <xmin>177</xmin>
      <ymin>582</ymin>
      <xmax>269</xmax>
      <ymax>595</ymax>
    </bndbox>
  </object>
  <object>
    <name>word</name>
    <difficult>0</difficult>
    <bndbox>
      <xmin>92</xmin>
      <ymin>603</ymin>
      <xmax>145</xmax>
      <ymax>620</ymax>
    </bndbox>
  </object>
  <object>
    <name>word</name>
    <difficult>0</difficult>
    <bndbox>
      <xmin>147</xmin>
      <ymin>603</ymin>
      <xmax>158</xmax>
      <ymax>614</ymax>
    </bndbox>
  </object>
  <object>
    <name>word</name>
    <difficult>0</difficult>
    <bndbox>
      <xmin>159</xmin>
      <ymin>602</ymin>
      <xmax>223</xmax>
      <ymax>616</ymax>
    </bndbox>
  </object>
  <object>
    <name>word</name>
    <difficult>0</difficult>
    <bndbox>
      <xmin>226</xmin>
      <ymin>603</ymin>
      <xmax>272</xmax>
      <ymax>616</ymax>
    </bndbox>
  </object>
  <object>
    <name>word</name>
    <difficult>0</difficult>
    <bndbox>
      <xmin>275</xmin>
      <ymin>603</ymin>
      <xmax>296</xmax>
      <ymax>614</ymax>
    </bndbox>
  </object>
  <object>
    <name>word</name>
    <difficult>0</difficult>
    <bndbox>
      <xmin>296</xmin>
      <ymin>602</ymin>
      <xmax>345</xmax>
      <ymax>616</ymax>
    </bndbox>
  </object>
  <object>
    <name>word</name>
    <difficult>0</difficult>
    <bndbox>
      <xmin>346</xmin>
      <ymin>603</ymin>
      <xmax>357</xmax>
      <ymax>616</ymax>
    </bndbox>
  </object>
  <object>
    <name>word</name>
    <difficult>0</difficult>
    <bndbox>
      <xmin>360</xmin>
      <ymin>603</ymin>
      <xmax>389</xmax>
      <ymax>614</ymax>
    </bndbox>
  </object>
  <object>
    <name>word</name>
    <difficult>0</difficult>
    <bndbox>
      <xmin>392</xmin>
      <ymin>603</ymin>
      <xmax>456</xmax>
      <ymax>616</ymax>
    </bndbox>
  </object>
  <object>
    <name>word</name>
    <difficult>0</difficult>
    <bndbox>
      <xmin>457</xmin>
      <ymin>602</ymin>
      <xmax>489</xmax>
      <ymax>615</ymax>
    </bndbox>
  </object>
  <object>
    <name>word</name>
    <difficult>0</difficult>
    <bndbox>
      <xmin>490</xmin>
      <ymin>603</ymin>
      <xmax>542</xmax>
      <ymax>616</ymax>
    </bndbox>
  </object>
  <object>
    <name>word</name>
    <difficult>0</difficult>
    <bndbox>
      <xmin>543</xmin>
      <ymin>603</ymin>
      <xmax>563</xmax>
      <ymax>617</ymax>
    </bndbox>
  </object>
  <object>
    <name>word</name>
    <difficult>0</difficult>
    <bndbox>
      <xmin>564</xmin>
      <ymin>603</ymin>
      <xmax>607</xmax>
      <ymax>617</ymax>
    </bndbox>
  </object>
  <object>
    <name>word</name>
    <difficult>0</difficult>
    <bndbox>
      <xmin>610</xmin>
      <ymin>603</ymin>
      <xmax>621</xmax>
      <ymax>616</ymax>
    </bndbox>
  </object>
  <object>
    <name>word</name>
    <difficult>0</difficult>
    <bndbox>
      <xmin>623</xmin>
      <ymin>603</ymin>
      <xmax>638</xmax>
      <ymax>616</ymax>
    </bndbox>
  </object>
  <object>
    <name>word</name>
    <difficult>0</difficult>
    <bndbox>
      <xmin>95</xmin>
      <ymin>622</ymin>
      <xmax>141</xmax>
      <ymax>637</ymax>
    </bndbox>
  </object>
  <object>
    <name>word</name>
    <difficult>0</difficult>
    <bndbox>
      <xmin>142</xmin>
      <ymin>620</ymin>
      <xmax>178</xmax>
      <ymax>635</ymax>
    </bndbox>
  </object>
  <object>
    <name>word</name>
    <difficult>0</difficult>
    <bndbox>
      <xmin>183</xmin>
      <ymin>622</ymin>
      <xmax>226</xmax>
      <ymax>636</ymax>
    </bndbox>
  </object>
  <object>
    <name>word</name>
    <difficult>0</difficult>
    <bndbox>
      <xmin>94</xmin>
      <ymin>679</ymin>
      <xmax>140</xmax>
      <ymax>692</ymax>
    </bndbox>
  </object>
  <object>
    <name>word</name>
    <difficult>0</difficult>
    <bndbox>
      <xmin>144</xmin>
      <ymin>682</ymin>
      <xmax>155</xmax>
      <ymax>693</ymax>
    </bndbox>
  </object>
  <object>
    <name>word</name>
    <difficult>0</difficult>
    <bndbox>
      <xmin>156</xmin>
      <ymin>679</ymin>
      <xmax>244</xmax>
      <ymax>693</ymax>
    </bndbox>
  </object>
  <object>
    <name>word</name>
    <difficult>0</difficult>
    <bndbox>
      <xmin>244</xmin>
      <ymin>679</ymin>
      <xmax>347</xmax>
      <ymax>693</ymax>
    </bndbox>
  </object>
  <object>
    <name>word</name>
    <difficult>0</difficult>
    <bndbox>
      <xmin>349</xmin>
      <ymin>679</ymin>
      <xmax>426</xmax>
      <ymax>692</ymax>
    </bndbox>
  </object>
  <object>
    <name>word</name>
    <difficult>0</difficult>
    <bndbox>
      <xmin>94</xmin>
      <ymin>698</ymin>
      <xmax>126</xmax>
      <ymax>712</ymax>
    </bndbox>
  </object>
  <object>
    <name>word</name>
    <difficult>0</difficult>
    <bndbox>
      <xmin>124</xmin>
      <ymin>698</ymin>
      <xmax>187</xmax>
      <ymax>711</ymax>
    </bndbox>
  </object>
  <object>
    <name>word</name>
    <difficult>0</difficult>
    <bndbox>
      <xmin>189</xmin>
      <ymin>698</ymin>
      <xmax>209</xmax>
      <ymax>711</ymax>
    </bndbox>
  </object>
  <object>
    <name>word</name>
    <difficult>0</difficult>
    <bndbox>
      <xmin>211</xmin>
      <ymin>698</ymin>
      <xmax>239</xmax>
      <ymax>711</ymax>
    </bndbox>
  </object>
  <object>
    <name>word</name>
    <difficult>0</difficult>
    <bndbox>
      <xmin>239</xmin>
      <ymin>700</ymin>
      <xmax>263</xmax>
      <ymax>713</ymax>
    </bndbox>
  </object>
  <object>
    <name>word</name>
    <difficult>0</difficult>
    <bndbox>
      <xmin>265</xmin>
      <ymin>698</ymin>
      <xmax>296</xmax>
      <ymax>712</ymax>
    </bndbox>
  </object>
  <object>
    <name>word</name>
    <difficult>0</difficult>
    <bndbox>
      <xmin>92</xmin>
      <ymin>774</ymin>
      <xmax>188</xmax>
      <ymax>789</ymax>
    </bndbox>
  </object>
  <object>
    <name>word</name>
    <difficult>0</difficult>
    <bndbox>
      <xmin>194</xmin>
      <ymin>777</ymin>
      <xmax>204</xmax>
      <ymax>787</ymax>
    </bndbox>
  </object>
  <object>
    <name>word</name>
    <difficult>0</difficult>
    <bndbox>
      <xmin>205</xmin>
      <ymin>775</ymin>
      <xmax>293</xmax>
      <ymax>788</ymax>
    </bndbox>
  </object>
  <object>
    <name>word</name>
    <difficult>0</difficult>
    <bndbox>
      <xmin>292</xmin>
      <ymin>775</ymin>
      <xmax>395</xmax>
      <ymax>786</ymax>
    </bndbox>
  </object>
  <object>
    <name>word</name>
    <difficult>0</difficult>
    <bndbox>
      <xmin>398</xmin>
      <ymin>774</ymin>
      <xmax>473</xmax>
      <ymax>788</ymax>
    </bndbox>
  </object>
  <object>
    <name>word</name>
    <difficult>0</difficult>
    <bndbox>
      <xmin>92</xmin>
      <ymin>795</ymin>
      <xmax>153</xmax>
      <ymax>808</ymax>
    </bndbox>
  </object>
  <object>
    <name>word</name>
    <difficult>0</difficult>
    <bndbox>
      <xmin>155</xmin>
      <ymin>793</ymin>
      <xmax>168</xmax>
      <ymax>807</ymax>
    </bndbox>
  </object>
  <object>
    <name>word</name>
    <difficult>0</difficult>
    <bndbox>
      <xmin>169</xmin>
      <ymin>793</ymin>
      <xmax>200</xmax>
      <ymax>806</ymax>
    </bndbox>
  </object>
  <object>
    <name>word</name>
    <difficult>0</difficult>
    <bndbox>
      <xmin>201</xmin>
      <ymin>793</ymin>
      <xmax>214</xmax>
      <ymax>807</ymax>
    </bndbox>
  </object>
  <object>
    <name>word</name>
    <difficult>0</difficult>
    <bndbox>
      <xmin>215</xmin>
      <ymin>792</ymin>
      <xmax>239</xmax>
      <ymax>807</ymax>
    </bndbox>
  </object>
  <object>
    <name>word</name>
    <difficult>0</difficult>
    <bndbox>
      <xmin>240</xmin>
      <ymin>793</ymin>
      <xmax>279</xmax>
      <ymax>806</ymax>
    </bndbox>
  </object>
  <object>
    <name>word</name>
    <difficult>0</difficult>
    <bndbox>
      <xmin>279</xmin>
      <ymin>793</ymin>
      <xmax>328</xmax>
      <ymax>807</ymax>
    </bndbox>
  </object>
  <object>
    <name>word</name>
    <difficult>0</difficult>
    <bndbox>
      <xmin>328</xmin>
      <ymin>793</ymin>
      <xmax>352</xmax>
      <ymax>806</ymax>
    </bndbox>
  </object>
  <object>
    <name>word</name>
    <difficult>0</difficult>
    <bndbox>
      <xmin>353</xmin>
      <ymin>793</ymin>
      <xmax>366</xmax>
      <ymax>806</ymax>
    </bndbox>
  </object>
  <object>
    <name>word</name>
    <difficult>0</difficult>
    <bndbox>
      <xmin>367</xmin>
      <ymin>792</ymin>
      <xmax>396</xmax>
      <ymax>806</ymax>
    </bndbox>
  </object>
  <object>
    <name>word</name>
    <difficult>0</difficult>
    <bndbox>
      <xmin>398</xmin>
      <ymin>793</ymin>
      <xmax>436</xmax>
      <ymax>804</ymax>
    </bndbox>
  </object>
  <object>
    <name>word</name>
    <difficult>0</difficult>
    <bndbox>
      <xmin>440</xmin>
      <ymin>793</ymin>
      <xmax>464</xmax>
      <ymax>806</ymax>
    </bndbox>
  </object>
  <object>
    <name>word</name>
    <difficult>0</difficult>
    <bndbox>
      <xmin>465</xmin>
      <ymin>795</ymin>
      <xmax>494</xmax>
      <ymax>806</ymax>
    </bndbox>
  </object>
  <object>
    <name>word</name>
    <difficult>0</difficult>
    <bndbox>
      <xmin>64</xmin>
      <ymin>926</ymin>
      <xmax>106</xmax>
      <ymax>940</ymax>
    </bndbox>
  </object>
  <object>
    <name>word</name>
    <difficult>0</difficult>
    <bndbox>
      <xmin>106</xmin>
      <ymin>925</ymin>
      <xmax>135</xmax>
      <ymax>940</ymax>
    </bndbox>
  </object>
  <object>
    <name>word</name>
    <difficult>0</difficult>
    <bndbox>
      <xmin>134</xmin>
      <ymin>925</ymin>
      <xmax>158</xmax>
      <ymax>939</ymax>
    </bndbox>
  </object>
  <object>
    <name>word</name>
    <difficult>0</difficult>
    <bndbox>
      <xmin>348</xmin>
      <ymin>923</ymin>
      <xmax>380</xmax>
      <ymax>938</ymax>
    </bndbox>
  </object>
  <object>
    <name>word</name>
    <difficult>0</difficult>
    <bndbox>
      <xmin>381</xmin>
      <ymin>926</ymin>
      <xmax>389</xmax>
      <ymax>939</ymax>
    </bndbox>
  </object>
  <object>
    <name>word</name>
    <difficult>0</difficult>
    <bndbox>
      <xmin>391</xmin>
      <ymin>923</ymin>
      <xmax>408</xmax>
      <ymax>938</ymax>
    </bndbox>
  </object>
  <object>
    <name>word</name>
    <difficult>0</difficult>
    <bndbox>
      <xmin>408</xmin>
      <ymin>923</ymin>
      <xmax>421</xmax>
      <ymax>940</ymax>
    </bndbox>
  </object>
</annotation>
