<annotation>
  <folder>VOC2007</folder>
  <filename>83996357.json</filename>
  <owner>
    <name>HengTian</name>
  </owner>
  <size>
    <width>754</width>
    <height>1000</height>
    <depth>1</depth>
  </size>
  <segmented>0</segmented>
  <object>
    <name>word</name>
    <difficult>0</difficult>
    <bndbox>
      <xmin>73</xmin>
      <ymin>147</ymin>
      <xmax>93</xmax>
      <ymax>160</ymax>
    </bndbox>
  </object>
  <object>
    <name>word</name>
    <difficult>0</difficult>
    <bndbox>
      <xmin>73</xmin>
      <ymin>176</ymin>
      <xmax>109</xmax>
      <ymax>191</ymax>
    </bndbox>
  </object>
  <object>
    <name>word</name>
    <difficult>0</difficult>
    <bndbox>
      <xmin>74</xmin>
      <ymin>208</ymin>
      <xmax>95</xmax>
      <ymax>221</ymax>
    </bndbox>
  </object>
  <object>
    <name>word</name>
    <difficult>0</difficult>
    <bndbox>
      <xmin>142</xmin>
      <ymin>649</ymin>
      <xmax>219</xmax>
      <ymax>664</ymax>
    </bndbox>
  </object>
  <object>
    <name>word</name>
    <difficult>0</difficult>
    <bndbox>
      <xmin>142</xmin>
      <ymin>779</ymin>
      <xmax>229</xmax>
      <ymax>794</ymax>
    </bndbox>
  </object>
  <object>
    <name>word</name>
    <difficult>0</difficult>
    <bndbox>
      <xmin>380</xmin>
      <ymin>649</ymin>
      <xmax>412</xmax>
      <ymax>664</ymax>
    </bndbox>
  </object>
  <object>
    <name>word</name>
    <difficult>0</difficult>
    <bndbox>
      <xmin>142</xmin>
      <ymin>860</ymin>
      <xmax>174</xmax>
      <ymax>873</ymax>
    </bndbox>
  </object>
  <object>
    <name>word</name>
    <difficult>0</difficult>
    <bndbox>
      <xmin>314</xmin>
      <ymin>844</ymin>
      <xmax>359</xmax>
      <ymax>861</ymax>
    </bndbox>
  </object>
  <object>
    <name>word</name>
    <difficult>0</difficult>
    <bndbox>
      <xmin>317</xmin>
      <ymin>862</ymin>
      <xmax>349</xmax>
      <ymax>876</ymax>
    </bndbox>
  </object>
  <object>
    <name>word</name>
    <difficult>0</difficult>
    <bndbox>
      <xmin>332</xmin>
      <ymin>878</ymin>
      <xmax>361</xmax>
      <ymax>891</ymax>
    </bndbox>
  </object>
  <object>
    <name>word</name>
    <difficult>0</difficult>
    <bndbox>
      <xmin>546</xmin>
      <ymin>824</ymin>
      <xmax>603</xmax>
      <ymax>851</ymax>
    </bndbox>
  </object>
  <object>
    <name>word</name>
    <difficult>0</difficult>
    <bndbox>
      <xmin>662</xmin>
      <ymin>799</ymin>
      <xmax>687</xmax>
      <ymax>904</ymax>
    </bndbox>
  </object>
  <object>
    <name>word</name>
    <difficult>0</difficult>
    <bndbox>
      <xmin>74</xmin>
      <ymin>112</ymin>
      <xmax>121</xmax>
      <ymax>127</ymax>
    </bndbox>
  </object>
  <object>
    <name>word</name>
    <difficult>0</difficult>
    <bndbox>
      <xmin>124</xmin>
      <ymin>115</ymin>
      <xmax>155</xmax>
      <ymax>130</ymax>
    </bndbox>
  </object>
  <object>
    <name>word</name>
    <difficult>0</difficult>
    <bndbox>
      <xmin>158</xmin>
      <ymin>113</ymin>
      <xmax>242</xmax>
      <ymax>128</ymax>
    </bndbox>
  </object>
  <object>
    <name>word</name>
    <difficult>0</difficult>
    <bndbox>
      <xmin>242</xmin>
      <ymin>113</ymin>
      <xmax>277</xmax>
      <ymax>130</ymax>
    </bndbox>
  </object>
  <object>
    <name>word</name>
    <difficult>0</difficult>
    <bndbox>
      <xmin>140</xmin>
      <ymin>144</ymin>
      <xmax>171</xmax>
      <ymax>159</ymax>
    </bndbox>
  </object>
  <object>
    <name>word</name>
    <difficult>0</difficult>
    <bndbox>
      <xmin>173</xmin>
      <ymin>144</ymin>
      <xmax>229</xmax>
      <ymax>161</ymax>
    </bndbox>
  </object>
  <object>
    <name>word</name>
    <difficult>0</difficult>
    <bndbox>
      <xmin>137</xmin>
      <ymin>173</ymin>
      <xmax>191</xmax>
      <ymax>190</ymax>
    </bndbox>
  </object>
  <object>
    <name>word</name>
    <difficult>0</difficult>
    <bndbox>
      <xmin>196</xmin>
      <ymin>176</ymin>
      <xmax>235</xmax>
      <ymax>190</ymax>
    </bndbox>
  </object>
  <object>
    <name>word</name>
    <difficult>0</difficult>
    <bndbox>
      <xmin>138</xmin>
      <ymin>207</ymin>
      <xmax>152</xmax>
      <ymax>222</ymax>
    </bndbox>
  </object>
  <object>
    <name>word</name>
    <difficult>0</difficult>
    <bndbox>
      <xmin>154</xmin>
      <ymin>205</ymin>
      <xmax>195</xmax>
      <ymax>220</ymax>
    </bndbox>
  </object>
  <object>
    <name>word</name>
    <difficult>0</difficult>
    <bndbox>
      <xmin>271</xmin>
      <ymin>207</ymin>
      <xmax>285</xmax>
      <ymax>221</ymax>
    </bndbox>
  </object>
  <object>
    <name>word</name>
    <difficult>0</difficult>
    <bndbox>
      <xmin>288</xmin>
      <ymin>205</ymin>
      <xmax>347</xmax>
      <ymax>222</ymax>
    </bndbox>
  </object>
  <object>
    <name>word</name>
    <difficult>0</difficult>
    <bndbox>
      <xmin>140</xmin>
      <ymin>222</ymin>
      <xmax>154</xmax>
      <ymax>239</ymax>
    </bndbox>
  </object>
  <object>
    <name>word</name>
    <difficult>0</difficult>
    <bndbox>
      <xmin>155</xmin>
      <ymin>221</ymin>
      <xmax>208</xmax>
      <ymax>238</ymax>
    </bndbox>
  </object>
  <object>
    <name>word</name>
    <difficult>0</difficult>
    <bndbox>
      <xmin>271</xmin>
      <ymin>222</ymin>
      <xmax>282</xmax>
      <ymax>236</ymax>
    </bndbox>
  </object>
  <object>
    <name>word</name>
    <difficult>0</difficult>
    <bndbox>
      <xmin>285</xmin>
      <ymin>223</ymin>
      <xmax>338</xmax>
      <ymax>236</ymax>
    </bndbox>
  </object>
  <object>
    <name>word</name>
    <difficult>0</difficult>
    <bndbox>
      <xmin>140</xmin>
      <ymin>240</ymin>
      <xmax>151</xmax>
      <ymax>254</ymax>
    </bndbox>
  </object>
  <object>
    <name>word</name>
    <difficult>0</difficult>
    <bndbox>
      <xmin>154</xmin>
      <ymin>239</ymin>
      <xmax>179</xmax>
      <ymax>252</ymax>
    </bndbox>
  </object>
  <object>
    <name>word</name>
    <difficult>0</difficult>
    <bndbox>
      <xmin>179</xmin>
      <ymin>240</ymin>
      <xmax>203</xmax>
      <ymax>251</ymax>
    </bndbox>
  </object>
  <object>
    <name>word</name>
    <difficult>0</difficult>
    <bndbox>
      <xmin>204</xmin>
      <ymin>237</ymin>
      <xmax>236</xmax>
      <ymax>254</ymax>
    </bndbox>
  </object>
  <object>
    <name>word</name>
    <difficult>0</difficult>
    <bndbox>
      <xmin>268</xmin>
      <ymin>240</ymin>
      <xmax>289</xmax>
      <ymax>255</ymax>
    </bndbox>
  </object>
  <object>
    <name>word</name>
    <difficult>0</difficult>
    <bndbox>
      <xmin>295</xmin>
      <ymin>239</ymin>
      <xmax>352</xmax>
      <ymax>263</ymax>
    </bndbox>
  </object>
  <object>
    <name>word</name>
    <difficult>0</difficult>
    <bndbox>
      <xmin>140</xmin>
      <ymin>303</ymin>
      <xmax>193</xmax>
      <ymax>320</ymax>
    </bndbox>
  </object>
  <object>
    <name>word</name>
    <difficult>0</difficult>
    <bndbox>
      <xmin>194</xmin>
      <ymin>300</ymin>
      <xmax>264</xmax>
      <ymax>318</ymax>
    </bndbox>
  </object>
  <object>
    <name>word</name>
    <difficult>0</difficult>
    <bndbox>
      <xmin>378</xmin>
      <ymin>302</ymin>
      <xmax>403</xmax>
      <ymax>317</ymax>
    </bndbox>
  </object>
  <object>
    <name>word</name>
    <difficult>0</difficult>
    <bndbox>
      <xmin>406</xmin>
      <ymin>302</ymin>
      <xmax>437</xmax>
      <ymax>319</ymax>
    </bndbox>
  </object>
  <object>
    <name>word</name>
    <difficult>0</difficult>
    <bndbox>
      <xmin>380</xmin>
      <ymin>330</ymin>
      <xmax>421</xmax>
      <ymax>348</ymax>
    </bndbox>
  </object>
  <object>
    <name>word</name>
    <difficult>0</difficult>
    <bndbox>
      <xmin>422</xmin>
      <ymin>332</ymin>
      <xmax>449</xmax>
      <ymax>347</ymax>
    </bndbox>
  </object>
  <object>
    <name>word</name>
    <difficult>0</difficult>
    <bndbox>
      <xmin>140</xmin>
      <ymin>334</ymin>
      <xmax>176</xmax>
      <ymax>348</ymax>
    </bndbox>
  </object>
  <object>
    <name>word</name>
    <difficult>0</difficult>
    <bndbox>
      <xmin>177</xmin>
      <ymin>334</ymin>
      <xmax>206</xmax>
      <ymax>348</ymax>
    </bndbox>
  </object>
  <object>
    <name>word</name>
    <difficult>0</difficult>
    <bndbox>
      <xmin>140</xmin>
      <ymin>365</ymin>
      <xmax>176</xmax>
      <ymax>379</ymax>
    </bndbox>
  </object>
  <object>
    <name>word</name>
    <difficult>0</difficult>
    <bndbox>
      <xmin>177</xmin>
      <ymin>365</ymin>
      <xmax>209</xmax>
      <ymax>382</ymax>
    </bndbox>
  </object>
  <object>
    <name>word</name>
    <difficult>0</difficult>
    <bndbox>
      <xmin>140</xmin>
      <ymin>398</ymin>
      <xmax>174</xmax>
      <ymax>411</ymax>
    </bndbox>
  </object>
  <object>
    <name>word</name>
    <difficult>0</difficult>
    <bndbox>
      <xmin>176</xmin>
      <ymin>395</ymin>
      <xmax>244</xmax>
      <ymax>412</ymax>
    </bndbox>
  </object>
  <object>
    <name>word</name>
    <difficult>0</difficult>
    <bndbox>
      <xmin>244</xmin>
      <ymin>395</ymin>
      <xmax>276</xmax>
      <ymax>415</ymax>
    </bndbox>
  </object>
  <object>
    <name>word</name>
    <difficult>0</difficult>
    <bndbox>
      <xmin>140</xmin>
      <ymin>429</ymin>
      <xmax>181</xmax>
      <ymax>443</ymax>
    </bndbox>
  </object>
  <object>
    <name>word</name>
    <difficult>0</difficult>
    <bndbox>
      <xmin>182</xmin>
      <ymin>429</ymin>
      <xmax>220</xmax>
      <ymax>444</ymax>
    </bndbox>
  </object>
  <object>
    <name>word</name>
    <difficult>0</difficult>
    <bndbox>
      <xmin>380</xmin>
      <ymin>459</ymin>
      <xmax>395</xmax>
      <ymax>474</ymax>
    </bndbox>
  </object>
  <object>
    <name>word</name>
    <difficult>0</difficult>
    <bndbox>
      <xmin>395</xmin>
      <ymin>461</ymin>
      <xmax>406</xmax>
      <ymax>475</ymax>
    </bndbox>
  </object>
  <object>
    <name>word</name>
    <difficult>0</difficult>
    <bndbox>
      <xmin>405</xmin>
      <ymin>459</ymin>
      <xmax>419</xmax>
      <ymax>474</ymax>
    </bndbox>
  </object>
  <object>
    <name>word</name>
    <difficult>0</difficult>
    <bndbox>
      <xmin>378</xmin>
      <ymin>492</ymin>
      <xmax>386</xmax>
      <ymax>507</ymax>
    </bndbox>
  </object>
  <object>
    <name>word</name>
    <difficult>0</difficult>
    <bndbox>
      <xmin>388</xmin>
      <ymin>493</ymin>
      <xmax>402</xmax>
      <ymax>507</ymax>
    </bndbox>
  </object>
  <object>
    <name>word</name>
    <difficult>0</difficult>
    <bndbox>
      <xmin>402</xmin>
      <ymin>493</ymin>
      <xmax>416</xmax>
      <ymax>508</ymax>
    </bndbox>
  </object>
  <object>
    <name>word</name>
    <difficult>0</difficult>
    <bndbox>
      <xmin>142</xmin>
      <ymin>619</ymin>
      <xmax>189</xmax>
      <ymax>632</ymax>
    </bndbox>
  </object>
  <object>
    <name>word</name>
    <difficult>0</difficult>
    <bndbox>
      <xmin>191</xmin>
      <ymin>619</ymin>
      <xmax>227</xmax>
      <ymax>632</ymax>
    </bndbox>
  </object>
  <object>
    <name>word</name>
    <difficult>0</difficult>
    <bndbox>
      <xmin>142</xmin>
      <ymin>587</ymin>
      <xmax>226</xmax>
      <ymax>602</ymax>
    </bndbox>
  </object>
  <object>
    <name>word</name>
    <difficult>0</difficult>
    <bndbox>
      <xmin>229</xmin>
      <ymin>587</ymin>
      <xmax>274</xmax>
      <ymax>602</ymax>
    </bndbox>
  </object>
  <object>
    <name>word</name>
    <difficult>0</difficult>
    <bndbox>
      <xmin>141</xmin>
      <ymin>554</ymin>
      <xmax>215</xmax>
      <ymax>569</ymax>
    </bndbox>
  </object>
  <object>
    <name>word</name>
    <difficult>0</difficult>
    <bndbox>
      <xmin>215</xmin>
      <ymin>554</ymin>
      <xmax>254</xmax>
      <ymax>569</ymax>
    </bndbox>
  </object>
  <object>
    <name>word</name>
    <difficult>0</difficult>
    <bndbox>
      <xmin>141</xmin>
      <ymin>521</ymin>
      <xmax>230</xmax>
      <ymax>541</ymax>
    </bndbox>
  </object>
  <object>
    <name>word</name>
    <difficult>0</difficult>
    <bndbox>
      <xmin>141</xmin>
      <ymin>493</ymin>
      <xmax>188</xmax>
      <ymax>507</ymax>
    </bndbox>
  </object>
  <object>
    <name>word</name>
    <difficult>0</difficult>
    <bndbox>
      <xmin>190</xmin>
      <ymin>492</ymin>
      <xmax>257</xmax>
      <ymax>509</ymax>
    </bndbox>
  </object>
  <object>
    <name>word</name>
    <difficult>0</difficult>
    <bndbox>
      <xmin>257</xmin>
      <ymin>492</ymin>
      <xmax>291</xmax>
      <ymax>507</ymax>
    </bndbox>
  </object>
  <object>
    <name>word</name>
    <difficult>0</difficult>
    <bndbox>
      <xmin>141</xmin>
      <ymin>461</ymin>
      <xmax>188</xmax>
      <ymax>476</ymax>
    </bndbox>
  </object>
  <object>
    <name>word</name>
    <difficult>0</difficult>
    <bndbox>
      <xmin>191</xmin>
      <ymin>459</ymin>
      <xmax>225</xmax>
      <ymax>476</ymax>
    </bndbox>
  </object>
  <object>
    <name>word</name>
    <difficult>0</difficult>
    <bndbox>
      <xmin>226</xmin>
      <ymin>462</ymin>
      <xmax>258</xmax>
      <ymax>476</ymax>
    </bndbox>
  </object>
  <object>
    <name>word</name>
    <difficult>0</difficult>
    <bndbox>
      <xmin>380</xmin>
      <ymin>524</ymin>
      <xmax>401</xmax>
      <ymax>539</ymax>
    </bndbox>
  </object>
  <object>
    <name>word</name>
    <difficult>0</difficult>
    <bndbox>
      <xmin>401</xmin>
      <ymin>522</ymin>
      <xmax>422</xmax>
      <ymax>540</ymax>
    </bndbox>
  </object>
  <object>
    <name>word</name>
    <difficult>0</difficult>
    <bndbox>
      <xmin>381</xmin>
      <ymin>553</ymin>
      <xmax>433</xmax>
      <ymax>571</ymax>
    </bndbox>
  </object>
  <object>
    <name>word</name>
    <difficult>0</difficult>
    <bndbox>
      <xmin>436</xmin>
      <ymin>554</ymin>
      <xmax>464</xmax>
      <ymax>569</ymax>
    </bndbox>
  </object>
  <object>
    <name>word</name>
    <difficult>0</difficult>
    <bndbox>
      <xmin>380</xmin>
      <ymin>585</ymin>
      <xmax>436</xmax>
      <ymax>602</ymax>
    </bndbox>
  </object>
  <object>
    <name>word</name>
    <difficult>0</difficult>
    <bndbox>
      <xmin>440</xmin>
      <ymin>588</ymin>
      <xmax>496</xmax>
      <ymax>603</ymax>
    </bndbox>
  </object>
  <object>
    <name>word</name>
    <difficult>0</difficult>
    <bndbox>
      <xmin>499</xmin>
      <ymin>587</ymin>
      <xmax>520</xmax>
      <ymax>602</ymax>
    </bndbox>
  </object>
  <object>
    <name>word</name>
    <difficult>0</difficult>
    <bndbox>
      <xmin>520</xmin>
      <ymin>585</ymin>
      <xmax>567</xmax>
      <ymax>602</ymax>
    </bndbox>
  </object>
  <object>
    <name>word</name>
    <difficult>0</difficult>
    <bndbox>
      <xmin>570</xmin>
      <ymin>585</ymin>
      <xmax>608</xmax>
      <ymax>602</ymax>
    </bndbox>
  </object>
  <object>
    <name>word</name>
    <difficult>0</difficult>
    <bndbox>
      <xmin>381</xmin>
      <ymin>619</ymin>
      <xmax>395</xmax>
      <ymax>633</ymax>
    </bndbox>
  </object>
  <object>
    <name>word</name>
    <difficult>0</difficult>
    <bndbox>
      <xmin>394</xmin>
      <ymin>619</ymin>
      <xmax>408</xmax>
      <ymax>634</ymax>
    </bndbox>
  </object>
  <object>
    <name>word</name>
    <difficult>0</difficult>
    <bndbox>
      <xmin>411</xmin>
      <ymin>616</ymin>
      <xmax>435</xmax>
      <ymax>633</ymax>
    </bndbox>
  </object>
  <object>
    <name>word</name>
    <difficult>0</difficult>
    <bndbox>
      <xmin>434</xmin>
      <ymin>619</ymin>
      <xmax>466</xmax>
      <ymax>633</ymax>
    </bndbox>
  </object>
  <object>
    <name>word</name>
    <difficult>0</difficult>
    <bndbox>
      <xmin>378</xmin>
      <ymin>707</ymin>
      <xmax>446</xmax>
      <ymax>734</ymax>
    </bndbox>
  </object>
  <object>
    <name>word</name>
    <difficult>0</difficult>
    <bndbox>
      <xmin>454</xmin>
      <ymin>711</ymin>
      <xmax>467</xmax>
      <ymax>729</ymax>
    </bndbox>
  </object>
  <object>
    <name>word</name>
    <difficult>0</difficult>
    <bndbox>
      <xmin>475</xmin>
      <ymin>708</ymin>
      <xmax>531</xmax>
      <ymax>753</ymax>
    </bndbox>
  </object>
  <object>
    <name>word</name>
    <difficult>0</difficult>
    <bndbox>
      <xmin>380</xmin>
      <ymin>747</ymin>
      <xmax>388</xmax>
      <ymax>764</ymax>
    </bndbox>
  </object>
  <object>
    <name>word</name>
    <difficult>0</difficult>
    <bndbox>
      <xmin>388</xmin>
      <ymin>747</ymin>
      <xmax>403</xmax>
      <ymax>764</ymax>
    </bndbox>
  </object>
  <object>
    <name>word</name>
    <difficult>0</difficult>
    <bndbox>
      <xmin>404</xmin>
      <ymin>747</ymin>
      <xmax>419</xmax>
      <ymax>762</ymax>
    </bndbox>
  </object>
  <object>
    <name>word</name>
    <difficult>0</difficult>
    <bndbox>
      <xmin>140</xmin>
      <ymin>683</ymin>
      <xmax>215</xmax>
      <ymax>698</ymax>
    </bndbox>
  </object>
  <object>
    <name>word</name>
    <difficult>0</difficult>
    <bndbox>
      <xmin>218</xmin>
      <ymin>684</ymin>
      <xmax>272</xmax>
      <ymax>698</ymax>
    </bndbox>
  </object>
  <object>
    <name>word</name>
    <difficult>0</difficult>
    <bndbox>
      <xmin>272</xmin>
      <ymin>683</ymin>
      <xmax>307</xmax>
      <ymax>698</ymax>
    </bndbox>
  </object>
  <object>
    <name>word</name>
    <difficult>0</difficult>
    <bndbox>
      <xmin>140</xmin>
      <ymin>714</ymin>
      <xmax>204</xmax>
      <ymax>731</ymax>
    </bndbox>
  </object>
  <object>
    <name>word</name>
    <difficult>0</difficult>
    <bndbox>
      <xmin>207</xmin>
      <ymin>716</ymin>
      <xmax>222</xmax>
      <ymax>730</ymax>
    </bndbox>
  </object>
  <object>
    <name>word</name>
    <difficult>0</difficult>
    <bndbox>
      <xmin>223</xmin>
      <ymin>715</ymin>
      <xmax>279</xmax>
      <ymax>732</ymax>
    </bndbox>
  </object>
  <object>
    <name>word</name>
    <difficult>0</difficult>
    <bndbox>
      <xmin>141</xmin>
      <ymin>746</ymin>
      <xmax>173</xmax>
      <ymax>764</ymax>
    </bndbox>
  </object>
  <object>
    <name>word</name>
    <difficult>0</difficult>
    <bndbox>
      <xmin>173</xmin>
      <ymin>747</ymin>
      <xmax>225</xmax>
      <ymax>761</ymax>
    </bndbox>
  </object>
  <object>
    <name>word</name>
    <difficult>0</difficult>
    <bndbox>
      <xmin>274</xmin>
      <ymin>778</ymin>
      <xmax>347</xmax>
      <ymax>792</ymax>
    </bndbox>
  </object>
  <object>
    <name>word</name>
    <difficult>0</difficult>
    <bndbox>
      <xmin>348</xmin>
      <ymin>778</ymin>
      <xmax>400</xmax>
      <ymax>792</ymax>
    </bndbox>
  </object>
  <object>
    <name>word</name>
    <difficult>0</difficult>
    <bndbox>
      <xmin>142</xmin>
      <ymin>844</ymin>
      <xmax>173</xmax>
      <ymax>858</ymax>
    </bndbox>
  </object>
  <object>
    <name>word</name>
    <difficult>0</difficult>
    <bndbox>
      <xmin>176</xmin>
      <ymin>844</ymin>
      <xmax>232</xmax>
      <ymax>858</ymax>
    </bndbox>
  </object>
  <object>
    <name>word</name>
    <difficult>0</difficult>
    <bndbox>
      <xmin>142</xmin>
      <ymin>876</ymin>
      <xmax>166</xmax>
      <ymax>889</ymax>
    </bndbox>
  </object>
  <object>
    <name>word</name>
    <difficult>0</difficult>
    <bndbox>
      <xmin>169</xmin>
      <ymin>877</ymin>
      <xmax>243</xmax>
      <ymax>891</ymax>
    </bndbox>
  </object>
</annotation>
