<annotation>
  <folder>VOC2007</folder>
  <filename>91315069_91315070.json</filename>
  <owner>
    <name>HengTian</name>
  </owner>
  <size>
    <width>775</width>
    <height>1000</height>
    <depth>1</depth>
  </size>
  <segmented>0</segmented>
  <object>
    <name>word</name>
    <difficult>0</difficult>
    <bndbox>
      <xmin>41</xmin>
      <ymin>68</ymin>
      <xmax>69</xmax>
      <ymax>88</ymax>
    </bndbox>
  </object>
  <object>
    <name>word</name>
    <difficult>0</difficult>
    <bndbox>
      <xmin>41</xmin>
      <ymin>103</ymin>
      <xmax>87</xmax>
      <ymax>120</ymax>
    </bndbox>
  </object>
  <object>
    <name>word</name>
    <difficult>0</difficult>
    <bndbox>
      <xmin>41</xmin>
      <ymin>138</ymin>
      <xmax>111</xmax>
      <ymax>153</ymax>
    </bndbox>
  </object>
  <object>
    <name>word</name>
    <difficult>0</difficult>
    <bndbox>
      <xmin>39</xmin>
      <ymin>198</ymin>
      <xmax>142</xmax>
      <ymax>219</ymax>
    </bndbox>
  </object>
  <object>
    <name>word</name>
    <difficult>0</difficult>
    <bndbox>
      <xmin>187</xmin>
      <ymin>335</ymin>
      <xmax>255</xmax>
      <ymax>353</ymax>
    </bndbox>
  </object>
  <object>
    <name>word</name>
    <difficult>0</difficult>
    <bndbox>
      <xmin>550</xmin>
      <ymin>334</ymin>
      <xmax>585</xmax>
      <ymax>348</ymax>
    </bndbox>
  </object>
  <object>
    <name>word</name>
    <difficult>0</difficult>
    <bndbox>
      <xmin>694</xmin>
      <ymin>749</ymin>
      <xmax>712</xmax>
      <ymax>841</ymax>
    </bndbox>
  </object>
  <object>
    <name>word</name>
    <difficult>0</difficult>
    <bndbox>
      <xmin>98</xmin>
      <ymin>67</ymin>
      <xmax>116</xmax>
      <ymax>87</ymax>
    </bndbox>
  </object>
  <object>
    <name>word</name>
    <difficult>0</difficult>
    <bndbox>
      <xmin>116</xmin>
      <ymin>70</ymin>
      <xmax>131</xmax>
      <ymax>87</ymax>
    </bndbox>
  </object>
  <object>
    <name>word</name>
    <difficult>0</difficult>
    <bndbox>
      <xmin>135</xmin>
      <ymin>68</ymin>
      <xmax>198</xmax>
      <ymax>82</ymax>
    </bndbox>
  </object>
  <object>
    <name>word</name>
    <difficult>0</difficult>
    <bndbox>
      <xmin>483</xmin>
      <ymin>64</ymin>
      <xmax>574</xmax>
      <ymax>81</ymax>
    </bndbox>
  </object>
  <object>
    <name>word</name>
    <difficult>0</difficult>
    <bndbox>
      <xmin>577</xmin>
      <ymin>64</ymin>
      <xmax>619</xmax>
      <ymax>81</ymax>
    </bndbox>
  </object>
  <object>
    <name>word</name>
    <difficult>0</difficult>
    <bndbox>
      <xmin>464</xmin>
      <ymin>99</ymin>
      <xmax>496</xmax>
      <ymax>114</ymax>
    </bndbox>
  </object>
  <object>
    <name>word</name>
    <difficult>0</difficult>
    <bndbox>
      <xmin>499</xmin>
      <ymin>101</ymin>
      <xmax>512</xmax>
      <ymax>115</ymax>
    </bndbox>
  </object>
  <object>
    <name>word</name>
    <difficult>0</difficult>
    <bndbox>
      <xmin>525</xmin>
      <ymin>98</ymin>
      <xmax>557</xmax>
      <ymax>115</ymax>
    </bndbox>
  </object>
  <object>
    <name>word</name>
    <difficult>0</difficult>
    <bndbox>
      <xmin>465</xmin>
      <ymin>116</ymin>
      <xmax>496</xmax>
      <ymax>133</ymax>
    </bndbox>
  </object>
  <object>
    <name>word</name>
    <difficult>0</difficult>
    <bndbox>
      <xmin>497</xmin>
      <ymin>119</ymin>
      <xmax>515</xmax>
      <ymax>130</ymax>
    </bndbox>
  </object>
  <object>
    <name>word</name>
    <difficult>0</difficult>
    <bndbox>
      <xmin>525</xmin>
      <ymin>116</ymin>
      <xmax>557</xmax>
      <ymax>133</ymax>
    </bndbox>
  </object>
  <object>
    <name>word</name>
    <difficult>0</difficult>
    <bndbox>
      <xmin>575</xmin>
      <ymin>98</ymin>
      <xmax>607</xmax>
      <ymax>115</ymax>
    </bndbox>
  </object>
  <object>
    <name>word</name>
    <difficult>0</difficult>
    <bndbox>
      <xmin>609</xmin>
      <ymin>98</ymin>
      <xmax>626</xmax>
      <ymax>115</ymax>
    </bndbox>
  </object>
  <object>
    <name>word</name>
    <difficult>0</difficult>
    <bndbox>
      <xmin>628</xmin>
      <ymin>96</ymin>
      <xmax>659</xmax>
      <ymax>114</ymax>
    </bndbox>
  </object>
  <object>
    <name>word</name>
    <difficult>0</difficult>
    <bndbox>
      <xmin>575</xmin>
      <ymin>116</ymin>
      <xmax>606</xmax>
      <ymax>131</ymax>
    </bndbox>
  </object>
  <object>
    <name>word</name>
    <difficult>0</difficult>
    <bndbox>
      <xmin>608</xmin>
      <ymin>119</ymin>
      <xmax>625</xmax>
      <ymax>132</ymax>
    </bndbox>
  </object>
  <object>
    <name>word</name>
    <difficult>0</difficult>
    <bndbox>
      <xmin>630</xmin>
      <ymin>116</ymin>
      <xmax>662</xmax>
      <ymax>133</ymax>
    </bndbox>
  </object>
  <object>
    <name>word</name>
    <difficult>0</difficult>
    <bndbox>
      <xmin>115</xmin>
      <ymin>137</ymin>
      <xmax>175</xmax>
      <ymax>154</ymax>
    </bndbox>
  </object>
  <object>
    <name>word</name>
    <difficult>0</difficult>
    <bndbox>
      <xmin>176</xmin>
      <ymin>138</ymin>
      <xmax>249</xmax>
      <ymax>151</ymax>
    </bndbox>
  </object>
  <object>
    <name>word</name>
    <difficult>0</difficult>
    <bndbox>
      <xmin>253</xmin>
      <ymin>137</ymin>
      <xmax>291</xmax>
      <ymax>154</ymax>
    </bndbox>
  </object>
  <object>
    <name>word</name>
    <difficult>0</difficult>
    <bndbox>
      <xmin>293</xmin>
      <ymin>134</ymin>
      <xmax>381</xmax>
      <ymax>151</ymax>
    </bndbox>
  </object>
  <object>
    <name>word</name>
    <difficult>0</difficult>
    <bndbox>
      <xmin>383</xmin>
      <ymin>135</ymin>
      <xmax>461</xmax>
      <ymax>150</ymax>
    </bndbox>
  </object>
  <object>
    <name>word</name>
    <difficult>0</difficult>
    <bndbox>
      <xmin>466</xmin>
      <ymin>133</ymin>
      <xmax>523</xmax>
      <ymax>148</ymax>
    </bndbox>
  </object>
  <object>
    <name>word</name>
    <difficult>0</difficult>
    <bndbox>
      <xmin>148</xmin>
      <ymin>198</ymin>
      <xmax>264</xmax>
      <ymax>215</ymax>
    </bndbox>
  </object>
  <object>
    <name>word</name>
    <difficult>0</difficult>
    <bndbox>
      <xmin>265</xmin>
      <ymin>196</ymin>
      <xmax>292</xmax>
      <ymax>213</ymax>
    </bndbox>
  </object>
  <object>
    <name>word</name>
    <difficult>0</difficult>
    <bndbox>
      <xmin>293</xmin>
      <ymin>197</ymin>
      <xmax>327</xmax>
      <ymax>212</ymax>
    </bndbox>
  </object>
  <object>
    <name>word</name>
    <difficult>0</difficult>
    <bndbox>
      <xmin>328</xmin>
      <ymin>197</ymin>
      <xmax>359</xmax>
      <ymax>214</ymax>
    </bndbox>
  </object>
  <object>
    <name>word</name>
    <difficult>0</difficult>
    <bndbox>
      <xmin>365</xmin>
      <ymin>194</ymin>
      <xmax>424</xmax>
      <ymax>212</ymax>
    </bndbox>
  </object>
  <object>
    <name>word</name>
    <difficult>0</difficult>
    <bndbox>
      <xmin>427</xmin>
      <ymin>196</ymin>
      <xmax>449</xmax>
      <ymax>211</ymax>
    </bndbox>
  </object>
  <object>
    <name>word</name>
    <difficult>0</difficult>
    <bndbox>
      <xmin>455</xmin>
      <ymin>194</ymin>
      <xmax>489</xmax>
      <ymax>212</ymax>
    </bndbox>
  </object>
  <object>
    <name>word</name>
    <difficult>0</difficult>
    <bndbox>
      <xmin>490</xmin>
      <ymin>197</ymin>
      <xmax>501</xmax>
      <ymax>211</ymax>
    </bndbox>
  </object>
  <object>
    <name>word</name>
    <difficult>0</difficult>
    <bndbox>
      <xmin>501</xmin>
      <ymin>194</ymin>
      <xmax>554</xmax>
      <ymax>212</ymax>
    </bndbox>
  </object>
  <object>
    <name>word</name>
    <difficult>0</difficult>
    <bndbox>
      <xmin>42</xmin>
      <ymin>291</ymin>
      <xmax>94</xmax>
      <ymax>311</ymax>
    </bndbox>
  </object>
  <object>
    <name>word</name>
    <difficult>0</difficult>
    <bndbox>
      <xmin>96</xmin>
      <ymin>289</ymin>
      <xmax>166</xmax>
      <ymax>307</ymax>
    </bndbox>
  </object>
  <object>
    <name>word</name>
    <difficult>0</difficult>
    <bndbox>
      <xmin>166</xmin>
      <ymin>292</ymin>
      <xmax>201</xmax>
      <ymax>306</ymax>
    </bndbox>
  </object>
  <object>
    <name>word</name>
    <difficult>0</difficult>
    <bndbox>
      <xmin>203</xmin>
      <ymin>292</ymin>
      <xmax>250</xmax>
      <ymax>305</ymax>
    </bndbox>
  </object>
  <object>
    <name>word</name>
    <difficult>0</difficult>
    <bndbox>
      <xmin>250</xmin>
      <ymin>291</ymin>
      <xmax>297</xmax>
      <ymax>306</ymax>
    </bndbox>
  </object>
  <object>
    <name>word</name>
    <difficult>0</difficult>
    <bndbox>
      <xmin>297</xmin>
      <ymin>292</ymin>
      <xmax>333</xmax>
      <ymax>306</ymax>
    </bndbox>
  </object>
  <object>
    <name>word</name>
    <difficult>0</difficult>
    <bndbox>
      <xmin>332</xmin>
      <ymin>292</ymin>
      <xmax>349</xmax>
      <ymax>305</ymax>
    </bndbox>
  </object>
  <object>
    <name>word</name>
    <difficult>0</difficult>
    <bndbox>
      <xmin>346</xmin>
      <ymin>288</ymin>
      <xmax>368</xmax>
      <ymax>305</ymax>
    </bndbox>
  </object>
  <object>
    <name>word</name>
    <difficult>0</difficult>
    <bndbox>
      <xmin>372</xmin>
      <ymin>289</ymin>
      <xmax>436</xmax>
      <ymax>304</ymax>
    </bndbox>
  </object>
  <object>
    <name>word</name>
    <difficult>0</difficult>
    <bndbox>
      <xmin>439</xmin>
      <ymin>291</ymin>
      <xmax>453</xmax>
      <ymax>305</ymax>
    </bndbox>
  </object>
  <object>
    <name>word</name>
    <difficult>0</difficult>
    <bndbox>
      <xmin>453</xmin>
      <ymin>288</ymin>
      <xmax>499</xmax>
      <ymax>306</ymax>
    </bndbox>
  </object>
  <object>
    <name>word</name>
    <difficult>0</difficult>
    <bndbox>
      <xmin>468</xmin>
      <ymin>320</ymin>
      <xmax>496</xmax>
      <ymax>333</ymax>
    </bndbox>
  </object>
  <object>
    <name>word</name>
    <difficult>0</difficult>
    <bndbox>
      <xmin>451</xmin>
      <ymin>334</ymin>
      <xmax>508</xmax>
      <ymax>348</ymax>
    </bndbox>
  </object>
  <object>
    <name>word</name>
    <difficult>0</difficult>
    <bndbox>
      <xmin>596</xmin>
      <ymin>318</ymin>
      <xmax>627</xmax>
      <ymax>331</ymax>
    </bndbox>
  </object>
  <object>
    <name>word</name>
    <difficult>0</difficult>
    <bndbox>
      <xmin>594</xmin>
      <ymin>334</ymin>
      <xmax>629</xmax>
      <ymax>347</ymax>
    </bndbox>
  </object>
  <object>
    <name>word</name>
    <difficult>0</difficult>
    <bndbox>
      <xmin>42</xmin>
      <ymin>560</ymin>
      <xmax>57</xmax>
      <ymax>580</ymax>
    </bndbox>
  </object>
  <object>
    <name>word</name>
    <difficult>0</difficult>
    <bndbox>
      <xmin>59</xmin>
      <ymin>561</ymin>
      <xmax>79</xmax>
      <ymax>578</ymax>
    </bndbox>
  </object>
  <object>
    <name>word</name>
    <difficult>0</difficult>
    <bndbox>
      <xmin>81</xmin>
      <ymin>559</ymin>
      <xmax>182</xmax>
      <ymax>576</ymax>
    </bndbox>
  </object>
  <object>
    <name>word</name>
    <difficult>0</difficult>
    <bndbox>
      <xmin>183</xmin>
      <ymin>560</ymin>
      <xmax>254</xmax>
      <ymax>577</ymax>
    </bndbox>
  </object>
  <object>
    <name>word</name>
    <difficult>0</difficult>
    <bndbox>
      <xmin>257</xmin>
      <ymin>560</ymin>
      <xmax>275</xmax>
      <ymax>573</ymax>
    </bndbox>
  </object>
  <object>
    <name>word</name>
    <difficult>0</difficult>
    <bndbox>
      <xmin>277</xmin>
      <ymin>559</ymin>
      <xmax>326</xmax>
      <ymax>574</ymax>
    </bndbox>
  </object>
  <object>
    <name>word</name>
    <difficult>0</difficult>
    <bndbox>
      <xmin>330</xmin>
      <ymin>559</ymin>
      <xmax>401</xmax>
      <ymax>574</ymax>
    </bndbox>
  </object>
  <object>
    <name>word</name>
    <difficult>0</difficult>
    <bndbox>
      <xmin>304</xmin>
      <ymin>588</ymin>
      <xmax>321</xmax>
      <ymax>605</ymax>
    </bndbox>
  </object>
  <object>
    <name>word</name>
    <difficult>0</difficult>
    <bndbox>
      <xmin>323</xmin>
      <ymin>589</ymin>
      <xmax>393</xmax>
      <ymax>602</ymax>
    </bndbox>
  </object>
  <object>
    <name>word</name>
    <difficult>0</difficult>
    <bndbox>
      <xmin>392</xmin>
      <ymin>588</ymin>
      <xmax>434</xmax>
      <ymax>603</ymax>
    </bndbox>
  </object>
  <object>
    <name>word</name>
    <difficult>0</difficult>
    <bndbox>
      <xmin>306</xmin>
      <ymin>613</ymin>
      <xmax>321</xmax>
      <ymax>624</ymax>
    </bndbox>
  </object>
  <object>
    <name>word</name>
    <difficult>0</difficult>
    <bndbox>
      <xmin>321</xmin>
      <ymin>612</ymin>
      <xmax>370</xmax>
      <ymax>625</ymax>
    </bndbox>
  </object>
  <object>
    <name>word</name>
    <difficult>0</difficult>
    <bndbox>
      <xmin>376</xmin>
      <ymin>610</ymin>
      <xmax>415</xmax>
      <ymax>624</ymax>
    </bndbox>
  </object>
  <object>
    <name>word</name>
    <difficult>0</difficult>
    <bndbox>
      <xmin>42</xmin>
      <ymin>644</ymin>
      <xmax>147</xmax>
      <ymax>665</ymax>
    </bndbox>
  </object>
  <object>
    <name>word</name>
    <difficult>0</difficult>
    <bndbox>
      <xmin>147</xmin>
      <ymin>644</ymin>
      <xmax>211</xmax>
      <ymax>662</ymax>
    </bndbox>
  </object>
  <object>
    <name>word</name>
    <difficult>0</difficult>
    <bndbox>
      <xmin>41</xmin>
      <ymin>680</ymin>
      <xmax>68</xmax>
      <ymax>694</ymax>
    </bndbox>
  </object>
  <object>
    <name>word</name>
    <difficult>0</difficult>
    <bndbox>
      <xmin>70</xmin>
      <ymin>679</ymin>
      <xmax>94</xmax>
      <ymax>696</ymax>
    </bndbox>
  </object>
  <object>
    <name>word</name>
    <difficult>0</difficult>
    <bndbox>
      <xmin>98</xmin>
      <ymin>680</ymin>
      <xmax>134</xmax>
      <ymax>695</ymax>
    </bndbox>
  </object>
  <object>
    <name>word</name>
    <difficult>0</difficult>
    <bndbox>
      <xmin>43</xmin>
      <ymin>756</ymin>
      <xmax>82</xmax>
      <ymax>773</ymax>
    </bndbox>
  </object>
  <object>
    <name>word</name>
    <difficult>0</difficult>
    <bndbox>
      <xmin>82</xmin>
      <ymin>757</ymin>
      <xmax>127</xmax>
      <ymax>771</ymax>
    </bndbox>
  </object>
  <object>
    <name>word</name>
    <difficult>0</difficult>
    <bndbox>
      <xmin>127</xmin>
      <ymin>757</ymin>
      <xmax>158</xmax>
      <ymax>770</ymax>
    </bndbox>
  </object>
  <object>
    <name>word</name>
    <difficult>0</difficult>
    <bndbox>
      <xmin>42</xmin>
      <ymin>832</ymin>
      <xmax>50</xmax>
      <ymax>847</ymax>
    </bndbox>
  </object>
  <object>
    <name>word</name>
    <difficult>0</difficult>
    <bndbox>
      <xmin>50</xmin>
      <ymin>832</ymin>
      <xmax>74</xmax>
      <ymax>846</ymax>
    </bndbox>
  </object>
  <object>
    <name>word</name>
    <difficult>0</difficult>
    <bndbox>
      <xmin>75</xmin>
      <ymin>834</ymin>
      <xmax>102</xmax>
      <ymax>848</ymax>
    </bndbox>
  </object>
  <object>
    <name>word</name>
    <difficult>0</difficult>
    <bndbox>
      <xmin>102</xmin>
      <ymin>832</ymin>
      <xmax>158</xmax>
      <ymax>849</ymax>
    </bndbox>
  </object>
  <object>
    <name>word</name>
    <difficult>0</difficult>
    <bndbox>
      <xmin>39</xmin>
      <ymin>923</ymin>
      <xmax>50</xmax>
      <ymax>937</ymax>
    </bndbox>
  </object>
  <object>
    <name>word</name>
    <difficult>0</difficult>
    <bndbox>
      <xmin>52</xmin>
      <ymin>923</ymin>
      <xmax>63</xmax>
      <ymax>938</ymax>
    </bndbox>
  </object>
  <object>
    <name>word</name>
    <difficult>0</difficult>
    <bndbox>
      <xmin>63</xmin>
      <ymin>923</ymin>
      <xmax>74</xmax>
      <ymax>940</ymax>
    </bndbox>
  </object>
</annotation>
