[{"1": 0, "2": 1, "3": 2, "4": 3, "5": 4, "6": 5, "7": 6, "8": 7, "9": 8, "10": 9, "11": 10, "13": 11, "14": 12, "15": 13, "16": 14, "17": 15, "18": 16, "19": 17, "20": 18, "21": 19, "22": 20, "23": 21, "24": 22, "25": 23, "27": 24, "28": 25, "31": 26, "32": 27, "33": 28, "34": 29, "35": 30, "36": 31, "37": 32, "38": 33, "39": 34, "40": 35, "41": 36, "42": 37, "43": 38, "44": 39, "46": 40, "47": 41, "48": 42, "49": 43, "50": 44, "51": 45, "52": 46, "53": 47, "54": 48, "55": 49, "56": 50, "57": 51, "58": 52, "59": 53, "60": 54, "61": 55, "62": 56, "63": 57, "64": 58, "65": 59, "67": 60, "70": 61, "72": 62, "73": 63, "74": 64, "75": 65, "76": 66, "77": 67, "78": 68, "79": 69, "80": 70, "81": 71, "82": 72, "84": 73, "85": 74, "86": 75, "87": 76, "88": 77, "89": 78, "90": 79}, {"0": 1, "1": 2, "2": 3, "3": 4, "4": 5, "5": 6, "6": 7, "7": 8, "8": 9, "9": 10, "10": 11, "11": 13, "12": 14, "13": 15, "14": 16, "15": 17, "16": 18, "17": 19, "18": 20, "19": 21, "20": 22, "21": 23, "22": 24, "23": 25, "24": 27, "25": 28, "26": 31, "27": 32, "28": 33, "29": 34, "30": 35, "31": 36, "32": 37, "33": 38, "34": 39, "35": 40, "36": 41, "37": 42, "38": 43, "39": 44, "40": 46, "41": 47, "42": 48, "43": 49, "44": 50, "45": 51, "46": 52, "47": 53, "48": 54, "49": 55, "50": 56, "51": 57, "52": 58, "53": 59, "54": 60, "55": 61, "56": 62, "57": 63, "58": 64, "59": 65, "60": 67, "61": 70, "62": 72, "63": 73, "64": 74, "65": 75, "66": 76, "67": 77, "68": 78, "69": 79, "70": 80, "71": 81, "72": 82, "73": 84, "74": 85, "75": 86, "76": 87, "77": 88, "78": 89, "79": 90}, {"0": "person", "1": "bicycle", "2": "car", "3": "motorcycle", "4": "airplane", "5": "bus", "6": "train", "7": "truck", "8": "boat", "9": "traffic light", "10": "fire hydrant", "11": "stop sign", "12": "parking meter", "13": "bench", "14": "bird", "15": "cat", "16": "dog", "17": "horse", "18": "sheep", "19": "cow", "20": "elephant", "21": "bear", "22": "zebra", "23": "giraffe", "24": "backpack", "25": "umbrella", "26": "handbag", "27": "tie", "28": "suitcase", "29": "frisbee", "30": "skis", "31": "snowboard", "32": "sports ball", "33": "kite", "34": "baseball bat", "35": "baseball glove", "36": "skateboard", "37": "surfboard", "38": "tennis racket", "39": "bottle", "40": "wine glass", "41": "cup", "42": "fork", "43": "knife", "44": "spoon", "45": "bowl", "46": "banana", "47": "apple", "48": "sandwich", "49": "orange", "50": "broccoli", "51": "carrot", "52": "hot dog", "53": "pizza", "54": "donut", "55": "cake", "56": "chair", "57": "couch", "58": "potted plant", "59": "bed", "60": "dining table", "61": "toilet", "62": "tv", "63": "laptop", "64": "mouse", "65": "remote", "66": "keyboard", "67": "cell phone", "68": "microwave", "69": "oven", "70": "toaster", "71": "sink", "72": "refrigerator", "73": "book", "74": "clock", "75": "vase", "76": "scissors", "77": "teddy bear", "78": "hair drier", "79": "toothbrush"}, {"person": 0, "bicycle": 1, "car": 2, "motorcycle": 3, "airplane": 4, "bus": 5, "train": 6, "truck": 7, "boat": 8, "traffic light": 9, "fire hydrant": 10, "stop sign": 11, "parking meter": 12, "bench": 13, "bird": 14, "cat": 15, "dog": 16, "horse": 17, "sheep": 18, "cow": 19, "elephant": 20, "bear": 21, "zebra": 22, "giraffe": 23, "backpack": 24, "umbrella": 25, "handbag": 26, "tie": 27, "suitcase": 28, "frisbee": 29, "skis": 30, "snowboard": 31, "sports ball": 32, "kite": 33, "baseball bat": 34, "baseball glove": 35, "skateboard": 36, "surfboard": 37, "tennis racket": 38, "bottle": 39, "wine glass": 40, "cup": 41, "fork": 42, "knife": 43, "spoon": 44, "bowl": 45, "banana": 46, "apple": 47, "sandwich": 48, "orange": 49, "broccoli": 50, "carrot": 51, "hot dog": 52, "pizza": 53, "donut": 54, "cake": 55, "chair": 56, "couch": 57, "potted plant": 58, "bed": 59, "dining table": 60, "toilet": 61, "tv": 62, "laptop": 63, "mouse": 64, "remote": 65, "keyboard": 66, "cell phone": 67, "microwave": 68, "oven": 69, "toaster": 70, "sink": 71, "refrigerator": 72, "book": 73, "clock": 74, "vase": 75, "scissors": 76, "teddy bear": 77, "hair drier": 78, "toothbrush": 79}]