<annotation>
  <folder>VOC2007</folder>
  <filename>0001438955.json</filename>
  <owner>
    <name>HengTian</name>
  </owner>
  <size>
    <width>762</width>
    <height>1000</height>
    <depth>1</depth>
  </size>
  <segmented>0</segmented>
  <object>
    <name>word</name>
    <difficult>0</difficult>
    <bndbox>
      <xmin>45</xmin>
      <ymin>209</ymin>
      <xmax>91</xmax>
      <ymax>224</ymax>
    </bndbox>
  </object>
  <object>
    <name>word</name>
    <difficult>0</difficult>
    <bndbox>
      <xmin>46</xmin>
      <ymin>501</ymin>
      <xmax>117</xmax>
      <ymax>516</ymax>
    </bndbox>
  </object>
  <object>
    <name>word</name>
    <difficult>0</difficult>
    <bndbox>
      <xmin>45</xmin>
      <ymin>557</ymin>
      <xmax>81</xmax>
      <ymax>572</ymax>
    </bndbox>
  </object>
  <object>
    <name>word</name>
    <difficult>0</difficult>
    <bndbox>
      <xmin>45</xmin>
      <ymin>644</ymin>
      <xmax>84</xmax>
      <ymax>658</ymax>
    </bndbox>
  </object>
  <object>
    <name>word</name>
    <difficult>0</difficult>
    <bndbox>
      <xmin>45</xmin>
      <ymin>814</ymin>
      <xmax>161</xmax>
      <ymax>828</ymax>
    </bndbox>
  </object>
  <object>
    <name>word</name>
    <difficult>0</difficult>
    <bndbox>
      <xmin>46</xmin>
      <ymin>574</ymin>
      <xmax>87</xmax>
      <ymax>585</ymax>
    </bndbox>
  </object>
  <object>
    <name>word</name>
    <difficult>0</difficult>
    <bndbox>
      <xmin>487</xmin>
      <ymin>883</ymin>
      <xmax>603</xmax>
      <ymax>908</ymax>
    </bndbox>
  </object>
  <object>
    <name>word</name>
    <difficult>0</difficult>
    <bndbox>
      <xmin>46</xmin>
      <ymin>587</ymin>
      <xmax>99</xmax>
      <ymax>600</ymax>
    </bndbox>
  </object>
  <object>
    <name>word</name>
    <difficult>0</difficult>
    <bndbox>
      <xmin>366</xmin>
      <ymin>823</ymin>
      <xmax>381</xmax>
      <ymax>838</ymax>
    </bndbox>
  </object>
  <object>
    <name>word</name>
    <difficult>0</difficult>
    <bndbox>
      <xmin>370</xmin>
      <ymin>837</ymin>
      <xmax>378</xmax>
      <ymax>854</ymax>
    </bndbox>
  </object>
  <object>
    <name>word</name>
    <difficult>0</difficult>
    <bndbox>
      <xmin>411</xmin>
      <ymin>823</ymin>
      <xmax>454</xmax>
      <ymax>840</ymax>
    </bndbox>
  </object>
  <object>
    <name>word</name>
    <difficult>0</difficult>
    <bndbox>
      <xmin>412</xmin>
      <ymin>839</ymin>
      <xmax>457</xmax>
      <ymax>853</ymax>
    </bndbox>
  </object>
  <object>
    <name>word</name>
    <difficult>0</difficult>
    <bndbox>
      <xmin>208</xmin>
      <ymin>742</ymin>
      <xmax>236</xmax>
      <ymax>755</ymax>
    </bndbox>
  </object>
  <object>
    <name>word</name>
    <difficult>0</difficult>
    <bndbox>
      <xmin>211</xmin>
      <ymin>754</ymin>
      <xmax>236</xmax>
      <ymax>769</ymax>
    </bndbox>
  </object>
  <object>
    <name>word</name>
    <difficult>0</difficult>
    <bndbox>
      <xmin>263</xmin>
      <ymin>740</ymin>
      <xmax>302</xmax>
      <ymax>755</ymax>
    </bndbox>
  </object>
  <object>
    <name>word</name>
    <difficult>0</difficult>
    <bndbox>
      <xmin>261</xmin>
      <ymin>753</ymin>
      <xmax>300</xmax>
      <ymax>770</ymax>
    </bndbox>
  </object>
  <object>
    <name>word</name>
    <difficult>0</difficult>
    <bndbox>
      <xmin>366</xmin>
      <ymin>739</ymin>
      <xmax>379</xmax>
      <ymax>753</ymax>
    </bndbox>
  </object>
  <object>
    <name>word</name>
    <difficult>0</difficult>
    <bndbox>
      <xmin>367</xmin>
      <ymin>753</ymin>
      <xmax>381</xmax>
      <ymax>767</ymax>
    </bndbox>
  </object>
  <object>
    <name>word</name>
    <difficult>0</difficult>
    <bndbox>
      <xmin>412</xmin>
      <ymin>737</ymin>
      <xmax>451</xmax>
      <ymax>754</ymax>
    </bndbox>
  </object>
  <object>
    <name>word</name>
    <difficult>0</difficult>
    <bndbox>
      <xmin>415</xmin>
      <ymin>753</ymin>
      <xmax>453</xmax>
      <ymax>770</ymax>
    </bndbox>
  </object>
  <object>
    <name>word</name>
    <difficult>0</difficult>
    <bndbox>
      <xmin>261</xmin>
      <ymin>655</ymin>
      <xmax>302</xmax>
      <ymax>669</ymax>
    </bndbox>
  </object>
  <object>
    <name>word</name>
    <difficult>0</difficult>
    <bndbox>
      <xmin>263</xmin>
      <ymin>669</ymin>
      <xmax>302</xmax>
      <ymax>683</ymax>
    </bndbox>
  </object>
  <object>
    <name>word</name>
    <difficult>0</difficult>
    <bndbox>
      <xmin>263</xmin>
      <ymin>684</ymin>
      <xmax>302</xmax>
      <ymax>697</ymax>
    </bndbox>
  </object>
  <object>
    <name>word</name>
    <difficult>0</difficult>
    <bndbox>
      <xmin>263</xmin>
      <ymin>697</ymin>
      <xmax>301</xmax>
      <ymax>712</ymax>
    </bndbox>
  </object>
  <object>
    <name>word</name>
    <difficult>0</difficult>
    <bndbox>
      <xmin>208</xmin>
      <ymin>655</ymin>
      <xmax>235</xmax>
      <ymax>670</ymax>
    </bndbox>
  </object>
  <object>
    <name>word</name>
    <difficult>0</difficult>
    <bndbox>
      <xmin>208</xmin>
      <ymin>670</ymin>
      <xmax>237</xmax>
      <ymax>683</ymax>
    </bndbox>
  </object>
  <object>
    <name>word</name>
    <difficult>0</difficult>
    <bndbox>
      <xmin>209</xmin>
      <ymin>683</ymin>
      <xmax>237</xmax>
      <ymax>697</ymax>
    </bndbox>
  </object>
  <object>
    <name>word</name>
    <difficult>0</difficult>
    <bndbox>
      <xmin>209</xmin>
      <ymin>698</ymin>
      <xmax>236</xmax>
      <ymax>713</ymax>
    </bndbox>
  </object>
  <object>
    <name>word</name>
    <difficult>0</difficult>
    <bndbox>
      <xmin>209</xmin>
      <ymin>568</ymin>
      <xmax>234</xmax>
      <ymax>585</ymax>
    </bndbox>
  </object>
  <object>
    <name>word</name>
    <difficult>0</difficult>
    <bndbox>
      <xmin>208</xmin>
      <ymin>585</ymin>
      <xmax>237</xmax>
      <ymax>598</ymax>
    </bndbox>
  </object>
  <object>
    <name>word</name>
    <difficult>0</difficult>
    <bndbox>
      <xmin>261</xmin>
      <ymin>568</ymin>
      <xmax>300</xmax>
      <ymax>585</ymax>
    </bndbox>
  </object>
  <object>
    <name>word</name>
    <difficult>0</difficult>
    <bndbox>
      <xmin>263</xmin>
      <ymin>585</ymin>
      <xmax>301</xmax>
      <ymax>599</ymax>
    </bndbox>
  </object>
  <object>
    <name>word</name>
    <difficult>0</difficult>
    <bndbox>
      <xmin>365</xmin>
      <ymin>567</ymin>
      <xmax>379</xmax>
      <ymax>582</ymax>
    </bndbox>
  </object>
  <object>
    <name>word</name>
    <difficult>0</difficult>
    <bndbox>
      <xmin>367</xmin>
      <ymin>584</ymin>
      <xmax>381</xmax>
      <ymax>597</ymax>
    </bndbox>
  </object>
  <object>
    <name>word</name>
    <difficult>0</difficult>
    <bndbox>
      <xmin>415</xmin>
      <ymin>568</ymin>
      <xmax>451</xmax>
      <ymax>582</ymax>
    </bndbox>
  </object>
  <object>
    <name>word</name>
    <difficult>0</difficult>
    <bndbox>
      <xmin>413</xmin>
      <ymin>582</ymin>
      <xmax>449</xmax>
      <ymax>597</ymax>
    </bndbox>
  </object>
  <object>
    <name>word</name>
    <difficult>0</difficult>
    <bndbox>
      <xmin>208</xmin>
      <ymin>496</ymin>
      <xmax>242</xmax>
      <ymax>516</ymax>
    </bndbox>
  </object>
  <object>
    <name>word</name>
    <difficult>0</difficult>
    <bndbox>
      <xmin>261</xmin>
      <ymin>500</ymin>
      <xmax>300</xmax>
      <ymax>514</ymax>
    </bndbox>
  </object>
  <object>
    <name>word</name>
    <difficult>0</difficult>
    <bndbox>
      <xmin>369</xmin>
      <ymin>497</ymin>
      <xmax>386</xmax>
      <ymax>512</ymax>
    </bndbox>
  </object>
  <object>
    <name>word</name>
    <difficult>0</difficult>
    <bndbox>
      <xmin>412</xmin>
      <ymin>496</ymin>
      <xmax>448</xmax>
      <ymax>513</ymax>
    </bndbox>
  </object>
  <object>
    <name>word</name>
    <difficult>0</difficult>
    <bndbox>
      <xmin>144</xmin>
      <ymin>180</ymin>
      <xmax>203</xmax>
      <ymax>193</ymax>
    </bndbox>
  </object>
  <object>
    <name>word</name>
    <difficult>0</difficult>
    <bndbox>
      <xmin>609</xmin>
      <ymin>203</ymin>
      <xmax>638</xmax>
      <ymax>220</ymax>
    </bndbox>
  </object>
  <object>
    <name>word</name>
    <difficult>0</difficult>
    <bndbox>
      <xmin>209</xmin>
      <ymin>457</ymin>
      <xmax>226</xmax>
      <ymax>472</ymax>
    </bndbox>
  </object>
  <object>
    <name>word</name>
    <difficult>0</difficult>
    <bndbox>
      <xmin>365</xmin>
      <ymin>457</ymin>
      <xmax>380</xmax>
      <ymax>471</ymax>
    </bndbox>
  </object>
  <object>
    <name>word</name>
    <difficult>0</difficult>
    <bndbox>
      <xmin>196</xmin>
      <ymin>443</ymin>
      <xmax>241</xmax>
      <ymax>458</ymax>
    </bndbox>
  </object>
  <object>
    <name>word</name>
    <difficult>0</difficult>
    <bndbox>
      <xmin>263</xmin>
      <ymin>443</ymin>
      <xmax>302</xmax>
      <ymax>458</ymax>
    </bndbox>
  </object>
  <object>
    <name>word</name>
    <difficult>0</difficult>
    <bndbox>
      <xmin>349</xmin>
      <ymin>443</ymin>
      <xmax>394</xmax>
      <ymax>457</ymax>
    </bndbox>
  </object>
  <object>
    <name>word</name>
    <difficult>0</difficult>
    <bndbox>
      <xmin>416</xmin>
      <ymin>443</ymin>
      <xmax>452</xmax>
      <ymax>457</ymax>
    </bndbox>
  </object>
  <object>
    <name>word</name>
    <difficult>0</difficult>
    <bndbox>
      <xmin>237</xmin>
      <ymin>427</ymin>
      <xmax>268</xmax>
      <ymax>441</ymax>
    </bndbox>
  </object>
  <object>
    <name>word</name>
    <difficult>0</difficult>
    <bndbox>
      <xmin>553</xmin>
      <ymin>426</ymin>
      <xmax>624</xmax>
      <ymax>441</ymax>
    </bndbox>
  </object>
  <object>
    <name>word</name>
    <difficult>0</difficult>
    <bndbox>
      <xmin>45</xmin>
      <ymin>182</ymin>
      <xmax>92</xmax>
      <ymax>197</ymax>
    </bndbox>
  </object>
  <object>
    <name>word</name>
    <difficult>0</difficult>
    <bndbox>
      <xmin>281</xmin>
      <ymin>84</ymin>
      <xmax>419</xmax>
      <ymax>101</ymax>
    </bndbox>
  </object>
  <object>
    <name>word</name>
    <difficult>0</difficult>
    <bndbox>
      <xmin>281</xmin>
      <ymin>113</ymin>
      <xmax>419</xmax>
      <ymax>127</ymax>
    </bndbox>
  </object>
  <object>
    <name>word</name>
    <difficult>0</difficult>
    <bndbox>
      <xmin>145</xmin>
      <ymin>208</ymin>
      <xmax>156</xmax>
      <ymax>219</ymax>
    </bndbox>
  </object>
  <object>
    <name>word</name>
    <difficult>0</difficult>
    <bndbox>
      <xmin>155</xmin>
      <ymin>207</ymin>
      <xmax>257</xmax>
      <ymax>222</ymax>
    </bndbox>
  </object>
  <object>
    <name>word</name>
    <difficult>0</difficult>
    <bndbox>
      <xmin>257</xmin>
      <ymin>209</ymin>
      <xmax>265</xmax>
      <ymax>220</ymax>
    </bndbox>
  </object>
  <object>
    <name>word</name>
    <difficult>0</difficult>
    <bndbox>
      <xmin>265</xmin>
      <ymin>208</ymin>
      <xmax>273</xmax>
      <ymax>221</ymax>
    </bndbox>
  </object>
  <object>
    <name>word</name>
    <difficult>0</difficult>
    <bndbox>
      <xmin>274</xmin>
      <ymin>205</ymin>
      <xmax>312</xmax>
      <ymax>220</ymax>
    </bndbox>
  </object>
  <object>
    <name>word</name>
    <difficult>0</difficult>
    <bndbox>
      <xmin>314</xmin>
      <ymin>205</ymin>
      <xmax>352</xmax>
      <ymax>219</ymax>
    </bndbox>
  </object>
  <object>
    <name>word</name>
    <difficult>0</difficult>
    <bndbox>
      <xmin>358</xmin>
      <ymin>207</ymin>
      <xmax>386</xmax>
      <ymax>220</ymax>
    </bndbox>
  </object>
  <object>
    <name>word</name>
    <difficult>0</difficult>
    <bndbox>
      <xmin>391</xmin>
      <ymin>205</ymin>
      <xmax>425</xmax>
      <ymax>219</ymax>
    </bndbox>
  </object>
  <object>
    <name>word</name>
    <difficult>0</difficult>
    <bndbox>
      <xmin>426</xmin>
      <ymin>205</ymin>
      <xmax>433</xmax>
      <ymax>216</ymax>
    </bndbox>
  </object>
  <object>
    <name>word</name>
    <difficult>0</difficult>
    <bndbox>
      <xmin>433</xmin>
      <ymin>207</ymin>
      <xmax>443</xmax>
      <ymax>220</ymax>
    </bndbox>
  </object>
  <object>
    <name>word</name>
    <difficult>0</difficult>
    <bndbox>
      <xmin>483</xmin>
      <ymin>176</ymin>
      <xmax>544</xmax>
      <ymax>191</ymax>
    </bndbox>
  </object>
  <object>
    <name>word</name>
    <difficult>0</difficult>
    <bndbox>
      <xmin>550</xmin>
      <ymin>177</ymin>
      <xmax>564</xmax>
      <ymax>191</ymax>
    </bndbox>
  </object>
  <object>
    <name>word</name>
    <difficult>0</difficult>
    <bndbox>
      <xmin>483</xmin>
      <ymin>205</ymin>
      <xmax>529</xmax>
      <ymax>219</ymax>
    </bndbox>
  </object>
  <object>
    <name>word</name>
    <difficult>0</difficult>
    <bndbox>
      <xmin>536</xmin>
      <ymin>207</ymin>
      <xmax>586</xmax>
      <ymax>220</ymax>
    </bndbox>
  </object>
  <object>
    <name>word</name>
    <difficult>0</difficult>
    <bndbox>
      <xmin>609</xmin>
      <ymin>173</ymin>
      <xmax>636</xmax>
      <ymax>188</ymax>
    </bndbox>
  </object>
  <object>
    <name>word</name>
    <difficult>0</difficult>
    <bndbox>
      <xmin>635</xmin>
      <ymin>175</ymin>
      <xmax>655</xmax>
      <ymax>189</ymax>
    </bndbox>
  </object>
  <object>
    <name>word</name>
    <difficult>0</difficult>
    <bndbox>
      <xmin>43</xmin>
      <ymin>239</ymin>
      <xmax>84</xmax>
      <ymax>253</ymax>
    </bndbox>
  </object>
  <object>
    <name>word</name>
    <difficult>0</difficult>
    <bndbox>
      <xmin>89</xmin>
      <ymin>239</ymin>
      <xmax>100</xmax>
      <ymax>253</ymax>
    </bndbox>
  </object>
  <object>
    <name>word</name>
    <difficult>0</difficult>
    <bndbox>
      <xmin>47</xmin>
      <ymin>264</ymin>
      <xmax>81</xmax>
      <ymax>284</ymax>
    </bndbox>
  </object>
  <object>
    <name>word</name>
    <difficult>0</difficult>
    <bndbox>
      <xmin>91</xmin>
      <ymin>267</ymin>
      <xmax>109</xmax>
      <ymax>281</ymax>
    </bndbox>
  </object>
  <object>
    <name>word</name>
    <difficult>0</difficult>
    <bndbox>
      <xmin>115</xmin>
      <ymin>267</ymin>
      <xmax>136</xmax>
      <ymax>281</ymax>
    </bndbox>
  </object>
  <object>
    <name>word</name>
    <difficult>0</difficult>
    <bndbox>
      <xmin>47</xmin>
      <ymin>292</ymin>
      <xmax>125</xmax>
      <ymax>310</ymax>
    </bndbox>
  </object>
  <object>
    <name>word</name>
    <difficult>0</difficult>
    <bndbox>
      <xmin>137</xmin>
      <ymin>292</ymin>
      <xmax>184</xmax>
      <ymax>312</ymax>
    </bndbox>
  </object>
  <object>
    <name>word</name>
    <difficult>0</difficult>
    <bndbox>
      <xmin>147</xmin>
      <ymin>236</ymin>
      <xmax>164</xmax>
      <ymax>251</ymax>
    </bndbox>
  </object>
  <object>
    <name>word</name>
    <difficult>0</difficult>
    <bndbox>
      <xmin>166</xmin>
      <ymin>236</ymin>
      <xmax>197</xmax>
      <ymax>250</ymax>
    </bndbox>
  </object>
  <object>
    <name>word</name>
    <difficult>0</difficult>
    <bndbox>
      <xmin>198</xmin>
      <ymin>236</ymin>
      <xmax>222</xmax>
      <ymax>250</ymax>
    </bndbox>
  </object>
  <object>
    <name>word</name>
    <difficult>0</difficult>
    <bndbox>
      <xmin>223</xmin>
      <ymin>235</ymin>
      <xmax>243</xmax>
      <ymax>250</ymax>
    </bndbox>
  </object>
  <object>
    <name>word</name>
    <difficult>0</difficult>
    <bndbox>
      <xmin>149</xmin>
      <ymin>264</ymin>
      <xmax>205</xmax>
      <ymax>278</ymax>
    </bndbox>
  </object>
  <object>
    <name>word</name>
    <difficult>0</difficult>
    <bndbox>
      <xmin>214</xmin>
      <ymin>263</ymin>
      <xmax>227</xmax>
      <ymax>278</ymax>
    </bndbox>
  </object>
  <object>
    <name>word</name>
    <difficult>0</difficult>
    <bndbox>
      <xmin>232</xmin>
      <ymin>264</ymin>
      <xmax>274</xmax>
      <ymax>278</ymax>
    </bndbox>
  </object>
  <object>
    <name>word</name>
    <difficult>0</difficult>
    <bndbox>
      <xmin>282</xmin>
      <ymin>263</ymin>
      <xmax>301</xmax>
      <ymax>276</ymax>
    </bndbox>
  </object>
  <object>
    <name>word</name>
    <difficult>0</difficult>
    <bndbox>
      <xmin>300</xmin>
      <ymin>263</ymin>
      <xmax>343</xmax>
      <ymax>278</ymax>
    </bndbox>
  </object>
  <object>
    <name>word</name>
    <difficult>0</difficult>
    <bndbox>
      <xmin>341</xmin>
      <ymin>426</ymin>
      <xmax>394</xmax>
      <ymax>443</ymax>
    </bndbox>
  </object>
  <object>
    <name>word</name>
    <difficult>0</difficult>
    <bndbox>
      <xmin>401</xmin>
      <ymin>426</ymin>
      <xmax>455</xmax>
      <ymax>443</ymax>
    </bndbox>
  </object>
  <object>
    <name>word</name>
    <difficult>0</difficult>
    <bndbox>
      <xmin>480</xmin>
      <ymin>499</ymin>
      <xmax>526</xmax>
      <ymax>514</ymax>
    </bndbox>
  </object>
  <object>
    <name>word</name>
    <difficult>0</difficult>
    <bndbox>
      <xmin>534</xmin>
      <ymin>501</ymin>
      <xmax>562</xmax>
      <ymax>515</ymax>
    </bndbox>
  </object>
  <object>
    <name>word</name>
    <difficult>0</difficult>
    <bndbox>
      <xmin>567</xmin>
      <ymin>503</ymin>
      <xmax>577</xmax>
      <ymax>513</ymax>
    </bndbox>
  </object>
  <object>
    <name>word</name>
    <difficult>0</difficult>
    <bndbox>
      <xmin>584</xmin>
      <ymin>501</ymin>
      <xmax>678</xmax>
      <ymax>514</ymax>
    </bndbox>
  </object>
  <object>
    <name>word</name>
    <difficult>0</difficult>
    <bndbox>
      <xmin>490</xmin>
      <ymin>514</ymin>
      <xmax>510</xmax>
      <ymax>529</ymax>
    </bndbox>
  </object>
  <object>
    <name>word</name>
    <difficult>0</difficult>
    <bndbox>
      <xmin>511</xmin>
      <ymin>515</ymin>
      <xmax>549</xmax>
      <ymax>529</ymax>
    </bndbox>
  </object>
  <object>
    <name>word</name>
    <difficult>0</difficult>
    <bndbox>
      <xmin>557</xmin>
      <ymin>513</ymin>
      <xmax>625</xmax>
      <ymax>526</ymax>
    </bndbox>
  </object>
  <object>
    <name>word</name>
    <difficult>0</difficult>
    <bndbox>
      <xmin>43</xmin>
      <ymin>658</ymin>
      <xmax>92</xmax>
      <ymax>672</ymax>
    </bndbox>
  </object>
  <object>
    <name>word</name>
    <difficult>0</difficult>
    <bndbox>
      <xmin>99</xmin>
      <ymin>655</ymin>
      <xmax>119</xmax>
      <ymax>669</ymax>
    </bndbox>
  </object>
  <object>
    <name>word</name>
    <difficult>0</difficult>
    <bndbox>
      <xmin>46</xmin>
      <ymin>670</ymin>
      <xmax>74</xmax>
      <ymax>684</ymax>
    </bndbox>
  </object>
  <object>
    <name>word</name>
    <difficult>0</difficult>
    <bndbox>
      <xmin>74</xmin>
      <ymin>672</ymin>
      <xmax>91</xmax>
      <ymax>685</ymax>
    </bndbox>
  </object>
  <object>
    <name>word</name>
    <difficult>0</difficult>
    <bndbox>
      <xmin>49</xmin>
      <ymin>686</ymin>
      <xmax>73</xmax>
      <ymax>700</ymax>
    </bndbox>
  </object>
  <object>
    <name>word</name>
    <difficult>0</difficult>
    <bndbox>
      <xmin>74</xmin>
      <ymin>684</ymin>
      <xmax>94</xmax>
      <ymax>699</ymax>
    </bndbox>
  </object>
  <object>
    <name>word</name>
    <difficult>0</difficult>
    <bndbox>
      <xmin>49</xmin>
      <ymin>700</ymin>
      <xmax>67</xmax>
      <ymax>717</ymax>
    </bndbox>
  </object>
  <object>
    <name>word</name>
    <difficult>0</difficult>
    <bndbox>
      <xmin>74</xmin>
      <ymin>703</ymin>
      <xmax>88</xmax>
      <ymax>718</ymax>
    </bndbox>
  </object>
  <object>
    <name>word</name>
    <difficult>0</difficult>
    <bndbox>
      <xmin>91</xmin>
      <ymin>703</ymin>
      <xmax>130</xmax>
      <ymax>716</ymax>
    </bndbox>
  </object>
  <object>
    <name>word</name>
    <difficult>0</difficult>
    <bndbox>
      <xmin>46</xmin>
      <ymin>742</ymin>
      <xmax>92</xmax>
      <ymax>756</ymax>
    </bndbox>
  </object>
  <object>
    <name>word</name>
    <difficult>0</difficult>
    <bndbox>
      <xmin>101</xmin>
      <ymin>742</ymin>
      <xmax>119</xmax>
      <ymax>757</ymax>
    </bndbox>
  </object>
  <object>
    <name>word</name>
    <difficult>0</difficult>
    <bndbox>
      <xmin>46</xmin>
      <ymin>756</ymin>
      <xmax>67</xmax>
      <ymax>771</ymax>
    </bndbox>
  </object>
  <object>
    <name>word</name>
    <difficult>0</difficult>
    <bndbox>
      <xmin>73</xmin>
      <ymin>758</ymin>
      <xmax>86</xmax>
      <ymax>771</ymax>
    </bndbox>
  </object>
  <object>
    <name>word</name>
    <difficult>0</difficult>
    <bndbox>
      <xmin>92</xmin>
      <ymin>758</ymin>
      <xmax>126</xmax>
      <ymax>772</ymax>
    </bndbox>
  </object>
  <object>
    <name>word</name>
    <difficult>0</difficult>
    <bndbox>
      <xmin>46</xmin>
      <ymin>828</ymin>
      <xmax>82</xmax>
      <ymax>842</ymax>
    </bndbox>
  </object>
  <object>
    <name>word</name>
    <difficult>0</difficult>
    <bndbox>
      <xmin>92</xmin>
      <ymin>830</ymin>
      <xmax>138</xmax>
      <ymax>843</ymax>
    </bndbox>
  </object>
  <object>
    <name>word</name>
    <difficult>0</difficult>
    <bndbox>
      <xmin>144</xmin>
      <ymin>828</ymin>
      <xmax>205</xmax>
      <ymax>842</ymax>
    </bndbox>
  </object>
  <object>
    <name>word</name>
    <difficult>0</difficult>
    <bndbox>
      <xmin>46</xmin>
      <ymin>841</ymin>
      <xmax>75</xmax>
      <ymax>856</ymax>
    </bndbox>
  </object>
  <object>
    <name>word</name>
    <difficult>0</difficult>
    <bndbox>
      <xmin>84</xmin>
      <ymin>842</ymin>
      <xmax>127</xmax>
      <ymax>856</ymax>
    </bndbox>
  </object>
  <object>
    <name>word</name>
    <difficult>0</difficult>
    <bndbox>
      <xmin>134</xmin>
      <ymin>842</ymin>
      <xmax>197</xmax>
      <ymax>856</ymax>
    </bndbox>
  </object>
  <object>
    <name>word</name>
    <difficult>0</difficult>
    <bndbox>
      <xmin>215</xmin>
      <ymin>295</ymin>
      <xmax>303</xmax>
      <ymax>309</ymax>
    </bndbox>
  </object>
  <object>
    <name>word</name>
    <difficult>0</difficult>
    <bndbox>
      <xmin>218</xmin>
      <ymin>295</ymin>
      <xmax>303</xmax>
      <ymax>309</ymax>
    </bndbox>
  </object>
  <object>
    <name>word</name>
    <difficult>0</difficult>
    <bndbox>
      <xmin>358</xmin>
      <ymin>295</ymin>
      <xmax>445</xmax>
      <ymax>308</ymax>
    </bndbox>
  </object>
  <object>
    <name>word</name>
    <difficult>0</difficult>
    <bndbox>
      <xmin>450</xmin>
      <ymin>295</ymin>
      <xmax>492</xmax>
      <ymax>308</ymax>
    </bndbox>
  </object>
  <object>
    <name>word</name>
    <difficult>0</difficult>
    <bndbox>
      <xmin>545</xmin>
      <ymin>291</ymin>
      <xmax>559</xmax>
      <ymax>309</ymax>
    </bndbox>
  </object>
  <object>
    <name>word</name>
    <difficult>0</difficult>
    <bndbox>
      <xmin>559</xmin>
      <ymin>292</ymin>
      <xmax>584</xmax>
      <ymax>307</ymax>
    </bndbox>
  </object>
  <object>
    <name>word</name>
    <difficult>0</difficult>
    <bndbox>
      <xmin>585</xmin>
      <ymin>289</ymin>
      <xmax>616</xmax>
      <ymax>307</ymax>
    </bndbox>
  </object>
  <object>
    <name>word</name>
    <difficult>0</difficult>
    <bndbox>
      <xmin>216</xmin>
      <ymin>320</ymin>
      <xmax>243</xmax>
      <ymax>337</ymax>
    </bndbox>
  </object>
  <object>
    <name>word</name>
    <difficult>0</difficult>
    <bndbox>
      <xmin>250</xmin>
      <ymin>323</ymin>
      <xmax>293</xmax>
      <ymax>336</ymax>
    </bndbox>
  </object>
  <object>
    <name>word</name>
    <difficult>0</difficult>
    <bndbox>
      <xmin>359</xmin>
      <ymin>323</ymin>
      <xmax>386</xmax>
      <ymax>336</ymax>
    </bndbox>
  </object>
  <object>
    <name>word</name>
    <difficult>0</difficult>
    <bndbox>
      <xmin>392</xmin>
      <ymin>321</ymin>
      <xmax>434</xmax>
      <ymax>336</ymax>
    </bndbox>
  </object>
  <object>
    <name>word</name>
    <difficult>0</difficult>
    <bndbox>
      <xmin>443</xmin>
      <ymin>323</ymin>
      <xmax>486</xmax>
      <ymax>334</ymax>
    </bndbox>
  </object>
  <object>
    <name>word</name>
    <difficult>0</difficult>
    <bndbox>
      <xmin>542</xmin>
      <ymin>320</ymin>
      <xmax>559</xmax>
      <ymax>337</ymax>
    </bndbox>
  </object>
  <object>
    <name>word</name>
    <difficult>0</difficult>
    <bndbox>
      <xmin>559</xmin>
      <ymin>317</ymin>
      <xmax>584</xmax>
      <ymax>335</ymax>
    </bndbox>
  </object>
  <object>
    <name>word</name>
    <difficult>0</difficult>
    <bndbox>
      <xmin>584</xmin>
      <ymin>318</ymin>
      <xmax>616</xmax>
      <ymax>335</ymax>
    </bndbox>
  </object>
  <object>
    <name>word</name>
    <difficult>0</difficult>
    <bndbox>
      <xmin>216</xmin>
      <ymin>352</ymin>
      <xmax>268</xmax>
      <ymax>367</ymax>
    </bndbox>
  </object>
  <object>
    <name>word</name>
    <difficult>0</difficult>
    <bndbox>
      <xmin>360</xmin>
      <ymin>349</ymin>
      <xmax>410</xmax>
      <ymax>363</ymax>
    </bndbox>
  </object>
  <object>
    <name>word</name>
    <difficult>0</difficult>
    <bndbox>
      <xmin>416</xmin>
      <ymin>351</ymin>
      <xmax>451</xmax>
      <ymax>365</ymax>
    </bndbox>
  </object>
  <object>
    <name>word</name>
    <difficult>0</difficult>
    <bndbox>
      <xmin>545</xmin>
      <ymin>348</ymin>
      <xmax>558</xmax>
      <ymax>362</ymax>
    </bndbox>
  </object>
  <object>
    <name>word</name>
    <difficult>0</difficult>
    <bndbox>
      <xmin>559</xmin>
      <ymin>345</ymin>
      <xmax>584</xmax>
      <ymax>362</ymax>
    </bndbox>
  </object>
  <object>
    <name>word</name>
    <difficult>0</difficult>
    <bndbox>
      <xmin>582</xmin>
      <ymin>348</ymin>
      <xmax>617</xmax>
      <ymax>362</ymax>
    </bndbox>
  </object>
  <object>
    <name>word</name>
    <difficult>0</difficult>
    <bndbox>
      <xmin>212</xmin>
      <ymin>376</ymin>
      <xmax>301</xmax>
      <ymax>390</ymax>
    </bndbox>
  </object>
  <object>
    <name>word</name>
    <difficult>0</difficult>
    <bndbox>
      <xmin>358</xmin>
      <ymin>376</ymin>
      <xmax>446</xmax>
      <ymax>391</ymax>
    </bndbox>
  </object>
  <object>
    <name>word</name>
    <difficult>0</difficult>
    <bndbox>
      <xmin>450</xmin>
      <ymin>376</ymin>
      <xmax>485</xmax>
      <ymax>390</ymax>
    </bndbox>
  </object>
  <object>
    <name>word</name>
    <difficult>0</difficult>
    <bndbox>
      <xmin>543</xmin>
      <ymin>372</ymin>
      <xmax>558</xmax>
      <ymax>393</ymax>
    </bndbox>
  </object>
  <object>
    <name>word</name>
    <difficult>0</difficult>
    <bndbox>
      <xmin>559</xmin>
      <ymin>373</ymin>
      <xmax>584</xmax>
      <ymax>390</ymax>
    </bndbox>
  </object>
  <object>
    <name>word</name>
    <difficult>0</difficult>
    <bndbox>
      <xmin>584</xmin>
      <ymin>373</ymin>
      <xmax>616</xmax>
      <ymax>388</ymax>
    </bndbox>
  </object>
</annotation>
