<annotation>
  <folder>VOC2007</folder>
  <filename>0001463282.json</filename>
  <owner>
    <name>HengTian</name>
  </owner>
  <size>
    <width>762</width>
    <height>1000</height>
    <depth>1</depth>
  </size>
  <segmented>0</segmented>
  <object>
    <name>word</name>
    <difficult>0</difficult>
    <bndbox>
      <xmin>78</xmin>
      <ymin>70</ymin>
      <xmax>114</xmax>
      <ymax>84</ymax>
    </bndbox>
  </object>
  <object>
    <name>word</name>
    <difficult>0</difficult>
    <bndbox>
      <xmin>78</xmin>
      <ymin>96</ymin>
      <xmax>166</xmax>
      <ymax>110</ymax>
    </bndbox>
  </object>
  <object>
    <name>word</name>
    <difficult>0</difficult>
    <bndbox>
      <xmin>313</xmin>
      <ymin>138</ymin>
      <xmax>374</xmax>
      <ymax>151</ymax>
    </bndbox>
  </object>
  <object>
    <name>word</name>
    <difficult>0</difficult>
    <bndbox>
      <xmin>507</xmin>
      <ymin>126</ymin>
      <xmax>529</xmax>
      <ymax>140</ymax>
    </bndbox>
  </object>
  <object>
    <name>word</name>
    <difficult>0</difficult>
    <bndbox>
      <xmin>508</xmin>
      <ymin>138</ymin>
      <xmax>530</xmax>
      <ymax>153</ymax>
    </bndbox>
  </object>
  <object>
    <name>word</name>
    <difficult>0</difficult>
    <bndbox>
      <xmin>570</xmin>
      <ymin>137</ymin>
      <xmax>585</xmax>
      <ymax>151</ymax>
    </bndbox>
  </object>
  <object>
    <name>word</name>
    <difficult>0</difficult>
    <bndbox>
      <xmin>570</xmin>
      <ymin>123</ymin>
      <xmax>585</xmax>
      <ymax>138</ymax>
    </bndbox>
  </object>
  <object>
    <name>word</name>
    <difficult>0</difficult>
    <bndbox>
      <xmin>538</xmin>
      <ymin>127</ymin>
      <xmax>553</xmax>
      <ymax>137</ymax>
    </bndbox>
  </object>
  <object>
    <name>word</name>
    <difficult>0</difficult>
    <bndbox>
      <xmin>539</xmin>
      <ymin>140</ymin>
      <xmax>553</xmax>
      <ymax>151</ymax>
    </bndbox>
  </object>
  <object>
    <name>word</name>
    <difficult>0</difficult>
    <bndbox>
      <xmin>534</xmin>
      <ymin>152</ymin>
      <xmax>568</xmax>
      <ymax>166</ymax>
    </bndbox>
  </object>
  <object>
    <name>word</name>
    <difficult>0</difficult>
    <bndbox>
      <xmin>99</xmin>
      <ymin>193</ymin>
      <xmax>160</xmax>
      <ymax>211</ymax>
    </bndbox>
  </object>
  <object>
    <name>word</name>
    <difficult>0</difficult>
    <bndbox>
      <xmin>274</xmin>
      <ymin>194</ymin>
      <xmax>308</xmax>
      <ymax>209</ymax>
    </bndbox>
  </object>
  <object>
    <name>word</name>
    <difficult>0</difficult>
    <bndbox>
      <xmin>313</xmin>
      <ymin>191</ymin>
      <xmax>331</xmax>
      <ymax>209</ymax>
    </bndbox>
  </object>
  <object>
    <name>word</name>
    <difficult>0</difficult>
    <bndbox>
      <xmin>376</xmin>
      <ymin>177</ymin>
      <xmax>401</xmax>
      <ymax>191</ymax>
    </bndbox>
  </object>
  <object>
    <name>word</name>
    <difficult>0</difficult>
    <bndbox>
      <xmin>366</xmin>
      <ymin>194</ymin>
      <xmax>408</xmax>
      <ymax>209</ymax>
    </bndbox>
  </object>
  <object>
    <name>word</name>
    <difficult>0</difficult>
    <bndbox>
      <xmin>78</xmin>
      <ymin>219</ymin>
      <xmax>132</xmax>
      <ymax>237</ymax>
    </bndbox>
  </object>
  <object>
    <name>word</name>
    <difficult>0</difficult>
    <bndbox>
      <xmin>75</xmin>
      <ymin>278</ymin>
      <xmax>150</xmax>
      <ymax>293</ymax>
    </bndbox>
  </object>
  <object>
    <name>word</name>
    <difficult>0</difficult>
    <bndbox>
      <xmin>427</xmin>
      <ymin>669</ymin>
      <xmax>461</xmax>
      <ymax>682</ymax>
    </bndbox>
  </object>
  <object>
    <name>word</name>
    <difficult>0</difficult>
    <bndbox>
      <xmin>429</xmin>
      <ymin>696</ymin>
      <xmax>461</xmax>
      <ymax>713</ymax>
    </bndbox>
  </object>
  <object>
    <name>word</name>
    <difficult>0</difficult>
    <bndbox>
      <xmin>430</xmin>
      <ymin>722</ymin>
      <xmax>461</xmax>
      <ymax>737</ymax>
    </bndbox>
  </object>
  <object>
    <name>word</name>
    <difficult>0</difficult>
    <bndbox>
      <xmin>427</xmin>
      <ymin>749</ymin>
      <xmax>459</xmax>
      <ymax>764</ymax>
    </bndbox>
  </object>
  <object>
    <name>word</name>
    <difficult>0</difficult>
    <bndbox>
      <xmin>427</xmin>
      <ymin>777</ymin>
      <xmax>459</xmax>
      <ymax>794</ymax>
    </bndbox>
  </object>
  <object>
    <name>word</name>
    <difficult>0</difficult>
    <bndbox>
      <xmin>78</xmin>
      <ymin>821</ymin>
      <xmax>106</xmax>
      <ymax>834</ymax>
    </bndbox>
  </object>
  <object>
    <name>word</name>
    <difficult>0</difficult>
    <bndbox>
      <xmin>534</xmin>
      <ymin>277</ymin>
      <xmax>573</xmax>
      <ymax>294</ymax>
    </bndbox>
  </object>
  <object>
    <name>word</name>
    <difficult>0</difficult>
    <bndbox>
      <xmin>510</xmin>
      <ymin>292</ymin>
      <xmax>597</xmax>
      <ymax>305</ymax>
    </bndbox>
  </object>
  <object>
    <name>word</name>
    <difficult>0</difficult>
    <bndbox>
      <xmin>510</xmin>
      <ymin>318</ymin>
      <xmax>595</xmax>
      <ymax>332</ymax>
    </bndbox>
  </object>
  <object>
    <name>word</name>
    <difficult>0</difficult>
    <bndbox>
      <xmin>504</xmin>
      <ymin>345</ymin>
      <xmax>596</xmax>
      <ymax>365</ymax>
    </bndbox>
  </object>
  <object>
    <name>word</name>
    <difficult>0</difficult>
    <bndbox>
      <xmin>434</xmin>
      <ymin>388</ymin>
      <xmax>465</xmax>
      <ymax>401</ymax>
    </bndbox>
  </object>
  <object>
    <name>word</name>
    <difficult>0</difficult>
    <bndbox>
      <xmin>510</xmin>
      <ymin>440</ymin>
      <xmax>597</xmax>
      <ymax>461</ymax>
    </bndbox>
  </object>
  <object>
    <name>word</name>
    <difficult>0</difficult>
    <bndbox>
      <xmin>507</xmin>
      <ymin>483</ymin>
      <xmax>596</xmax>
      <ymax>501</ymax>
    </bndbox>
  </object>
  <object>
    <name>word</name>
    <difficult>0</difficult>
    <bndbox>
      <xmin>494</xmin>
      <ymin>527</ymin>
      <xmax>555</xmax>
      <ymax>541</ymax>
    </bndbox>
  </object>
  <object>
    <name>word</name>
    <difficult>0</difficult>
    <bndbox>
      <xmin>563</xmin>
      <ymin>528</ymin>
      <xmax>597</xmax>
      <ymax>539</ymax>
    </bndbox>
  </object>
  <object>
    <name>word</name>
    <difficult>0</difficult>
    <bndbox>
      <xmin>233</xmin>
      <ymin>570</ymin>
      <xmax>260</xmax>
      <ymax>585</ymax>
    </bndbox>
  </object>
  <object>
    <name>word</name>
    <difficult>0</difficult>
    <bndbox>
      <xmin>242</xmin>
      <ymin>598</ymin>
      <xmax>292</xmax>
      <ymax>613</ymax>
    </bndbox>
  </object>
  <object>
    <name>word</name>
    <difficult>0</difficult>
    <bndbox>
      <xmin>237</xmin>
      <ymin>764</ymin>
      <xmax>308</xmax>
      <ymax>818</ymax>
    </bndbox>
  </object>
  <object>
    <name>word</name>
    <difficult>0</difficult>
    <bndbox>
      <xmin>285</xmin>
      <ymin>789</ymin>
      <xmax>339</xmax>
      <ymax>806</ymax>
    </bndbox>
  </object>
  <object>
    <name>word</name>
    <difficult>0</difficult>
    <bndbox>
      <xmin>260</xmin>
      <ymin>791</ymin>
      <xmax>281</xmax>
      <ymax>805</ymax>
    </bndbox>
  </object>
  <object>
    <name>word</name>
    <difficult>0</difficult>
    <bndbox>
      <xmin>243</xmin>
      <ymin>792</ymin>
      <xmax>260</xmax>
      <ymax>807</ymax>
    </bndbox>
  </object>
  <object>
    <name>word</name>
    <difficult>0</difficult>
    <bndbox>
      <xmin>486</xmin>
      <ymin>832</ymin>
      <xmax>536</xmax>
      <ymax>849</ymax>
    </bndbox>
  </object>
  <object>
    <name>word</name>
    <difficult>0</difficult>
    <bndbox>
      <xmin>532</xmin>
      <ymin>862</ymin>
      <xmax>651</xmax>
      <ymax>889</ymax>
    </bndbox>
  </object>
  <object>
    <name>word</name>
    <difficult>0</difficult>
    <bndbox>
      <xmin>538</xmin>
      <ymin>67</ymin>
      <xmax>553</xmax>
      <ymax>82</ymax>
    </bndbox>
  </object>
  <object>
    <name>word</name>
    <difficult>0</difficult>
    <bndbox>
      <xmin>478</xmin>
      <ymin>70</ymin>
      <xmax>500</xmax>
      <ymax>85</ymax>
    </bndbox>
  </object>
  <object>
    <name>word</name>
    <difficult>0</difficult>
    <bndbox>
      <xmin>237</xmin>
      <ymin>42</ymin>
      <xmax>303</xmax>
      <ymax>56</ymax>
    </bndbox>
  </object>
  <object>
    <name>word</name>
    <difficult>0</difficult>
    <bndbox>
      <xmin>307</xmin>
      <ymin>42</ymin>
      <xmax>366</xmax>
      <ymax>56</ymax>
    </bndbox>
  </object>
  <object>
    <name>word</name>
    <difficult>0</difficult>
    <bndbox>
      <xmin>372</xmin>
      <ymin>42</ymin>
      <xmax>459</xmax>
      <ymax>55</ymax>
    </bndbox>
  </object>
  <object>
    <name>word</name>
    <difficult>0</difficult>
    <bndbox>
      <xmin>242</xmin>
      <ymin>54</ymin>
      <xmax>329</xmax>
      <ymax>69</ymax>
    </bndbox>
  </object>
  <object>
    <name>word</name>
    <difficult>0</difficult>
    <bndbox>
      <xmin>334</xmin>
      <ymin>54</ymin>
      <xmax>390</xmax>
      <ymax>68</ymax>
    </bndbox>
  </object>
  <object>
    <name>word</name>
    <difficult>0</difficult>
    <bndbox>
      <xmin>394</xmin>
      <ymin>54</ymin>
      <xmax>458</xmax>
      <ymax>71</ymax>
    </bndbox>
  </object>
  <object>
    <name>word</name>
    <difficult>0</difficult>
    <bndbox>
      <xmin>170</xmin>
      <ymin>95</ymin>
      <xmax>187</xmax>
      <ymax>109</ymax>
    </bndbox>
  </object>
  <object>
    <name>word</name>
    <difficult>0</difficult>
    <bndbox>
      <xmin>187</xmin>
      <ymin>98</ymin>
      <xmax>194</xmax>
      <ymax>112</ymax>
    </bndbox>
  </object>
  <object>
    <name>word</name>
    <difficult>0</difficult>
    <bndbox>
      <xmin>198</xmin>
      <ymin>96</ymin>
      <xmax>237</xmax>
      <ymax>111</ymax>
    </bndbox>
  </object>
  <object>
    <name>word</name>
    <difficult>0</difficult>
    <bndbox>
      <xmin>242</xmin>
      <ymin>96</ymin>
      <xmax>269</xmax>
      <ymax>113</ymax>
    </bndbox>
  </object>
  <object>
    <name>word</name>
    <difficult>0</difficult>
    <bndbox>
      <xmin>270</xmin>
      <ymin>99</ymin>
      <xmax>278</xmax>
      <ymax>109</ymax>
    </bndbox>
  </object>
  <object>
    <name>word</name>
    <difficult>0</difficult>
    <bndbox>
      <xmin>285</xmin>
      <ymin>99</ymin>
      <xmax>305</xmax>
      <ymax>109</ymax>
    </bndbox>
  </object>
  <object>
    <name>word</name>
    <difficult>0</difficult>
    <bndbox>
      <xmin>311</xmin>
      <ymin>96</ymin>
      <xmax>361</xmax>
      <ymax>111</ymax>
    </bndbox>
  </object>
  <object>
    <name>word</name>
    <difficult>0</difficult>
    <bndbox>
      <xmin>367</xmin>
      <ymin>96</ymin>
      <xmax>406</xmax>
      <ymax>110</ymax>
    </bndbox>
  </object>
  <object>
    <name>word</name>
    <difficult>0</difficult>
    <bndbox>
      <xmin>411</xmin>
      <ymin>95</ymin>
      <xmax>436</xmax>
      <ymax>112</ymax>
    </bndbox>
  </object>
  <object>
    <name>word</name>
    <difficult>0</difficult>
    <bndbox>
      <xmin>434</xmin>
      <ymin>99</ymin>
      <xmax>447</xmax>
      <ymax>112</ymax>
    </bndbox>
  </object>
  <object>
    <name>word</name>
    <difficult>0</difficult>
    <bndbox>
      <xmin>176</xmin>
      <ymin>126</ymin>
      <xmax>191</xmax>
      <ymax>137</ymax>
    </bndbox>
  </object>
  <object>
    <name>word</name>
    <difficult>0</difficult>
    <bndbox>
      <xmin>198</xmin>
      <ymin>124</ymin>
      <xmax>213</xmax>
      <ymax>138</ymax>
    </bndbox>
  </object>
  <object>
    <name>word</name>
    <difficult>0</difficult>
    <bndbox>
      <xmin>221</xmin>
      <ymin>124</ymin>
      <xmax>284</xmax>
      <ymax>138</ymax>
    </bndbox>
  </object>
  <object>
    <name>word</name>
    <difficult>0</difficult>
    <bndbox>
      <xmin>80</xmin>
      <ymin>124</ymin>
      <xmax>144</xmax>
      <ymax>138</ymax>
    </bndbox>
  </object>
  <object>
    <name>word</name>
    <difficult>0</difficult>
    <bndbox>
      <xmin>151</xmin>
      <ymin>124</ymin>
      <xmax>173</xmax>
      <ymax>139</ymax>
    </bndbox>
  </object>
  <object>
    <name>word</name>
    <difficult>0</difficult>
    <bndbox>
      <xmin>311</xmin>
      <ymin>126</ymin>
      <xmax>368</xmax>
      <ymax>139</ymax>
    </bndbox>
  </object>
  <object>
    <name>word</name>
    <difficult>0</difficult>
    <bndbox>
      <xmin>374</xmin>
      <ymin>124</ymin>
      <xmax>427</xmax>
      <ymax>138</ymax>
    </bndbox>
  </object>
  <object>
    <name>word</name>
    <difficult>0</difficult>
    <bndbox>
      <xmin>430</xmin>
      <ymin>124</ymin>
      <xmax>496</xmax>
      <ymax>137</ymax>
    </bndbox>
  </object>
  <object>
    <name>word</name>
    <difficult>0</difficult>
    <bndbox>
      <xmin>310</xmin>
      <ymin>149</ymin>
      <xmax>367</xmax>
      <ymax>166</ymax>
    </bndbox>
  </object>
  <object>
    <name>word</name>
    <difficult>0</difficult>
    <bndbox>
      <xmin>374</xmin>
      <ymin>152</ymin>
      <xmax>431</xmax>
      <ymax>166</ymax>
    </bndbox>
  </object>
  <object>
    <name>word</name>
    <difficult>0</difficult>
    <bndbox>
      <xmin>436</xmin>
      <ymin>154</ymin>
      <xmax>483</xmax>
      <ymax>168</ymax>
    </bndbox>
  </object>
  <object>
    <name>word</name>
    <difficult>0</difficult>
    <bndbox>
      <xmin>80</xmin>
      <ymin>166</ymin>
      <xmax>160</xmax>
      <ymax>181</ymax>
    </bndbox>
  </object>
  <object>
    <name>word</name>
    <difficult>0</difficult>
    <bndbox>
      <xmin>163</xmin>
      <ymin>166</ymin>
      <xmax>227</xmax>
      <ymax>180</ymax>
    </bndbox>
  </object>
  <object>
    <name>word</name>
    <difficult>0</difficult>
    <bndbox>
      <xmin>233</xmin>
      <ymin>165</ymin>
      <xmax>299</xmax>
      <ymax>180</ymax>
    </bndbox>
  </object>
  <object>
    <name>word</name>
    <difficult>0</difficult>
    <bndbox>
      <xmin>80</xmin>
      <ymin>247</ymin>
      <xmax>123</xmax>
      <ymax>267</ymax>
    </bndbox>
  </object>
  <object>
    <name>word</name>
    <difficult>0</difficult>
    <bndbox>
      <xmin>128</xmin>
      <ymin>249</ymin>
      <xmax>166</xmax>
      <ymax>266</ymax>
    </bndbox>
  </object>
  <object>
    <name>word</name>
    <difficult>0</difficult>
    <bndbox>
      <xmin>236</xmin>
      <ymin>222</ymin>
      <xmax>244</xmax>
      <ymax>237</ymax>
    </bndbox>
  </object>
  <object>
    <name>word</name>
    <difficult>0</difficult>
    <bndbox>
      <xmin>244</xmin>
      <ymin>221</ymin>
      <xmax>285</xmax>
      <ymax>238</ymax>
    </bndbox>
  </object>
  <object>
    <name>word</name>
    <difficult>0</difficult>
    <bndbox>
      <xmin>289</xmin>
      <ymin>222</ymin>
      <xmax>300</xmax>
      <ymax>233</ymax>
    </bndbox>
  </object>
  <object>
    <name>word</name>
    <difficult>0</difficult>
    <bndbox>
      <xmin>302</xmin>
      <ymin>222</ymin>
      <xmax>322</xmax>
      <ymax>236</ymax>
    </bndbox>
  </object>
  <object>
    <name>word</name>
    <difficult>0</difficult>
    <bndbox>
      <xmin>320</xmin>
      <ymin>221</ymin>
      <xmax>347</xmax>
      <ymax>235</ymax>
    </bndbox>
  </object>
  <object>
    <name>word</name>
    <difficult>0</difficult>
    <bndbox>
      <xmin>235</xmin>
      <ymin>249</ymin>
      <xmax>241</xmax>
      <ymax>264</ymax>
    </bndbox>
  </object>
  <object>
    <name>word</name>
    <difficult>0</difficult>
    <bndbox>
      <xmin>240</xmin>
      <ymin>249</ymin>
      <xmax>283</xmax>
      <ymax>266</ymax>
    </bndbox>
  </object>
  <object>
    <name>word</name>
    <difficult>0</difficult>
    <bndbox>
      <xmin>291</xmin>
      <ymin>247</ymin>
      <xmax>301</xmax>
      <ymax>262</ymax>
    </bndbox>
  </object>
  <object>
    <name>word</name>
    <difficult>0</difficult>
    <bndbox>
      <xmin>300</xmin>
      <ymin>247</ymin>
      <xmax>313</xmax>
      <ymax>264</ymax>
    </bndbox>
  </object>
  <object>
    <name>word</name>
    <difficult>0</difficult>
    <bndbox>
      <xmin>314</xmin>
      <ymin>247</ymin>
      <xmax>320</xmax>
      <ymax>265</ymax>
    </bndbox>
  </object>
  <object>
    <name>word</name>
    <difficult>0</difficult>
    <bndbox>
      <xmin>320</xmin>
      <ymin>247</ymin>
      <xmax>348</xmax>
      <ymax>261</ymax>
    </bndbox>
  </object>
  <object>
    <name>word</name>
    <difficult>0</difficult>
    <bndbox>
      <xmin>448</xmin>
      <ymin>191</ymin>
      <xmax>487</xmax>
      <ymax>208</ymax>
    </bndbox>
  </object>
  <object>
    <name>word</name>
    <difficult>0</difficult>
    <bndbox>
      <xmin>492</xmin>
      <ymin>191</ymin>
      <xmax>524</xmax>
      <ymax>208</ymax>
    </bndbox>
  </object>
  <object>
    <name>word</name>
    <difficult>0</difficult>
    <bndbox>
      <xmin>553</xmin>
      <ymin>180</ymin>
      <xmax>585</xmax>
      <ymax>194</ymax>
    </bndbox>
  </object>
  <object>
    <name>word</name>
    <difficult>0</difficult>
    <bndbox>
      <xmin>589</xmin>
      <ymin>180</ymin>
      <xmax>613</xmax>
      <ymax>193</ymax>
    </bndbox>
  </object>
  <object>
    <name>word</name>
    <difficult>0</difficult>
    <bndbox>
      <xmin>556</xmin>
      <ymin>191</ymin>
      <xmax>624</xmax>
      <ymax>208</ymax>
    </bndbox>
  </object>
  <object>
    <name>word</name>
    <difficult>0</difficult>
    <bndbox>
      <xmin>437</xmin>
      <ymin>219</ymin>
      <xmax>445</xmax>
      <ymax>237</ymax>
    </bndbox>
  </object>
  <object>
    <name>word</name>
    <difficult>0</difficult>
    <bndbox>
      <xmin>444</xmin>
      <ymin>221</ymin>
      <xmax>491</xmax>
      <ymax>236</ymax>
    </bndbox>
  </object>
  <object>
    <name>word</name>
    <difficult>0</difficult>
    <bndbox>
      <xmin>437</xmin>
      <ymin>246</ymin>
      <xmax>445</xmax>
      <ymax>264</ymax>
    </bndbox>
  </object>
  <object>
    <name>word</name>
    <difficult>0</difficult>
    <bndbox>
      <xmin>446</xmin>
      <ymin>249</ymin>
      <xmax>489</xmax>
      <ymax>264</ymax>
    </bndbox>
  </object>
  <object>
    <name>word</name>
    <difficult>0</difficult>
    <bndbox>
      <xmin>353</xmin>
      <ymin>219</ymin>
      <xmax>361</xmax>
      <ymax>236</ymax>
    </bndbox>
  </object>
  <object>
    <name>word</name>
    <difficult>0</difficult>
    <bndbox>
      <xmin>362</xmin>
      <ymin>222</ymin>
      <xmax>394</xmax>
      <ymax>236</ymax>
    </bndbox>
  </object>
  <object>
    <name>word</name>
    <difficult>0</difficult>
    <bndbox>
      <xmin>355</xmin>
      <ymin>247</ymin>
      <xmax>361</xmax>
      <ymax>264</ymax>
    </bndbox>
  </object>
  <object>
    <name>word</name>
    <difficult>0</difficult>
    <bndbox>
      <xmin>362</xmin>
      <ymin>249</ymin>
      <xmax>390</xmax>
      <ymax>264</ymax>
    </bndbox>
  </object>
  <object>
    <name>word</name>
    <difficult>0</difficult>
    <bndbox>
      <xmin>550</xmin>
      <ymin>221</ymin>
      <xmax>558</xmax>
      <ymax>235</ymax>
    </bndbox>
  </object>
  <object>
    <name>word</name>
    <difficult>0</difficult>
    <bndbox>
      <xmin>559</xmin>
      <ymin>222</ymin>
      <xmax>590</xmax>
      <ymax>236</ymax>
    </bndbox>
  </object>
  <object>
    <name>word</name>
    <difficult>0</difficult>
    <bndbox>
      <xmin>552</xmin>
      <ymin>247</ymin>
      <xmax>559</xmax>
      <ymax>264</ymax>
    </bndbox>
  </object>
  <object>
    <name>word</name>
    <difficult>0</difficult>
    <bndbox>
      <xmin>559</xmin>
      <ymin>247</ymin>
      <xmax>588</xmax>
      <ymax>264</ymax>
    </bndbox>
  </object>
  <object>
    <name>word</name>
    <difficult>0</difficult>
    <bndbox>
      <xmin>77</xmin>
      <ymin>291</ymin>
      <xmax>137</xmax>
      <ymax>304</ymax>
    </bndbox>
  </object>
  <object>
    <name>word</name>
    <difficult>0</difficult>
    <bndbox>
      <xmin>142</xmin>
      <ymin>292</ymin>
      <xmax>177</xmax>
      <ymax>306</ymax>
    </bndbox>
  </object>
  <object>
    <name>word</name>
    <difficult>0</difficult>
    <bndbox>
      <xmin>184</xmin>
      <ymin>289</ymin>
      <xmax>216</xmax>
      <ymax>304</ymax>
    </bndbox>
  </object>
  <object>
    <name>word</name>
    <difficult>0</difficult>
    <bndbox>
      <xmin>232</xmin>
      <ymin>288</ymin>
      <xmax>250</xmax>
      <ymax>305</ymax>
    </bndbox>
  </object>
  <object>
    <name>word</name>
    <difficult>0</difficult>
    <bndbox>
      <xmin>253</xmin>
      <ymin>288</ymin>
      <xmax>268</xmax>
      <ymax>305</ymax>
    </bndbox>
  </object>
  <object>
    <name>word</name>
    <difficult>0</difficult>
    <bndbox>
      <xmin>268</xmin>
      <ymin>292</ymin>
      <xmax>286</xmax>
      <ymax>306</ymax>
    </bndbox>
  </object>
  <object>
    <name>word</name>
    <difficult>0</difficult>
    <bndbox>
      <xmin>233</xmin>
      <ymin>314</ymin>
      <xmax>250</xmax>
      <ymax>331</ymax>
    </bndbox>
  </object>
  <object>
    <name>word</name>
    <difficult>0</difficult>
    <bndbox>
      <xmin>251</xmin>
      <ymin>317</ymin>
      <xmax>269</xmax>
      <ymax>332</ymax>
    </bndbox>
  </object>
  <object>
    <name>word</name>
    <difficult>0</difficult>
    <bndbox>
      <xmin>270</xmin>
      <ymin>317</ymin>
      <xmax>285</xmax>
      <ymax>331</ymax>
    </bndbox>
  </object>
  <object>
    <name>word</name>
    <difficult>0</difficult>
    <bndbox>
      <xmin>77</xmin>
      <ymin>317</ymin>
      <xmax>111</xmax>
      <ymax>335</ymax>
    </bndbox>
  </object>
  <object>
    <name>word</name>
    <difficult>0</difficult>
    <bndbox>
      <xmin>113</xmin>
      <ymin>317</ymin>
      <xmax>149</xmax>
      <ymax>335</ymax>
    </bndbox>
  </object>
  <object>
    <name>word</name>
    <difficult>0</difficult>
    <bndbox>
      <xmin>156</xmin>
      <ymin>320</ymin>
      <xmax>190</xmax>
      <ymax>335</ymax>
    </bndbox>
  </object>
  <object>
    <name>word</name>
    <difficult>0</difficult>
    <bndbox>
      <xmin>89</xmin>
      <ymin>332</ymin>
      <xmax>123</xmax>
      <ymax>346</ymax>
    </bndbox>
  </object>
  <object>
    <name>word</name>
    <difficult>0</difficult>
    <bndbox>
      <xmin>123</xmin>
      <ymin>334</ymin>
      <xmax>144</xmax>
      <ymax>349</ymax>
    </bndbox>
  </object>
  <object>
    <name>word</name>
    <difficult>0</difficult>
    <bndbox>
      <xmin>81</xmin>
      <ymin>401</ymin>
      <xmax>117</xmax>
      <ymax>419</ymax>
    </bndbox>
  </object>
  <object>
    <name>word</name>
    <difficult>0</difficult>
    <bndbox>
      <xmin>119</xmin>
      <ymin>401</ymin>
      <xmax>185</xmax>
      <ymax>416</ymax>
    </bndbox>
  </object>
  <object>
    <name>word</name>
    <difficult>0</difficult>
    <bndbox>
      <xmin>89</xmin>
      <ymin>416</ymin>
      <xmax>121</xmax>
      <ymax>434</ymax>
    </bndbox>
  </object>
  <object>
    <name>word</name>
    <difficult>0</difficult>
    <bndbox>
      <xmin>122</xmin>
      <ymin>416</ymin>
      <xmax>146</xmax>
      <ymax>434</ymax>
    </bndbox>
  </object>
  <object>
    <name>word</name>
    <difficult>0</difficult>
    <bndbox>
      <xmin>232</xmin>
      <ymin>401</ymin>
      <xmax>250</xmax>
      <ymax>418</ymax>
    </bndbox>
  </object>
  <object>
    <name>word</name>
    <difficult>0</difficult>
    <bndbox>
      <xmin>250</xmin>
      <ymin>399</ymin>
      <xmax>270</xmax>
      <ymax>417</ymax>
    </bndbox>
  </object>
  <object>
    <name>word</name>
    <difficult>0</difficult>
    <bndbox>
      <xmin>270</xmin>
      <ymin>404</ymin>
      <xmax>285</xmax>
      <ymax>417</ymax>
    </bndbox>
  </object>
  <object>
    <name>word</name>
    <difficult>0</difficult>
    <bndbox>
      <xmin>77</xmin>
      <ymin>471</ymin>
      <xmax>113</xmax>
      <ymax>488</ymax>
    </bndbox>
  </object>
  <object>
    <name>word</name>
    <difficult>0</difficult>
    <bndbox>
      <xmin>122</xmin>
      <ymin>472</ymin>
      <xmax>165</xmax>
      <ymax>487</ymax>
    </bndbox>
  </object>
  <object>
    <name>word</name>
    <difficult>0</difficult>
    <bndbox>
      <xmin>168</xmin>
      <ymin>472</ymin>
      <xmax>196</xmax>
      <ymax>483</ymax>
    </bndbox>
  </object>
  <object>
    <name>word</name>
    <difficult>0</difficult>
    <bndbox>
      <xmin>80</xmin>
      <ymin>485</ymin>
      <xmax>146</xmax>
      <ymax>499</ymax>
    </bndbox>
  </object>
  <object>
    <name>word</name>
    <difficult>0</difficult>
    <bndbox>
      <xmin>149</xmin>
      <ymin>485</ymin>
      <xmax>187</xmax>
      <ymax>503</ymax>
    </bndbox>
  </object>
  <object>
    <name>word</name>
    <difficult>0</difficult>
    <bndbox>
      <xmin>91</xmin>
      <ymin>499</ymin>
      <xmax>122</xmax>
      <ymax>513</ymax>
    </bndbox>
  </object>
  <object>
    <name>word</name>
    <difficult>0</difficult>
    <bndbox>
      <xmin>123</xmin>
      <ymin>500</ymin>
      <xmax>144</xmax>
      <ymax>515</ymax>
    </bndbox>
  </object>
  <object>
    <name>word</name>
    <difficult>0</difficult>
    <bndbox>
      <xmin>233</xmin>
      <ymin>469</ymin>
      <xmax>248</xmax>
      <ymax>487</ymax>
    </bndbox>
  </object>
  <object>
    <name>word</name>
    <difficult>0</difficult>
    <bndbox>
      <xmin>247</xmin>
      <ymin>468</ymin>
      <xmax>262</xmax>
      <ymax>488</ymax>
    </bndbox>
  </object>
  <object>
    <name>word</name>
    <difficult>0</difficult>
    <bndbox>
      <xmin>261</xmin>
      <ymin>472</ymin>
      <xmax>281</xmax>
      <ymax>487</ymax>
    </bndbox>
  </object>
  <object>
    <name>word</name>
    <difficult>0</difficult>
    <bndbox>
      <xmin>318</xmin>
      <ymin>277</ymin>
      <xmax>370</xmax>
      <ymax>294</ymax>
    </bndbox>
  </object>
  <object>
    <name>word</name>
    <difficult>0</difficult>
    <bndbox>
      <xmin>374</xmin>
      <ymin>275</ymin>
      <xmax>392</xmax>
      <ymax>293</ymax>
    </bndbox>
  </object>
  <object>
    <name>word</name>
    <difficult>0</difficult>
    <bndbox>
      <xmin>392</xmin>
      <ymin>277</ymin>
      <xmax>419</xmax>
      <ymax>290</ymax>
    </bndbox>
  </object>
  <object>
    <name>word</name>
    <difficult>0</difficult>
    <bndbox>
      <xmin>422</xmin>
      <ymin>275</ymin>
      <xmax>467</xmax>
      <ymax>292</ymax>
    </bndbox>
  </object>
  <object>
    <name>word</name>
    <difficult>0</difficult>
    <bndbox>
      <xmin>317</xmin>
      <ymin>289</ymin>
      <xmax>353</xmax>
      <ymax>303</ymax>
    </bndbox>
  </object>
  <object>
    <name>word</name>
    <difficult>0</difficult>
    <bndbox>
      <xmin>359</xmin>
      <ymin>292</ymin>
      <xmax>390</xmax>
      <ymax>305</ymax>
    </bndbox>
  </object>
  <object>
    <name>word</name>
    <difficult>0</difficult>
    <bndbox>
      <xmin>392</xmin>
      <ymin>289</ymin>
      <xmax>448</xmax>
      <ymax>306</ymax>
    </bndbox>
  </object>
  <object>
    <name>word</name>
    <difficult>0</difficult>
    <bndbox>
      <xmin>317</xmin>
      <ymin>317</ymin>
      <xmax>367</xmax>
      <ymax>332</ymax>
    </bndbox>
  </object>
  <object>
    <name>word</name>
    <difficult>0</difficult>
    <bndbox>
      <xmin>373</xmin>
      <ymin>317</ymin>
      <xmax>402</xmax>
      <ymax>334</ymax>
    </bndbox>
  </object>
  <object>
    <name>word</name>
    <difficult>0</difficult>
    <bndbox>
      <xmin>408</xmin>
      <ymin>317</ymin>
      <xmax>481</xmax>
      <ymax>331</ymax>
    </bndbox>
  </object>
  <object>
    <name>word</name>
    <difficult>0</difficult>
    <bndbox>
      <xmin>316</xmin>
      <ymin>345</ymin>
      <xmax>350</xmax>
      <ymax>362</ymax>
    </bndbox>
  </object>
  <object>
    <name>word</name>
    <difficult>0</difficult>
    <bndbox>
      <xmin>351</xmin>
      <ymin>346</ymin>
      <xmax>405</xmax>
      <ymax>361</ymax>
    </bndbox>
  </object>
  <object>
    <name>word</name>
    <difficult>0</difficult>
    <bndbox>
      <xmin>320</xmin>
      <ymin>360</ymin>
      <xmax>356</xmax>
      <ymax>377</ymax>
    </bndbox>
  </object>
  <object>
    <name>word</name>
    <difficult>0</difficult>
    <bndbox>
      <xmin>360</xmin>
      <ymin>362</ymin>
      <xmax>407</xmax>
      <ymax>375</ymax>
    </bndbox>
  </object>
  <object>
    <name>word</name>
    <difficult>0</difficult>
    <bndbox>
      <xmin>413</xmin>
      <ymin>362</ymin>
      <xmax>463</xmax>
      <ymax>375</ymax>
    </bndbox>
  </object>
  <object>
    <name>word</name>
    <difficult>0</difficult>
    <bndbox>
      <xmin>318</xmin>
      <ymin>388</ymin>
      <xmax>347</xmax>
      <ymax>403</ymax>
    </bndbox>
  </object>
  <object>
    <name>word</name>
    <difficult>0</difficult>
    <bndbox>
      <xmin>351</xmin>
      <ymin>390</ymin>
      <xmax>397</xmax>
      <ymax>404</ymax>
    </bndbox>
  </object>
  <object>
    <name>word</name>
    <difficult>0</difficult>
    <bndbox>
      <xmin>317</xmin>
      <ymin>404</ymin>
      <xmax>356</xmax>
      <ymax>417</ymax>
    </bndbox>
  </object>
  <object>
    <name>word</name>
    <difficult>0</difficult>
    <bndbox>
      <xmin>358</xmin>
      <ymin>404</ymin>
      <xmax>392</xmax>
      <ymax>417</ymax>
    </bndbox>
  </object>
  <object>
    <name>word</name>
    <difficult>0</difficult>
    <bndbox>
      <xmin>395</xmin>
      <ymin>405</ymin>
      <xmax>436</xmax>
      <ymax>418</ymax>
    </bndbox>
  </object>
  <object>
    <name>word</name>
    <difficult>0</difficult>
    <bndbox>
      <xmin>443</xmin>
      <ymin>402</ymin>
      <xmax>492</xmax>
      <ymax>419</ymax>
    </bndbox>
  </object>
  <object>
    <name>word</name>
    <difficult>0</difficult>
    <bndbox>
      <xmin>318</xmin>
      <ymin>444</ymin>
      <xmax>340</xmax>
      <ymax>459</ymax>
    </bndbox>
  </object>
  <object>
    <name>word</name>
    <difficult>0</difficult>
    <bndbox>
      <xmin>346</xmin>
      <ymin>444</ymin>
      <xmax>402</xmax>
      <ymax>459</ymax>
    </bndbox>
  </object>
  <object>
    <name>word</name>
    <difficult>0</difficult>
    <bndbox>
      <xmin>318</xmin>
      <ymin>485</ymin>
      <xmax>382</xmax>
      <ymax>500</ymax>
    </bndbox>
  </object>
  <object>
    <name>word</name>
    <difficult>0</difficult>
    <bndbox>
      <xmin>387</xmin>
      <ymin>485</ymin>
      <xmax>404</xmax>
      <ymax>502</ymax>
    </bndbox>
  </object>
  <object>
    <name>word</name>
    <difficult>0</difficult>
    <bndbox>
      <xmin>409</xmin>
      <ymin>485</ymin>
      <xmax>445</xmax>
      <ymax>502</ymax>
    </bndbox>
  </object>
  <object>
    <name>word</name>
    <difficult>0</difficult>
    <bndbox>
      <xmin>317</xmin>
      <ymin>501</ymin>
      <xmax>373</xmax>
      <ymax>516</ymax>
    </bndbox>
  </object>
  <object>
    <name>word</name>
    <difficult>0</difficult>
    <bndbox>
      <xmin>378</xmin>
      <ymin>501</ymin>
      <xmax>419</xmax>
      <ymax>515</ymax>
    </bndbox>
  </object>
  <object>
    <name>word</name>
    <difficult>0</difficult>
    <bndbox>
      <xmin>387</xmin>
      <ymin>524</ymin>
      <xmax>437</xmax>
      <ymax>542</ymax>
    </bndbox>
  </object>
  <object>
    <name>word</name>
    <difficult>0</difficult>
    <bndbox>
      <xmin>444</xmin>
      <ymin>528</ymin>
      <xmax>472</xmax>
      <ymax>542</ymax>
    </bndbox>
  </object>
  <object>
    <name>word</name>
    <difficult>0</difficult>
    <bndbox>
      <xmin>446</xmin>
      <ymin>541</ymin>
      <xmax>503</xmax>
      <ymax>558</ymax>
    </bndbox>
  </object>
  <object>
    <name>word</name>
    <difficult>0</difficult>
    <bndbox>
      <xmin>507</xmin>
      <ymin>541</ymin>
      <xmax>545</xmax>
      <ymax>559</ymax>
    </bndbox>
  </object>
  <object>
    <name>word</name>
    <difficult>0</difficult>
    <bndbox>
      <xmin>550</xmin>
      <ymin>541</ymin>
      <xmax>578</xmax>
      <ymax>559</ymax>
    </bndbox>
  </object>
  <object>
    <name>word</name>
    <difficult>0</difficult>
    <bndbox>
      <xmin>585</xmin>
      <ymin>541</ymin>
      <xmax>621</xmax>
      <ymax>558</ymax>
    </bndbox>
  </object>
  <object>
    <name>word</name>
    <difficult>0</difficult>
    <bndbox>
      <xmin>78</xmin>
      <ymin>568</ymin>
      <xmax>124</xmax>
      <ymax>582</ymax>
    </bndbox>
  </object>
  <object>
    <name>word</name>
    <difficult>0</difficult>
    <bndbox>
      <xmin>127</xmin>
      <ymin>568</ymin>
      <xmax>163</xmax>
      <ymax>583</ymax>
    </bndbox>
  </object>
  <object>
    <name>word</name>
    <difficult>0</difficult>
    <bndbox>
      <xmin>80</xmin>
      <ymin>596</ymin>
      <xmax>160</xmax>
      <ymax>613</ymax>
    </bndbox>
  </object>
  <object>
    <name>word</name>
    <difficult>0</difficult>
    <bndbox>
      <xmin>163</xmin>
      <ymin>596</ymin>
      <xmax>229</xmax>
      <ymax>611</ymax>
    </bndbox>
  </object>
  <object>
    <name>word</name>
    <difficult>0</difficult>
    <bndbox>
      <xmin>80</xmin>
      <ymin>623</ymin>
      <xmax>122</xmax>
      <ymax>640</ymax>
    </bndbox>
  </object>
  <object>
    <name>word</name>
    <difficult>0</difficult>
    <bndbox>
      <xmin>123</xmin>
      <ymin>624</ymin>
      <xmax>143</xmax>
      <ymax>641</ymax>
    </bndbox>
  </object>
  <object>
    <name>word</name>
    <difficult>0</difficult>
    <bndbox>
      <xmin>151</xmin>
      <ymin>624</ymin>
      <xmax>173</xmax>
      <ymax>641</ymax>
    </bndbox>
  </object>
  <object>
    <name>word</name>
    <difficult>0</difficult>
    <bndbox>
      <xmin>180</xmin>
      <ymin>623</ymin>
      <xmax>283</xmax>
      <ymax>643</ymax>
    </bndbox>
  </object>
  <object>
    <name>word</name>
    <difficult>0</difficult>
    <bndbox>
      <xmin>297</xmin>
      <ymin>624</ymin>
      <xmax>338</xmax>
      <ymax>639</ymax>
    </bndbox>
  </object>
  <object>
    <name>word</name>
    <difficult>0</difficult>
    <bndbox>
      <xmin>345</xmin>
      <ymin>623</ymin>
      <xmax>399</xmax>
      <ymax>640</ymax>
    </bndbox>
  </object>
  <object>
    <name>word</name>
    <difficult>0</difficult>
    <bndbox>
      <xmin>402</xmin>
      <ymin>624</ymin>
      <xmax>438</xmax>
      <ymax>638</ymax>
    </bndbox>
  </object>
  <object>
    <name>word</name>
    <difficult>0</difficult>
    <bndbox>
      <xmin>78</xmin>
      <ymin>662</ymin>
      <xmax>142</xmax>
      <ymax>682</ymax>
    </bndbox>
  </object>
  <object>
    <name>word</name>
    <difficult>0</difficult>
    <bndbox>
      <xmin>148</xmin>
      <ymin>666</ymin>
      <xmax>170</xmax>
      <ymax>683</ymax>
    </bndbox>
  </object>
  <object>
    <name>word</name>
    <difficult>0</difficult>
    <bndbox>
      <xmin>77</xmin>
      <ymin>694</ymin>
      <xmax>137</xmax>
      <ymax>711</ymax>
    </bndbox>
  </object>
  <object>
    <name>word</name>
    <difficult>0</difficult>
    <bndbox>
      <xmin>141</xmin>
      <ymin>694</ymin>
      <xmax>165</xmax>
      <ymax>711</ymax>
    </bndbox>
  </object>
  <object>
    <name>word</name>
    <difficult>0</difficult>
    <bndbox>
      <xmin>77</xmin>
      <ymin>721</ymin>
      <xmax>138</xmax>
      <ymax>738</ymax>
    </bndbox>
  </object>
  <object>
    <name>word</name>
    <difficult>0</difficult>
    <bndbox>
      <xmin>141</xmin>
      <ymin>722</ymin>
      <xmax>165</xmax>
      <ymax>736</ymax>
    </bndbox>
  </object>
  <object>
    <name>word</name>
    <difficult>0</difficult>
    <bndbox>
      <xmin>78</xmin>
      <ymin>750</ymin>
      <xmax>137</xmax>
      <ymax>767</ymax>
    </bndbox>
  </object>
  <object>
    <name>word</name>
    <difficult>0</difficult>
    <bndbox>
      <xmin>142</xmin>
      <ymin>747</ymin>
      <xmax>166</xmax>
      <ymax>768</ymax>
    </bndbox>
  </object>
  <object>
    <name>word</name>
    <difficult>0</difficult>
    <bndbox>
      <xmin>80</xmin>
      <ymin>777</ymin>
      <xmax>122</xmax>
      <ymax>795</ymax>
    </bndbox>
  </object>
  <object>
    <name>word</name>
    <difficult>0</difficult>
    <bndbox>
      <xmin>127</xmin>
      <ymin>778</ymin>
      <xmax>172</xmax>
      <ymax>795</ymax>
    </bndbox>
  </object>
  <object>
    <name>word</name>
    <difficult>0</difficult>
    <bndbox>
      <xmin>80</xmin>
      <ymin>806</ymin>
      <xmax>136</xmax>
      <ymax>820</ymax>
    </bndbox>
  </object>
  <object>
    <name>word</name>
    <difficult>0</difficult>
    <bndbox>
      <xmin>142</xmin>
      <ymin>809</ymin>
      <xmax>153</xmax>
      <ymax>819</ymax>
    </bndbox>
  </object>
  <object>
    <name>word</name>
    <difficult>0</difficult>
    <bndbox>
      <xmin>77</xmin>
      <ymin>848</ymin>
      <xmax>119</xmax>
      <ymax>863</ymax>
    </bndbox>
  </object>
  <object>
    <name>word</name>
    <difficult>0</difficult>
    <bndbox>
      <xmin>124</xmin>
      <ymin>851</ymin>
      <xmax>167</xmax>
      <ymax>862</ymax>
    </bndbox>
  </object>
  <object>
    <name>word</name>
    <difficult>0</difficult>
    <bndbox>
      <xmin>172</xmin>
      <ymin>851</ymin>
      <xmax>183</xmax>
      <ymax>862</ymax>
    </bndbox>
  </object>
  <object>
    <name>word</name>
    <difficult>0</difficult>
    <bndbox>
      <xmin>184</xmin>
      <ymin>851</ymin>
      <xmax>195</xmax>
      <ymax>862</ymax>
    </bndbox>
  </object>
  <object>
    <name>word</name>
    <difficult>0</difficult>
    <bndbox>
      <xmin>78</xmin>
      <ymin>865</ymin>
      <xmax>99</xmax>
      <ymax>878</ymax>
    </bndbox>
  </object>
  <object>
    <name>word</name>
    <difficult>0</difficult>
    <bndbox>
      <xmin>99</xmin>
      <ymin>866</ymin>
      <xmax>123</xmax>
      <ymax>874</ymax>
    </bndbox>
  </object>
  <object>
    <name>word</name>
    <difficult>0</difficult>
    <bndbox>
      <xmin>230</xmin>
      <ymin>658</ymin>
      <xmax>262</xmax>
      <ymax>680</ymax>
    </bndbox>
  </object>
  <object>
    <name>word</name>
    <difficult>0</difficult>
    <bndbox>
      <xmin>260</xmin>
      <ymin>659</ymin>
      <xmax>294</xmax>
      <ymax>681</ymax>
    </bndbox>
  </object>
  <object>
    <name>word</name>
    <difficult>0</difficult>
    <bndbox>
      <xmin>292</xmin>
      <ymin>662</ymin>
      <xmax>376</xmax>
      <ymax>690</ymax>
    </bndbox>
  </object>
  <object>
    <name>word</name>
    <difficult>0</difficult>
    <bndbox>
      <xmin>242</xmin>
      <ymin>707</ymin>
      <xmax>262</xmax>
      <ymax>722</ymax>
    </bndbox>
  </object>
  <object>
    <name>word</name>
    <difficult>0</difficult>
    <bndbox>
      <xmin>261</xmin>
      <ymin>709</ymin>
      <xmax>281</xmax>
      <ymax>723</ymax>
    </bndbox>
  </object>
  <object>
    <name>word</name>
    <difficult>0</difficult>
    <bndbox>
      <xmin>286</xmin>
      <ymin>689</ymin>
      <xmax>320</xmax>
      <ymax>731</ymax>
    </bndbox>
  </object>
  <object>
    <name>word</name>
    <difficult>0</difficult>
    <bndbox>
      <xmin>288</xmin>
      <ymin>708</ymin>
      <xmax>344</xmax>
      <ymax>726</ymax>
    </bndbox>
  </object>
  <object>
    <name>word</name>
    <difficult>0</difficult>
    <bndbox>
      <xmin>478</xmin>
      <ymin>656</ymin>
      <xmax>513</xmax>
      <ymax>688</ymax>
    </bndbox>
  </object>
  <object>
    <name>word</name>
    <difficult>0</difficult>
    <bndbox>
      <xmin>506</xmin>
      <ymin>662</ymin>
      <xmax>537</xmax>
      <ymax>689</ymax>
    </bndbox>
  </object>
  <object>
    <name>word</name>
    <difficult>0</difficult>
    <bndbox>
      <xmin>535</xmin>
      <ymin>668</ymin>
      <xmax>555</xmax>
      <ymax>685</ymax>
    </bndbox>
  </object>
  <object>
    <name>word</name>
    <difficult>0</difficult>
    <bndbox>
      <xmin>472</xmin>
      <ymin>684</ymin>
      <xmax>510</xmax>
      <ymax>716</ymax>
    </bndbox>
  </object>
  <object>
    <name>word</name>
    <difficult>0</difficult>
    <bndbox>
      <xmin>494</xmin>
      <ymin>689</ymin>
      <xmax>523</xmax>
      <ymax>717</ymax>
    </bndbox>
  </object>
  <object>
    <name>word</name>
    <difficult>0</difficult>
    <bndbox>
      <xmin>517</xmin>
      <ymin>694</ymin>
      <xmax>548</xmax>
      <ymax>715</ymax>
    </bndbox>
  </object>
  <object>
    <name>word</name>
    <difficult>0</difficult>
    <bndbox>
      <xmin>478</xmin>
      <ymin>758</ymin>
      <xmax>505</xmax>
      <ymax>800</ymax>
    </bndbox>
  </object>
  <object>
    <name>word</name>
    <difficult>0</difficult>
    <bndbox>
      <xmin>493</xmin>
      <ymin>764</ymin>
      <xmax>520</xmax>
      <ymax>798</ymax>
    </bndbox>
  </object>
  <object>
    <name>word</name>
    <difficult>0</difficult>
    <bndbox>
      <xmin>517</xmin>
      <ymin>772</ymin>
      <xmax>541</xmax>
      <ymax>793</ymax>
    </bndbox>
  </object>
  <object>
    <name>word</name>
    <difficult>0</difficult>
    <bndbox>
      <xmin>487</xmin>
      <ymin>820</ymin>
      <xmax>521</xmax>
      <ymax>835</ymax>
    </bndbox>
  </object>
  <object>
    <name>word</name>
    <difficult>0</difficult>
    <bndbox>
      <xmin>521</xmin>
      <ymin>820</ymin>
      <xmax>546</xmax>
      <ymax>834</ymax>
    </bndbox>
  </object>
  <object>
    <name>word</name>
    <difficult>0</difficult>
    <bndbox>
      <xmin>387</xmin>
      <ymin>820</ymin>
      <xmax>439</xmax>
      <ymax>835</ymax>
    </bndbox>
  </object>
  <object>
    <name>word</name>
    <difficult>0</difficult>
    <bndbox>
      <xmin>443</xmin>
      <ymin>820</ymin>
      <xmax>464</xmax>
      <ymax>835</ymax>
    </bndbox>
  </object>
  <object>
    <name>word</name>
    <difficult>0</difficult>
    <bndbox>
      <xmin>387</xmin>
      <ymin>835</ymin>
      <xmax>439</xmax>
      <ymax>848</ymax>
    </bndbox>
  </object>
  <object>
    <name>word</name>
    <difficult>0</difficult>
    <bndbox>
      <xmin>444</xmin>
      <ymin>837</ymin>
      <xmax>472</xmax>
      <ymax>851</ymax>
    </bndbox>
  </object>
  <object>
    <name>word</name>
    <difficult>0</difficult>
    <bndbox>
      <xmin>159</xmin>
      <ymin>804</ymin>
      <xmax>206</xmax>
      <ymax>822</ymax>
    </bndbox>
  </object>
  <object>
    <name>word</name>
    <difficult>0</difficult>
    <bndbox>
      <xmin>211</xmin>
      <ymin>806</ymin>
      <xmax>243</xmax>
      <ymax>821</ymax>
    </bndbox>
  </object>
  <object>
    <name>word</name>
    <difficult>0</difficult>
    <bndbox>
      <xmin>155</xmin>
      <ymin>821</ymin>
      <xmax>172</xmax>
      <ymax>834</ymax>
    </bndbox>
  </object>
  <object>
    <name>word</name>
    <difficult>0</difficult>
    <bndbox>
      <xmin>176</xmin>
      <ymin>820</ymin>
      <xmax>243</xmax>
      <ymax>837</ymax>
    </bndbox>
  </object>
  <object>
    <name>word</name>
    <difficult>0</difficult>
    <bndbox>
      <xmin>247</xmin>
      <ymin>821</ymin>
      <xmax>272</xmax>
      <ymax>836</ymax>
    </bndbox>
  </object>
  <object>
    <name>word</name>
    <difficult>0</difficult>
    <bndbox>
      <xmin>154</xmin>
      <ymin>834</ymin>
      <xmax>172</xmax>
      <ymax>851</ymax>
    </bndbox>
  </object>
  <object>
    <name>word</name>
    <difficult>0</difficult>
    <bndbox>
      <xmin>177</xmin>
      <ymin>835</ymin>
      <xmax>194</xmax>
      <ymax>852</ymax>
    </bndbox>
  </object>
  <object>
    <name>word</name>
    <difficult>0</difficult>
    <bndbox>
      <xmin>200</xmin>
      <ymin>837</ymin>
      <xmax>268</xmax>
      <ymax>850</ymax>
    </bndbox>
  </object>
  <object>
    <name>word</name>
    <difficult>0</difficult>
    <bndbox>
      <xmin>270</xmin>
      <ymin>835</ymin>
      <xmax>284</xmax>
      <ymax>849</ymax>
    </bndbox>
  </object>
  <object>
    <name>word</name>
    <difficult>0</difficult>
    <bndbox>
      <xmin>289</xmin>
      <ymin>834</ymin>
      <xmax>304</xmax>
      <ymax>851</ymax>
    </bndbox>
  </object>
  <object>
    <name>word</name>
    <difficult>0</difficult>
    <bndbox>
      <xmin>311</xmin>
      <ymin>834</ymin>
      <xmax>354</xmax>
      <ymax>851</ymax>
    </bndbox>
  </object>
</annotation>
