<annotation>
  <folder>VOC2007</folder>
  <filename>0012529295.json</filename>
  <owner>
    <name>HengTian</name>
  </owner>
  <size>
    <width>771</width>
    <height>1000</height>
    <depth>1</depth>
  </size>
  <segmented>0</segmented>
  <object>
    <name>word</name>
    <difficult>0</difficult>
    <bndbox>
      <xmin>54</xmin>
      <ymin>132</ymin>
      <xmax>92</xmax>
      <ymax>150</ymax>
    </bndbox>
  </object>
  <object>
    <name>word</name>
    <difficult>0</difficult>
    <bndbox>
      <xmin>104</xmin>
      <ymin>265</ymin>
      <xmax>168</xmax>
      <ymax>279</ymax>
    </bndbox>
  </object>
  <object>
    <name>word</name>
    <difficult>0</difficult>
    <bndbox>
      <xmin>52</xmin>
      <ymin>364</ymin>
      <xmax>131</xmax>
      <ymax>381</ymax>
    </bndbox>
  </object>
  <object>
    <name>word</name>
    <difficult>0</difficult>
    <bndbox>
      <xmin>574</xmin>
      <ymin>204</ymin>
      <xmax>588</xmax>
      <ymax>218</ymax>
    </bndbox>
  </object>
  <object>
    <name>word</name>
    <difficult>0</difficult>
    <bndbox>
      <xmin>410</xmin>
      <ymin>296</ymin>
      <xmax>431</xmax>
      <ymax>309</ymax>
    </bndbox>
  </object>
  <object>
    <name>word</name>
    <difficult>0</difficult>
    <bndbox>
      <xmin>410</xmin>
      <ymin>322</ymin>
      <xmax>431</xmax>
      <ymax>339</ymax>
    </bndbox>
  </object>
  <object>
    <name>word</name>
    <difficult>0</difficult>
    <bndbox>
      <xmin>413</xmin>
      <ymin>706</ymin>
      <xmax>447</xmax>
      <ymax>720</ymax>
    </bndbox>
  </object>
  <object>
    <name>word</name>
    <difficult>0</difficult>
    <bndbox>
      <xmin>414</xmin>
      <ymin>732</ymin>
      <xmax>446</xmax>
      <ymax>749</ymax>
    </bndbox>
  </object>
  <object>
    <name>word</name>
    <difficult>0</difficult>
    <bndbox>
      <xmin>412</xmin>
      <ymin>761</ymin>
      <xmax>447</xmax>
      <ymax>779</ymax>
    </bndbox>
  </object>
  <object>
    <name>word</name>
    <difficult>0</difficult>
    <bndbox>
      <xmin>412</xmin>
      <ymin>787</ymin>
      <xmax>446</xmax>
      <ymax>809</ymax>
    </bndbox>
  </object>
  <object>
    <name>word</name>
    <difficult>0</difficult>
    <bndbox>
      <xmin>410</xmin>
      <ymin>818</ymin>
      <xmax>444</xmax>
      <ymax>836</ymax>
    </bndbox>
  </object>
  <object>
    <name>word</name>
    <difficult>0</difficult>
    <bndbox>
      <xmin>50</xmin>
      <ymin>848</ymin>
      <xmax>111</xmax>
      <ymax>866</ymax>
    </bndbox>
  </object>
  <object>
    <name>word</name>
    <difficult>0</difficult>
    <bndbox>
      <xmin>42</xmin>
      <ymin>867</ymin>
      <xmax>75</xmax>
      <ymax>876</ymax>
    </bndbox>
  </object>
  <object>
    <name>word</name>
    <difficult>0</difficult>
    <bndbox>
      <xmin>496</xmin>
      <ymin>133</ymin>
      <xmax>517</xmax>
      <ymax>151</ymax>
    </bndbox>
  </object>
  <object>
    <name>word</name>
    <difficult>0</difficult>
    <bndbox>
      <xmin>545</xmin>
      <ymin>204</ymin>
      <xmax>570</xmax>
      <ymax>223</ymax>
    </bndbox>
  </object>
  <object>
    <name>word</name>
    <difficult>0</difficult>
    <bndbox>
      <xmin>593</xmin>
      <ymin>206</ymin>
      <xmax>611</xmax>
      <ymax>223</ymax>
    </bndbox>
  </object>
  <object>
    <name>word</name>
    <difficult>0</difficult>
    <bndbox>
      <xmin>440</xmin>
      <ymin>483</ymin>
      <xmax>473</xmax>
      <ymax>498</ymax>
    </bndbox>
  </object>
  <object>
    <name>word</name>
    <difficult>0</difficult>
    <bndbox>
      <xmin>461</xmin>
      <ymin>893</ymin>
      <xmax>503</xmax>
      <ymax>910</ymax>
    </bndbox>
  </object>
  <object>
    <name>word</name>
    <difficult>0</difficult>
    <bndbox>
      <xmin>45</xmin>
      <ymin>921</ymin>
      <xmax>116</xmax>
      <ymax>938</ymax>
    </bndbox>
  </object>
  <object>
    <name>word</name>
    <difficult>0</difficult>
    <bndbox>
      <xmin>560</xmin>
      <ymin>919</ymin>
      <xmax>689</xmax>
      <ymax>943</ymax>
    </bndbox>
  </object>
  <object>
    <name>word</name>
    <difficult>0</difficult>
    <bndbox>
      <xmin>114</xmin>
      <ymin>850</ymin>
      <xmax>125</xmax>
      <ymax>862</ymax>
    </bndbox>
  </object>
  <object>
    <name>word</name>
    <difficult>0</difficult>
    <bndbox>
      <xmin>263</xmin>
      <ymin>86</ymin>
      <xmax>311</xmax>
      <ymax>104</ymax>
    </bndbox>
  </object>
  <object>
    <name>word</name>
    <difficult>0</difficult>
    <bndbox>
      <xmin>317</xmin>
      <ymin>87</ymin>
      <xmax>376</xmax>
      <ymax>105</ymax>
    </bndbox>
  </object>
  <object>
    <name>word</name>
    <difficult>0</difficult>
    <bndbox>
      <xmin>379</xmin>
      <ymin>88</ymin>
      <xmax>477</xmax>
      <ymax>105</ymax>
    </bndbox>
  </object>
  <object>
    <name>word</name>
    <difficult>0</difficult>
    <bndbox>
      <xmin>261</xmin>
      <ymin>103</ymin>
      <xmax>348</xmax>
      <ymax>121</ymax>
    </bndbox>
  </object>
  <object>
    <name>word</name>
    <difficult>0</difficult>
    <bndbox>
      <xmin>353</xmin>
      <ymin>105</ymin>
      <xmax>412</xmax>
      <ymax>119</ymax>
    </bndbox>
  </object>
  <object>
    <name>word</name>
    <difficult>0</difficult>
    <bndbox>
      <xmin>415</xmin>
      <ymin>105</ymin>
      <xmax>483</xmax>
      <ymax>119</ymax>
    </bndbox>
  </object>
  <object>
    <name>word</name>
    <difficult>0</difficult>
    <bndbox>
      <xmin>619</xmin>
      <ymin>17</ymin>
      <xmax>663</xmax>
      <ymax>43</ymax>
    </bndbox>
  </object>
  <object>
    <name>word</name>
    <difficult>0</difficult>
    <bndbox>
      <xmin>684</xmin>
      <ymin>17</ymin>
      <xmax>710</xmax>
      <ymax>45</ymax>
    </bndbox>
  </object>
  <object>
    <name>word</name>
    <difficult>0</difficult>
    <bndbox>
      <xmin>578</xmin>
      <ymin>34</ymin>
      <xmax>613</xmax>
      <ymax>60</ymax>
    </bndbox>
  </object>
  <object>
    <name>word</name>
    <difficult>0</difficult>
    <bndbox>
      <xmin>657</xmin>
      <ymin>28</ymin>
      <xmax>683</xmax>
      <ymax>55</ymax>
    </bndbox>
  </object>
  <object>
    <name>word</name>
    <difficult>0</difficult>
    <bndbox>
      <xmin>505</xmin>
      <ymin>48</ymin>
      <xmax>578</xmax>
      <ymax>87</ymax>
    </bndbox>
  </object>
  <object>
    <name>word</name>
    <difficult>0</difficult>
    <bndbox>
      <xmin>607</xmin>
      <ymin>42</ymin>
      <xmax>653</xmax>
      <ymax>68</ymax>
    </bndbox>
  </object>
  <object>
    <name>word</name>
    <difficult>0</difficult>
    <bndbox>
      <xmin>667</xmin>
      <ymin>48</ymin>
      <xmax>705</xmax>
      <ymax>72</ymax>
    </bndbox>
  </object>
  <object>
    <name>word</name>
    <difficult>0</difficult>
    <bndbox>
      <xmin>522</xmin>
      <ymin>65</ymin>
      <xmax>595</xmax>
      <ymax>100</ymax>
    </bndbox>
  </object>
  <object>
    <name>word</name>
    <difficult>0</difficult>
    <bndbox>
      <xmin>621</xmin>
      <ymin>67</ymin>
      <xmax>652</xmax>
      <ymax>88</ymax>
    </bndbox>
  </object>
  <object>
    <name>word</name>
    <difficult>0</difficult>
    <bndbox>
      <xmin>591</xmin>
      <ymin>79</ymin>
      <xmax>612</xmax>
      <ymax>105</ymax>
    </bndbox>
  </object>
  <object>
    <name>word</name>
    <difficult>0</difficult>
    <bndbox>
      <xmin>670</xmin>
      <ymin>77</ymin>
      <xmax>692</xmax>
      <ymax>94</ymax>
    </bndbox>
  </object>
  <object>
    <name>word</name>
    <difficult>0</difficult>
    <bndbox>
      <xmin>542</xmin>
      <ymin>98</ymin>
      <xmax>562</xmax>
      <ymax>122</ymax>
    </bndbox>
  </object>
  <object>
    <name>word</name>
    <difficult>0</difficult>
    <bndbox>
      <xmin>572</xmin>
      <ymin>91</ymin>
      <xmax>586</xmax>
      <ymax>113</ymax>
    </bndbox>
  </object>
  <object>
    <name>word</name>
    <difficult>0</difficult>
    <bndbox>
      <xmin>567</xmin>
      <ymin>134</ymin>
      <xmax>588</xmax>
      <ymax>147</ymax>
    </bndbox>
  </object>
  <object>
    <name>word</name>
    <difficult>0</difficult>
    <bndbox>
      <xmin>590</xmin>
      <ymin>131</ymin>
      <xmax>610</xmax>
      <ymax>148</ymax>
    </bndbox>
  </object>
  <object>
    <name>word</name>
    <difficult>0</difficult>
    <bndbox>
      <xmin>103</xmin>
      <ymin>131</ymin>
      <xmax>123</xmax>
      <ymax>150</ymax>
    </bndbox>
  </object>
  <object>
    <name>word</name>
    <difficult>0</difficult>
    <bndbox>
      <xmin>123</xmin>
      <ymin>132</ymin>
      <xmax>142</xmax>
      <ymax>149</ymax>
    </bndbox>
  </object>
  <object>
    <name>word</name>
    <difficult>0</difficult>
    <bndbox>
      <xmin>145</xmin>
      <ymin>134</ymin>
      <xmax>169</xmax>
      <ymax>147</ymax>
    </bndbox>
  </object>
  <object>
    <name>word</name>
    <difficult>0</difficult>
    <bndbox>
      <xmin>53</xmin>
      <ymin>159</ymin>
      <xmax>143</xmax>
      <ymax>177</ymax>
    </bndbox>
  </object>
  <object>
    <name>word</name>
    <difficult>0</difficult>
    <bndbox>
      <xmin>149</xmin>
      <ymin>164</ymin>
      <xmax>189</xmax>
      <ymax>179</ymax>
    </bndbox>
  </object>
  <object>
    <name>word</name>
    <difficult>0</difficult>
    <bndbox>
      <xmin>193</xmin>
      <ymin>159</ymin>
      <xmax>266</xmax>
      <ymax>178</ymax>
    </bndbox>
  </object>
  <object>
    <name>word</name>
    <difficult>0</difficult>
    <bndbox>
      <xmin>277</xmin>
      <ymin>162</ymin>
      <xmax>367</xmax>
      <ymax>179</ymax>
    </bndbox>
  </object>
  <object>
    <name>word</name>
    <difficult>0</difficult>
    <bndbox>
      <xmin>375</xmin>
      <ymin>160</ymin>
      <xmax>397</xmax>
      <ymax>175</ymax>
    </bndbox>
  </object>
  <object>
    <name>word</name>
    <difficult>0</difficult>
    <bndbox>
      <xmin>403</xmin>
      <ymin>160</ymin>
      <xmax>431</xmax>
      <ymax>177</ymax>
    </bndbox>
  </object>
  <object>
    <name>word</name>
    <difficult>0</difficult>
    <bndbox>
      <xmin>440</xmin>
      <ymin>160</ymin>
      <xmax>457</xmax>
      <ymax>177</ymax>
    </bndbox>
  </object>
  <object>
    <name>word</name>
    <difficult>0</difficult>
    <bndbox>
      <xmin>54</xmin>
      <ymin>206</ymin>
      <xmax>121</xmax>
      <ymax>221</ymax>
    </bndbox>
  </object>
  <object>
    <name>word</name>
    <difficult>0</difficult>
    <bndbox>
      <xmin>129</xmin>
      <ymin>205</ymin>
      <xmax>150</xmax>
      <ymax>222</ymax>
    </bndbox>
  </object>
  <object>
    <name>word</name>
    <difficult>0</difficult>
    <bndbox>
      <xmin>162</xmin>
      <ymin>205</ymin>
      <xmax>180</xmax>
      <ymax>220</ymax>
    </bndbox>
  </object>
  <object>
    <name>word</name>
    <difficult>0</difficult>
    <bndbox>
      <xmin>183</xmin>
      <ymin>204</ymin>
      <xmax>198</xmax>
      <ymax>219</ymax>
    </bndbox>
  </object>
  <object>
    <name>word</name>
    <difficult>0</difficult>
    <bndbox>
      <xmin>208</xmin>
      <ymin>203</ymin>
      <xmax>285</xmax>
      <ymax>221</ymax>
    </bndbox>
  </object>
  <object>
    <name>word</name>
    <difficult>0</difficult>
    <bndbox>
      <xmin>344</xmin>
      <ymin>208</ymin>
      <xmax>407</xmax>
      <ymax>221</ymax>
    </bndbox>
  </object>
  <object>
    <name>word</name>
    <difficult>0</difficult>
    <bndbox>
      <xmin>409</xmin>
      <ymin>206</ymin>
      <xmax>461</xmax>
      <ymax>220</ymax>
    </bndbox>
  </object>
  <object>
    <name>word</name>
    <difficult>0</difficult>
    <bndbox>
      <xmin>468</xmin>
      <ymin>206</ymin>
      <xmax>534</xmax>
      <ymax>223</ymax>
    </bndbox>
  </object>
  <object>
    <name>word</name>
    <difficult>0</difficult>
    <bndbox>
      <xmin>54</xmin>
      <ymin>233</ymin>
      <xmax>135</xmax>
      <ymax>252</ymax>
    </bndbox>
  </object>
  <object>
    <name>word</name>
    <difficult>0</difficult>
    <bndbox>
      <xmin>143</xmin>
      <ymin>233</ymin>
      <xmax>208</xmax>
      <ymax>251</ymax>
    </bndbox>
  </object>
  <object>
    <name>word</name>
    <difficult>0</difficult>
    <bndbox>
      <xmin>212</xmin>
      <ymin>237</ymin>
      <xmax>280</xmax>
      <ymax>251</ymax>
    </bndbox>
  </object>
  <object>
    <name>word</name>
    <difficult>0</difficult>
    <bndbox>
      <xmin>284</xmin>
      <ymin>265</ymin>
      <xmax>318</xmax>
      <ymax>279</ymax>
    </bndbox>
  </object>
  <object>
    <name>word</name>
    <difficult>0</difficult>
    <bndbox>
      <xmin>324</xmin>
      <ymin>263</ymin>
      <xmax>346</xmax>
      <ymax>278</ymax>
    </bndbox>
  </object>
  <object>
    <name>word</name>
    <difficult>0</difficult>
    <bndbox>
      <xmin>403</xmin>
      <ymin>250</ymin>
      <xmax>435</xmax>
      <ymax>264</ymax>
    </bndbox>
  </object>
  <object>
    <name>word</name>
    <difficult>0</difficult>
    <bndbox>
      <xmin>394</xmin>
      <ymin>268</ymin>
      <xmax>442</xmax>
      <ymax>281</ymax>
    </bndbox>
  </object>
  <object>
    <name>word</name>
    <difficult>0</difficult>
    <bndbox>
      <xmin>488</xmin>
      <ymin>265</ymin>
      <xmax>529</xmax>
      <ymax>279</ymax>
    </bndbox>
  </object>
  <object>
    <name>word</name>
    <difficult>0</difficult>
    <bndbox>
      <xmin>534</xmin>
      <ymin>265</ymin>
      <xmax>565</xmax>
      <ymax>279</ymax>
    </bndbox>
  </object>
  <object>
    <name>word</name>
    <difficult>0</difficult>
    <bndbox>
      <xmin>605</xmin>
      <ymin>254</ymin>
      <xmax>638</xmax>
      <ymax>265</ymax>
    </bndbox>
  </object>
  <object>
    <name>word</name>
    <difficult>0</difficult>
    <bndbox>
      <xmin>643</xmin>
      <ymin>251</ymin>
      <xmax>669</xmax>
      <ymax>264</ymax>
    </bndbox>
  </object>
  <object>
    <name>word</name>
    <difficult>0</difficult>
    <bndbox>
      <xmin>607</xmin>
      <ymin>268</ymin>
      <xmax>677</xmax>
      <ymax>281</ymax>
    </bndbox>
  </object>
  <object>
    <name>word</name>
    <difficult>0</difficult>
    <bndbox>
      <xmin>605</xmin>
      <ymin>294</ymin>
      <xmax>627</xmax>
      <ymax>311</ymax>
    </bndbox>
  </object>
  <object>
    <name>word</name>
    <difficult>0</difficult>
    <bndbox>
      <xmin>630</xmin>
      <ymin>295</ymin>
      <xmax>656</xmax>
      <ymax>312</ymax>
    </bndbox>
  </object>
  <object>
    <name>word</name>
    <difficult>0</difficult>
    <bndbox>
      <xmin>605</xmin>
      <ymin>318</ymin>
      <xmax>629</xmax>
      <ymax>339</ymax>
    </bndbox>
  </object>
  <object>
    <name>word</name>
    <difficult>0</difficult>
    <bndbox>
      <xmin>629</xmin>
      <ymin>320</ymin>
      <xmax>658</xmax>
      <ymax>340</ymax>
    </bndbox>
  </object>
  <object>
    <name>word</name>
    <difficult>0</difficult>
    <bndbox>
      <xmin>459</xmin>
      <ymin>322</ymin>
      <xmax>491</xmax>
      <ymax>339</ymax>
    </bndbox>
  </object>
  <object>
    <name>word</name>
    <difficult>0</difficult>
    <bndbox>
      <xmin>494</xmin>
      <ymin>322</ymin>
      <xmax>520</xmax>
      <ymax>340</ymax>
    </bndbox>
  </object>
  <object>
    <name>word</name>
    <difficult>0</difficult>
    <bndbox>
      <xmin>525</xmin>
      <ymin>322</ymin>
      <xmax>542</xmax>
      <ymax>341</ymax>
    </bndbox>
  </object>
  <object>
    <name>word</name>
    <difficult>0</difficult>
    <bndbox>
      <xmin>539</xmin>
      <ymin>327</ymin>
      <xmax>551</xmax>
      <ymax>340</ymax>
    </bndbox>
  </object>
  <object>
    <name>word</name>
    <difficult>0</difficult>
    <bndbox>
      <xmin>557</xmin>
      <ymin>322</ymin>
      <xmax>579</xmax>
      <ymax>340</ymax>
    </bndbox>
  </object>
  <object>
    <name>word</name>
    <difficult>0</difficult>
    <bndbox>
      <xmin>465</xmin>
      <ymin>291</ymin>
      <xmax>490</xmax>
      <ymax>310</ymax>
    </bndbox>
  </object>
  <object>
    <name>word</name>
    <difficult>0</difficult>
    <bndbox>
      <xmin>491</xmin>
      <ymin>292</ymin>
      <xmax>519</xmax>
      <ymax>310</ymax>
    </bndbox>
  </object>
  <object>
    <name>word</name>
    <difficult>0</difficult>
    <bndbox>
      <xmin>519</xmin>
      <ymin>291</ymin>
      <xmax>539</xmax>
      <ymax>309</ymax>
    </bndbox>
  </object>
  <object>
    <name>word</name>
    <difficult>0</difficult>
    <bndbox>
      <xmin>537</xmin>
      <ymin>296</ymin>
      <xmax>551</xmax>
      <ymax>308</ymax>
    </bndbox>
  </object>
  <object>
    <name>word</name>
    <difficult>0</difficult>
    <bndbox>
      <xmin>551</xmin>
      <ymin>294</ymin>
      <xmax>570</xmax>
      <ymax>309</ymax>
    </bndbox>
  </object>
  <object>
    <name>word</name>
    <difficult>0</difficult>
    <bndbox>
      <xmin>252</xmin>
      <ymin>291</ymin>
      <xmax>284</xmax>
      <ymax>308</ymax>
    </bndbox>
  </object>
  <object>
    <name>word</name>
    <difficult>0</difficult>
    <bndbox>
      <xmin>289</xmin>
      <ymin>294</ymin>
      <xmax>316</xmax>
      <ymax>313</ymax>
    </bndbox>
  </object>
  <object>
    <name>word</name>
    <difficult>0</difficult>
    <bndbox>
      <xmin>323</xmin>
      <ymin>292</ymin>
      <xmax>336</xmax>
      <ymax>309</ymax>
    </bndbox>
  </object>
  <object>
    <name>word</name>
    <difficult>0</difficult>
    <bndbox>
      <xmin>334</xmin>
      <ymin>291</ymin>
      <xmax>345</xmax>
      <ymax>309</ymax>
    </bndbox>
  </object>
  <object>
    <name>word</name>
    <difficult>0</difficult>
    <bndbox>
      <xmin>350</xmin>
      <ymin>294</ymin>
      <xmax>375</xmax>
      <ymax>308</ymax>
    </bndbox>
  </object>
  <object>
    <name>word</name>
    <difficult>0</difficult>
    <bndbox>
      <xmin>256</xmin>
      <ymin>321</ymin>
      <xmax>294</xmax>
      <ymax>339</ymax>
    </bndbox>
  </object>
  <object>
    <name>word</name>
    <difficult>0</difficult>
    <bndbox>
      <xmin>294</xmin>
      <ymin>321</ymin>
      <xmax>318</xmax>
      <ymax>341</ymax>
    </bndbox>
  </object>
  <object>
    <name>word</name>
    <difficult>0</difficult>
    <bndbox>
      <xmin>320</xmin>
      <ymin>325</ymin>
      <xmax>335</xmax>
      <ymax>334</ymax>
    </bndbox>
  </object>
  <object>
    <name>word</name>
    <difficult>0</difficult>
    <bndbox>
      <xmin>331</xmin>
      <ymin>327</ymin>
      <xmax>345</xmax>
      <ymax>340</ymax>
    </bndbox>
  </object>
  <object>
    <name>word</name>
    <difficult>0</difficult>
    <bndbox>
      <xmin>353</xmin>
      <ymin>323</ymin>
      <xmax>377</xmax>
      <ymax>340</ymax>
    </bndbox>
  </object>
  <object>
    <name>word</name>
    <difficult>0</difficult>
    <bndbox>
      <xmin>59</xmin>
      <ymin>292</ymin>
      <xmax>116</xmax>
      <ymax>310</ymax>
    </bndbox>
  </object>
  <object>
    <name>word</name>
    <difficult>0</difficult>
    <bndbox>
      <xmin>121</xmin>
      <ymin>294</ymin>
      <xmax>162</xmax>
      <ymax>311</ymax>
    </bndbox>
  </object>
  <object>
    <name>word</name>
    <difficult>0</difficult>
    <bndbox>
      <xmin>171</xmin>
      <ymin>295</ymin>
      <xmax>228</xmax>
      <ymax>313</ymax>
    </bndbox>
  </object>
  <object>
    <name>word</name>
    <difficult>0</difficult>
    <bndbox>
      <xmin>60</xmin>
      <ymin>322</ymin>
      <xmax>106</xmax>
      <ymax>337</ymax>
    </bndbox>
  </object>
  <object>
    <name>word</name>
    <difficult>0</difficult>
    <bndbox>
      <xmin>111</xmin>
      <ymin>322</ymin>
      <xmax>157</xmax>
      <ymax>341</ymax>
    </bndbox>
  </object>
  <object>
    <name>word</name>
    <difficult>0</difficult>
    <bndbox>
      <xmin>162</xmin>
      <ymin>324</ymin>
      <xmax>194</xmax>
      <ymax>341</ymax>
    </bndbox>
  </object>
  <object>
    <name>word</name>
    <difficult>0</difficult>
    <bndbox>
      <xmin>48</xmin>
      <ymin>382</ymin>
      <xmax>128</xmax>
      <ymax>397</ymax>
    </bndbox>
  </object>
  <object>
    <name>word</name>
    <difficult>0</difficult>
    <bndbox>
      <xmin>133</xmin>
      <ymin>381</ymin>
      <xmax>166</xmax>
      <ymax>398</ymax>
    </bndbox>
  </object>
  <object>
    <name>word</name>
    <difficult>0</difficult>
    <bndbox>
      <xmin>52</xmin>
      <ymin>409</ymin>
      <xmax>92</xmax>
      <ymax>424</ymax>
    </bndbox>
  </object>
  <object>
    <name>word</name>
    <difficult>0</difficult>
    <bndbox>
      <xmin>99</xmin>
      <ymin>409</ymin>
      <xmax>137</xmax>
      <ymax>424</ymax>
    </bndbox>
  </object>
  <object>
    <name>word</name>
    <difficult>0</difficult>
    <bndbox>
      <xmin>52</xmin>
      <ymin>438</ymin>
      <xmax>94</xmax>
      <ymax>455</ymax>
    </bndbox>
  </object>
  <object>
    <name>word</name>
    <difficult>0</difficult>
    <bndbox>
      <xmin>97</xmin>
      <ymin>436</ymin>
      <xmax>157</xmax>
      <ymax>454</ymax>
    </bndbox>
  </object>
  <object>
    <name>word</name>
    <difficult>0</difficult>
    <bndbox>
      <xmin>52</xmin>
      <ymin>468</ymin>
      <xmax>91</xmax>
      <ymax>485</ymax>
    </bndbox>
  </object>
  <object>
    <name>word</name>
    <difficult>0</difficult>
    <bndbox>
      <xmin>98</xmin>
      <ymin>466</ymin>
      <xmax>143</xmax>
      <ymax>485</ymax>
    </bndbox>
  </object>
  <object>
    <name>word</name>
    <difficult>0</difficult>
    <bndbox>
      <xmin>146</xmin>
      <ymin>472</ymin>
      <xmax>171</xmax>
      <ymax>485</ymax>
    </bndbox>
  </object>
  <object>
    <name>word</name>
    <difficult>0</difficult>
    <bndbox>
      <xmin>171</xmin>
      <ymin>380</ymin>
      <xmax>192</xmax>
      <ymax>397</ymax>
    </bndbox>
  </object>
  <object>
    <name>word</name>
    <difficult>0</difficult>
    <bndbox>
      <xmin>188</xmin>
      <ymin>380</ymin>
      <xmax>206</xmax>
      <ymax>400</ymax>
    </bndbox>
  </object>
  <object>
    <name>word</name>
    <difficult>0</difficult>
    <bndbox>
      <xmin>204</xmin>
      <ymin>381</ymin>
      <xmax>222</xmax>
      <ymax>395</ymax>
    </bndbox>
  </object>
  <object>
    <name>word</name>
    <difficult>0</difficult>
    <bndbox>
      <xmin>177</xmin>
      <ymin>412</ymin>
      <xmax>192</xmax>
      <ymax>427</ymax>
    </bndbox>
  </object>
  <object>
    <name>word</name>
    <difficult>0</difficult>
    <bndbox>
      <xmin>192</xmin>
      <ymin>410</ymin>
      <xmax>217</xmax>
      <ymax>428</ymax>
    </bndbox>
  </object>
  <object>
    <name>word</name>
    <difficult>0</difficult>
    <bndbox>
      <xmin>213</xmin>
      <ymin>407</ymin>
      <xmax>244</xmax>
      <ymax>424</ymax>
    </bndbox>
  </object>
  <object>
    <name>word</name>
    <difficult>0</difficult>
    <bndbox>
      <xmin>169</xmin>
      <ymin>438</ymin>
      <xmax>193</xmax>
      <ymax>455</ymax>
    </bndbox>
  </object>
  <object>
    <name>word</name>
    <difficult>0</difficult>
    <bndbox>
      <xmin>190</xmin>
      <ymin>439</ymin>
      <xmax>215</xmax>
      <ymax>457</ymax>
    </bndbox>
  </object>
  <object>
    <name>word</name>
    <difficult>0</difficult>
    <bndbox>
      <xmin>213</xmin>
      <ymin>440</ymin>
      <xmax>230</xmax>
      <ymax>455</ymax>
    </bndbox>
  </object>
  <object>
    <name>word</name>
    <difficult>0</difficult>
    <bndbox>
      <xmin>180</xmin>
      <ymin>466</ymin>
      <xmax>206</xmax>
      <ymax>484</ymax>
    </bndbox>
  </object>
  <object>
    <name>word</name>
    <difficult>0</difficult>
    <bndbox>
      <xmin>206</xmin>
      <ymin>468</ymin>
      <xmax>219</xmax>
      <ymax>485</ymax>
    </bndbox>
  </object>
  <object>
    <name>word</name>
    <difficult>0</difficult>
    <bndbox>
      <xmin>221</xmin>
      <ymin>468</ymin>
      <xmax>243</xmax>
      <ymax>487</ymax>
    </bndbox>
  </object>
  <object>
    <name>word</name>
    <difficult>0</difficult>
    <bndbox>
      <xmin>301</xmin>
      <ymin>369</ymin>
      <xmax>358</xmax>
      <ymax>383</ymax>
    </bndbox>
  </object>
  <object>
    <name>word</name>
    <difficult>0</difficult>
    <bndbox>
      <xmin>360</xmin>
      <ymin>364</ymin>
      <xmax>377</xmax>
      <ymax>383</ymax>
    </bndbox>
  </object>
  <object>
    <name>word</name>
    <difficult>0</difficult>
    <bndbox>
      <xmin>382</xmin>
      <ymin>369</ymin>
      <xmax>440</xmax>
      <ymax>383</ymax>
    </bndbox>
  </object>
  <object>
    <name>word</name>
    <difficult>0</difficult>
    <bndbox>
      <xmin>445</xmin>
      <ymin>369</ymin>
      <xmax>493</xmax>
      <ymax>383</ymax>
    </bndbox>
  </object>
  <object>
    <name>word</name>
    <difficult>0</difficult>
    <bndbox>
      <xmin>296</xmin>
      <ymin>382</ymin>
      <xmax>340</xmax>
      <ymax>397</ymax>
    </bndbox>
  </object>
  <object>
    <name>word</name>
    <difficult>0</difficult>
    <bndbox>
      <xmin>344</xmin>
      <ymin>386</ymin>
      <xmax>375</xmax>
      <ymax>401</ymax>
    </bndbox>
  </object>
  <object>
    <name>word</name>
    <difficult>0</difficult>
    <bndbox>
      <xmin>381</xmin>
      <ymin>383</ymin>
      <xmax>434</xmax>
      <ymax>398</ymax>
    </bndbox>
  </object>
  <object>
    <name>word</name>
    <difficult>0</difficult>
    <bndbox>
      <xmin>300</xmin>
      <ymin>413</ymin>
      <xmax>353</xmax>
      <ymax>426</ymax>
    </bndbox>
  </object>
  <object>
    <name>word</name>
    <difficult>0</difficult>
    <bndbox>
      <xmin>357</xmin>
      <ymin>412</ymin>
      <xmax>388</xmax>
      <ymax>426</ymax>
    </bndbox>
  </object>
  <object>
    <name>word</name>
    <difficult>0</difficult>
    <bndbox>
      <xmin>396</xmin>
      <ymin>409</ymin>
      <xmax>468</xmax>
      <ymax>429</ymax>
    </bndbox>
  </object>
  <object>
    <name>word</name>
    <difficult>0</difficult>
    <bndbox>
      <xmin>297</xmin>
      <ymin>440</ymin>
      <xmax>331</xmax>
      <ymax>454</ymax>
    </bndbox>
  </object>
  <object>
    <name>word</name>
    <difficult>0</difficult>
    <bndbox>
      <xmin>336</xmin>
      <ymin>440</ymin>
      <xmax>384</xmax>
      <ymax>455</ymax>
    </bndbox>
  </object>
  <object>
    <name>word</name>
    <difficult>0</difficult>
    <bndbox>
      <xmin>302</xmin>
      <ymin>456</ymin>
      <xmax>340</xmax>
      <ymax>469</ymax>
    </bndbox>
  </object>
  <object>
    <name>word</name>
    <difficult>0</difficult>
    <bndbox>
      <xmin>346</xmin>
      <ymin>456</ymin>
      <xmax>396</xmax>
      <ymax>470</ymax>
    </bndbox>
  </object>
  <object>
    <name>word</name>
    <difficult>0</difficult>
    <bndbox>
      <xmin>401</xmin>
      <ymin>455</ymin>
      <xmax>454</xmax>
      <ymax>470</ymax>
    </bndbox>
  </object>
  <object>
    <name>word</name>
    <difficult>0</difficult>
    <bndbox>
      <xmin>534</xmin>
      <ymin>381</ymin>
      <xmax>566</xmax>
      <ymax>399</ymax>
    </bndbox>
  </object>
  <object>
    <name>word</name>
    <difficult>0</difficult>
    <bndbox>
      <xmin>571</xmin>
      <ymin>379</ymin>
      <xmax>603</xmax>
      <ymax>399</ymax>
    </bndbox>
  </object>
  <object>
    <name>word</name>
    <difficult>0</difficult>
    <bndbox>
      <xmin>603</xmin>
      <ymin>381</ymin>
      <xmax>625</xmax>
      <ymax>400</ymax>
    </bndbox>
  </object>
  <object>
    <name>word</name>
    <difficult>0</difficult>
    <bndbox>
      <xmin>525</xmin>
      <ymin>409</ymin>
      <xmax>565</xmax>
      <ymax>430</ymax>
    </bndbox>
  </object>
  <object>
    <name>word</name>
    <difficult>0</difficult>
    <bndbox>
      <xmin>570</xmin>
      <ymin>410</ymin>
      <xmax>602</xmax>
      <ymax>428</ymax>
    </bndbox>
  </object>
  <object>
    <name>word</name>
    <difficult>0</difficult>
    <bndbox>
      <xmin>607</xmin>
      <ymin>408</ymin>
      <xmax>628</xmax>
      <ymax>428</ymax>
    </bndbox>
  </object>
  <object>
    <name>word</name>
    <difficult>0</difficult>
    <bndbox>
      <xmin>535</xmin>
      <ymin>440</ymin>
      <xmax>566</xmax>
      <ymax>459</ymax>
    </bndbox>
  </object>
  <object>
    <name>word</name>
    <difficult>0</difficult>
    <bndbox>
      <xmin>567</xmin>
      <ymin>441</ymin>
      <xmax>604</xmax>
      <ymax>459</ymax>
    </bndbox>
  </object>
  <object>
    <name>word</name>
    <difficult>0</difficult>
    <bndbox>
      <xmin>604</xmin>
      <ymin>441</ymin>
      <xmax>624</xmax>
      <ymax>456</ymax>
    </bndbox>
  </object>
  <object>
    <name>word</name>
    <difficult>0</difficult>
    <bndbox>
      <xmin>297</xmin>
      <ymin>529</ymin>
      <xmax>324</xmax>
      <ymax>543</ymax>
    </bndbox>
  </object>
  <object>
    <name>word</name>
    <difficult>0</difficult>
    <bndbox>
      <xmin>331</xmin>
      <ymin>525</ymin>
      <xmax>389</xmax>
      <ymax>544</ymax>
    </bndbox>
  </object>
  <object>
    <name>word</name>
    <difficult>0</difficult>
    <bndbox>
      <xmin>525</xmin>
      <ymin>526</ymin>
      <xmax>560</xmax>
      <ymax>546</ymax>
    </bndbox>
  </object>
  <object>
    <name>word</name>
    <difficult>0</difficult>
    <bndbox>
      <xmin>561</xmin>
      <ymin>525</ymin>
      <xmax>602</xmax>
      <ymax>546</ymax>
    </bndbox>
  </object>
  <object>
    <name>word</name>
    <difficult>0</difficult>
    <bndbox>
      <xmin>605</xmin>
      <ymin>527</ymin>
      <xmax>630</xmax>
      <ymax>544</ymax>
    </bndbox>
  </object>
  <object>
    <name>word</name>
    <difficult>0</difficult>
    <bndbox>
      <xmin>513</xmin>
      <ymin>570</ymin>
      <xmax>532</xmax>
      <ymax>589</ymax>
    </bndbox>
  </object>
  <object>
    <name>word</name>
    <difficult>0</difficult>
    <bndbox>
      <xmin>535</xmin>
      <ymin>571</ymin>
      <xmax>566</xmax>
      <ymax>589</ymax>
    </bndbox>
  </object>
  <object>
    <name>word</name>
    <difficult>0</difficult>
    <bndbox>
      <xmin>570</xmin>
      <ymin>570</ymin>
      <xmax>601</xmax>
      <ymax>592</ymax>
    </bndbox>
  </object>
  <object>
    <name>word</name>
    <difficult>0</difficult>
    <bndbox>
      <xmin>598</xmin>
      <ymin>572</ymin>
      <xmax>626</xmax>
      <ymax>587</ymax>
    </bndbox>
  </object>
  <object>
    <name>word</name>
    <difficult>0</difficult>
    <bndbox>
      <xmin>301</xmin>
      <ymin>572</ymin>
      <xmax>366</xmax>
      <ymax>587</ymax>
    </bndbox>
  </object>
  <object>
    <name>word</name>
    <difficult>0</difficult>
    <bndbox>
      <xmin>370</xmin>
      <ymin>571</ymin>
      <xmax>390</xmax>
      <ymax>590</ymax>
    </bndbox>
  </object>
  <object>
    <name>word</name>
    <difficult>0</difficult>
    <bndbox>
      <xmin>395</xmin>
      <ymin>574</ymin>
      <xmax>430</xmax>
      <ymax>589</ymax>
    </bndbox>
  </object>
  <object>
    <name>word</name>
    <difficult>0</difficult>
    <bndbox>
      <xmin>295</xmin>
      <ymin>588</ymin>
      <xmax>358</xmax>
      <ymax>606</ymax>
    </bndbox>
  </object>
  <object>
    <name>word</name>
    <difficult>0</difficult>
    <bndbox>
      <xmin>363</xmin>
      <ymin>586</ymin>
      <xmax>404</xmax>
      <ymax>604</ymax>
    </bndbox>
  </object>
  <object>
    <name>word</name>
    <difficult>0</difficult>
    <bndbox>
      <xmin>50</xmin>
      <ymin>613</ymin>
      <xmax>97</xmax>
      <ymax>631</ymax>
    </bndbox>
  </object>
  <object>
    <name>word</name>
    <difficult>0</difficult>
    <bndbox>
      <xmin>104</xmin>
      <ymin>616</ymin>
      <xmax>139</xmax>
      <ymax>629</ymax>
    </bndbox>
  </object>
  <object>
    <name>word</name>
    <difficult>0</difficult>
    <bndbox>
      <xmin>152</xmin>
      <ymin>614</ymin>
      <xmax>169</xmax>
      <ymax>629</ymax>
    </bndbox>
  </object>
  <object>
    <name>word</name>
    <difficult>0</difficult>
    <bndbox>
      <xmin>167</xmin>
      <ymin>614</ymin>
      <xmax>194</xmax>
      <ymax>632</ymax>
    </bndbox>
  </object>
  <object>
    <name>word</name>
    <difficult>0</difficult>
    <bndbox>
      <xmin>47</xmin>
      <ymin>629</ymin>
      <xmax>133</xmax>
      <ymax>644</ymax>
    </bndbox>
  </object>
  <object>
    <name>word</name>
    <difficult>0</difficult>
    <bndbox>
      <xmin>139</xmin>
      <ymin>632</ymin>
      <xmax>206</xmax>
      <ymax>647</ymax>
    </bndbox>
  </object>
  <object>
    <name>word</name>
    <difficult>0</difficult>
    <bndbox>
      <xmin>224</xmin>
      <ymin>633</ymin>
      <xmax>277</xmax>
      <ymax>648</ymax>
    </bndbox>
  </object>
  <object>
    <name>word</name>
    <difficult>0</difficult>
    <bndbox>
      <xmin>285</xmin>
      <ymin>630</ymin>
      <xmax>349</xmax>
      <ymax>651</ymax>
    </bndbox>
  </object>
  <object>
    <name>word</name>
    <difficult>0</difficult>
    <bndbox>
      <xmin>356</xmin>
      <ymin>631</ymin>
      <xmax>419</xmax>
      <ymax>648</ymax>
    </bndbox>
  </object>
  <object>
    <name>word</name>
    <difficult>0</difficult>
    <bndbox>
      <xmin>52</xmin>
      <ymin>645</ymin>
      <xmax>118</xmax>
      <ymax>660</ymax>
    </bndbox>
  </object>
  <object>
    <name>word</name>
    <difficult>0</difficult>
    <bndbox>
      <xmin>127</xmin>
      <ymin>645</ymin>
      <xmax>146</xmax>
      <ymax>663</ymax>
    </bndbox>
  </object>
  <object>
    <name>word</name>
    <difficult>0</difficult>
    <bndbox>
      <xmin>152</xmin>
      <ymin>647</ymin>
      <xmax>263</xmax>
      <ymax>662</ymax>
    </bndbox>
  </object>
  <object>
    <name>word</name>
    <difficult>0</difficult>
    <bndbox>
      <xmin>274</xmin>
      <ymin>645</ymin>
      <xmax>301</xmax>
      <ymax>659</ymax>
    </bndbox>
  </object>
  <object>
    <name>word</name>
    <difficult>0</difficult>
    <bndbox>
      <xmin>308</xmin>
      <ymin>643</ymin>
      <xmax>356</xmax>
      <ymax>658</ymax>
    </bndbox>
  </object>
  <object>
    <name>word</name>
    <difficult>0</difficult>
    <bndbox>
      <xmin>52</xmin>
      <ymin>702</ymin>
      <xmax>117</xmax>
      <ymax>720</ymax>
    </bndbox>
  </object>
  <object>
    <name>word</name>
    <difficult>0</difficult>
    <bndbox>
      <xmin>125</xmin>
      <ymin>702</ymin>
      <xmax>145</xmax>
      <ymax>719</ymax>
    </bndbox>
  </object>
  <object>
    <name>word</name>
    <difficult>0</difficult>
    <bndbox>
      <xmin>34</xmin>
      <ymin>501</ymin>
      <xmax>101</xmax>
      <ymax>519</ymax>
    </bndbox>
  </object>
  <object>
    <name>word</name>
    <difficult>0</difficult>
    <bndbox>
      <xmin>106</xmin>
      <ymin>496</ymin>
      <xmax>158</xmax>
      <ymax>516</ymax>
    </bndbox>
  </object>
  <object>
    <name>word</name>
    <difficult>0</difficult>
    <bndbox>
      <xmin>166</xmin>
      <ymin>499</ymin>
      <xmax>201</xmax>
      <ymax>518</ymax>
    </bndbox>
  </object>
  <object>
    <name>word</name>
    <difficult>0</difficult>
    <bndbox>
      <xmin>213</xmin>
      <ymin>505</ymin>
      <xmax>233</xmax>
      <ymax>517</ymax>
    </bndbox>
  </object>
  <object>
    <name>word</name>
    <difficult>0</difficult>
    <bndbox>
      <xmin>239</xmin>
      <ymin>499</ymin>
      <xmax>277</xmax>
      <ymax>516</ymax>
    </bndbox>
  </object>
  <object>
    <name>word</name>
    <difficult>0</difficult>
    <bndbox>
      <xmin>44</xmin>
      <ymin>518</ymin>
      <xmax>86</xmax>
      <ymax>535</ymax>
    </bndbox>
  </object>
  <object>
    <name>word</name>
    <difficult>0</difficult>
    <bndbox>
      <xmin>92</xmin>
      <ymin>522</ymin>
      <xmax>116</xmax>
      <ymax>541</ymax>
    </bndbox>
  </object>
  <object>
    <name>word</name>
    <difficult>0</difficult>
    <bndbox>
      <xmin>123</xmin>
      <ymin>521</ymin>
      <xmax>211</xmax>
      <ymax>538</ymax>
    </bndbox>
  </object>
  <object>
    <name>word</name>
    <difficult>0</difficult>
    <bndbox>
      <xmin>211</xmin>
      <ymin>518</ymin>
      <xmax>298</xmax>
      <ymax>538</ymax>
    </bndbox>
  </object>
  <object>
    <name>word</name>
    <difficult>0</difficult>
    <bndbox>
      <xmin>42</xmin>
      <ymin>538</ymin>
      <xmax>83</xmax>
      <ymax>558</ymax>
    </bndbox>
  </object>
  <object>
    <name>word</name>
    <difficult>0</difficult>
    <bndbox>
      <xmin>85</xmin>
      <ymin>541</ymin>
      <xmax>127</xmax>
      <ymax>558</ymax>
    </bndbox>
  </object>
  <object>
    <name>word</name>
    <difficult>0</difficult>
    <bndbox>
      <xmin>137</xmin>
      <ymin>539</ymin>
      <xmax>157</xmax>
      <ymax>552</ymax>
    </bndbox>
  </object>
  <object>
    <name>word</name>
    <difficult>0</difficult>
    <bndbox>
      <xmin>165</xmin>
      <ymin>534</ymin>
      <xmax>210</xmax>
      <ymax>555</ymax>
    </bndbox>
  </object>
  <object>
    <name>word</name>
    <difficult>0</difficult>
    <bndbox>
      <xmin>218</xmin>
      <ymin>540</ymin>
      <xmax>237</xmax>
      <ymax>555</ymax>
    </bndbox>
  </object>
  <object>
    <name>word</name>
    <difficult>0</difficult>
    <bndbox>
      <xmin>238</xmin>
      <ymin>541</ymin>
      <xmax>253</xmax>
      <ymax>553</ymax>
    </bndbox>
  </object>
  <object>
    <name>word</name>
    <difficult>0</difficult>
    <bndbox>
      <xmin>258</xmin>
      <ymin>537</ymin>
      <xmax>296</xmax>
      <ymax>557</ymax>
    </bndbox>
  </object>
  <object>
    <name>word</name>
    <difficult>0</difficult>
    <bndbox>
      <xmin>45</xmin>
      <ymin>558</ymin>
      <xmax>60</xmax>
      <ymax>576</ymax>
    </bndbox>
  </object>
  <object>
    <name>word</name>
    <difficult>0</difficult>
    <bndbox>
      <xmin>67</xmin>
      <ymin>558</ymin>
      <xmax>109</xmax>
      <ymax>578</ymax>
    </bndbox>
  </object>
  <object>
    <name>word</name>
    <difficult>0</difficult>
    <bndbox>
      <xmin>116</xmin>
      <ymin>555</ymin>
      <xmax>154</xmax>
      <ymax>573</ymax>
    </bndbox>
  </object>
  <object>
    <name>word</name>
    <difficult>0</difficult>
    <bndbox>
      <xmin>162</xmin>
      <ymin>558</ymin>
      <xmax>201</xmax>
      <ymax>575</ymax>
    </bndbox>
  </object>
  <object>
    <name>word</name>
    <difficult>0</difficult>
    <bndbox>
      <xmin>211</xmin>
      <ymin>555</ymin>
      <xmax>274</xmax>
      <ymax>576</ymax>
    </bndbox>
  </object>
  <object>
    <name>word</name>
    <difficult>0</difficult>
    <bndbox>
      <xmin>48</xmin>
      <ymin>577</ymin>
      <xmax>76</xmax>
      <ymax>597</ymax>
    </bndbox>
  </object>
  <object>
    <name>word</name>
    <difficult>0</difficult>
    <bndbox>
      <xmin>91</xmin>
      <ymin>578</ymin>
      <xmax>148</xmax>
      <ymax>602</ymax>
    </bndbox>
  </object>
  <object>
    <name>word</name>
    <difficult>0</difficult>
    <bndbox>
      <xmin>158</xmin>
      <ymin>575</ymin>
      <xmax>187</xmax>
      <ymax>600</ymax>
    </bndbox>
  </object>
  <object>
    <name>word</name>
    <difficult>0</difficult>
    <bndbox>
      <xmin>196</xmin>
      <ymin>578</ymin>
      <xmax>238</xmax>
      <ymax>597</ymax>
    </bndbox>
  </object>
  <object>
    <name>word</name>
    <difficult>0</difficult>
    <bndbox>
      <xmin>202</xmin>
      <ymin>597</ymin>
      <xmax>237</xmax>
      <ymax>612</ymax>
    </bndbox>
  </object>
  <object>
    <name>word</name>
    <difficult>0</difficult>
    <bndbox>
      <xmin>244</xmin>
      <ymin>593</ymin>
      <xmax>263</xmax>
      <ymax>614</ymax>
    </bndbox>
  </object>
  <object>
    <name>word</name>
    <difficult>0</difficult>
    <bndbox>
      <xmin>263</xmin>
      <ymin>593</ymin>
      <xmax>282</xmax>
      <ymax>619</ymax>
    </bndbox>
  </object>
  <object>
    <name>word</name>
    <difficult>0</difficult>
    <bndbox>
      <xmin>279</xmin>
      <ymin>593</ymin>
      <xmax>296</xmax>
      <ymax>617</ymax>
    </bndbox>
  </object>
  <object>
    <name>word</name>
    <difficult>0</difficult>
    <bndbox>
      <xmin>51</xmin>
      <ymin>730</ymin>
      <xmax>112</xmax>
      <ymax>747</ymax>
    </bndbox>
  </object>
  <object>
    <name>word</name>
    <difficult>0</difficult>
    <bndbox>
      <xmin>118</xmin>
      <ymin>732</ymin>
      <xmax>143</xmax>
      <ymax>747</ymax>
    </bndbox>
  </object>
  <object>
    <name>word</name>
    <difficult>0</difficult>
    <bndbox>
      <xmin>52</xmin>
      <ymin>763</ymin>
      <xmax>110</xmax>
      <ymax>777</ymax>
    </bndbox>
  </object>
  <object>
    <name>word</name>
    <difficult>0</difficult>
    <bndbox>
      <xmin>114</xmin>
      <ymin>763</ymin>
      <xmax>139</xmax>
      <ymax>777</ymax>
    </bndbox>
  </object>
  <object>
    <name>word</name>
    <difficult>0</difficult>
    <bndbox>
      <xmin>47</xmin>
      <ymin>791</ymin>
      <xmax>112</xmax>
      <ymax>804</ymax>
    </bndbox>
  </object>
  <object>
    <name>word</name>
    <difficult>0</difficult>
    <bndbox>
      <xmin>117</xmin>
      <ymin>794</ymin>
      <xmax>141</xmax>
      <ymax>807</ymax>
    </bndbox>
  </object>
  <object>
    <name>word</name>
    <difficult>0</difficult>
    <bndbox>
      <xmin>47</xmin>
      <ymin>817</ymin>
      <xmax>97</xmax>
      <ymax>835</ymax>
    </bndbox>
  </object>
  <object>
    <name>word</name>
    <difficult>0</difficult>
    <bndbox>
      <xmin>100</xmin>
      <ymin>818</ymin>
      <xmax>145</xmax>
      <ymax>833</ymax>
    </bndbox>
  </object>
  <object>
    <name>word</name>
    <difficult>0</difficult>
    <bndbox>
      <xmin>153</xmin>
      <ymin>699</ymin>
      <xmax>180</xmax>
      <ymax>719</ymax>
    </bndbox>
  </object>
  <object>
    <name>word</name>
    <difficult>0</difficult>
    <bndbox>
      <xmin>183</xmin>
      <ymin>697</ymin>
      <xmax>204</xmax>
      <ymax>721</ymax>
    </bndbox>
  </object>
  <object>
    <name>word</name>
    <difficult>0</difficult>
    <bndbox>
      <xmin>211</xmin>
      <ymin>699</ymin>
      <xmax>316</xmax>
      <ymax>721</ymax>
    </bndbox>
  </object>
  <object>
    <name>word</name>
    <difficult>0</difficult>
    <bndbox>
      <xmin>150</xmin>
      <ymin>722</ymin>
      <xmax>167</xmax>
      <ymax>735</ymax>
    </bndbox>
  </object>
  <object>
    <name>word</name>
    <difficult>0</difficult>
    <bndbox>
      <xmin>176</xmin>
      <ymin>718</ymin>
      <xmax>190</xmax>
      <ymax>737</ymax>
    </bndbox>
  </object>
  <object>
    <name>word</name>
    <difficult>0</difficult>
    <bndbox>
      <xmin>196</xmin>
      <ymin>717</ymin>
      <xmax>257</xmax>
      <ymax>732</ymax>
    </bndbox>
  </object>
  <object>
    <name>word</name>
    <difficult>0</difficult>
    <bndbox>
      <xmin>147</xmin>
      <ymin>746</ymin>
      <xmax>168</xmax>
      <ymax>763</ymax>
    </bndbox>
  </object>
  <object>
    <name>word</name>
    <difficult>0</difficult>
    <bndbox>
      <xmin>172</xmin>
      <ymin>745</ymin>
      <xmax>190</xmax>
      <ymax>764</ymax>
    </bndbox>
  </object>
  <object>
    <name>word</name>
    <difficult>0</difficult>
    <bndbox>
      <xmin>196</xmin>
      <ymin>743</ymin>
      <xmax>255</xmax>
      <ymax>767</ymax>
    </bndbox>
  </object>
  <object>
    <name>word</name>
    <difficult>0</difficult>
    <bndbox>
      <xmin>267</xmin>
      <ymin>719</ymin>
      <xmax>383</xmax>
      <ymax>766</ymax>
    </bndbox>
  </object>
  <object>
    <name>word</name>
    <difficult>0</difficult>
    <bndbox>
      <xmin>147</xmin>
      <ymin>836</ymin>
      <xmax>167</xmax>
      <ymax>850</ymax>
    </bndbox>
  </object>
  <object>
    <name>word</name>
    <difficult>0</difficult>
    <bndbox>
      <xmin>172</xmin>
      <ymin>837</ymin>
      <xmax>190</xmax>
      <ymax>851</ymax>
    </bndbox>
  </object>
  <object>
    <name>word</name>
    <difficult>0</difficult>
    <bndbox>
      <xmin>196</xmin>
      <ymin>837</ymin>
      <xmax>231</xmax>
      <ymax>850</ymax>
    </bndbox>
  </object>
  <object>
    <name>word</name>
    <difficult>0</difficult>
    <bndbox>
      <xmin>131</xmin>
      <ymin>849</ymin>
      <xmax>183</xmax>
      <ymax>866</ymax>
    </bndbox>
  </object>
  <object>
    <name>word</name>
    <difficult>0</difficult>
    <bndbox>
      <xmin>190</xmin>
      <ymin>850</ymin>
      <xmax>222</xmax>
      <ymax>862</ymax>
    </bndbox>
  </object>
  <object>
    <name>word</name>
    <difficult>0</difficult>
    <bndbox>
      <xmin>125</xmin>
      <ymin>866</ymin>
      <xmax>149</xmax>
      <ymax>877</ymax>
    </bndbox>
  </object>
  <object>
    <name>word</name>
    <difficult>0</difficult>
    <bndbox>
      <xmin>151</xmin>
      <ymin>866</ymin>
      <xmax>219</xmax>
      <ymax>879</ymax>
    </bndbox>
  </object>
  <object>
    <name>word</name>
    <difficult>0</difficult>
    <bndbox>
      <xmin>224</xmin>
      <ymin>864</ymin>
      <xmax>248</xmax>
      <ymax>878</ymax>
    </bndbox>
  </object>
  <object>
    <name>word</name>
    <difficult>0</difficult>
    <bndbox>
      <xmin>130</xmin>
      <ymin>880</ymin>
      <xmax>144</xmax>
      <ymax>893</ymax>
    </bndbox>
  </object>
  <object>
    <name>word</name>
    <difficult>0</difficult>
    <bndbox>
      <xmin>151</xmin>
      <ymin>880</ymin>
      <xmax>168</xmax>
      <ymax>893</ymax>
    </bndbox>
  </object>
  <object>
    <name>word</name>
    <difficult>0</difficult>
    <bndbox>
      <xmin>170</xmin>
      <ymin>880</ymin>
      <xmax>235</xmax>
      <ymax>894</ymax>
    </bndbox>
  </object>
  <object>
    <name>word</name>
    <difficult>0</difficult>
    <bndbox>
      <xmin>130</xmin>
      <ymin>892</ymin>
      <xmax>145</xmax>
      <ymax>910</ymax>
    </bndbox>
  </object>
  <object>
    <name>word</name>
    <difficult>0</difficult>
    <bndbox>
      <xmin>149</xmin>
      <ymin>893</ymin>
      <xmax>220</xmax>
      <ymax>912</ymax>
    </bndbox>
  </object>
  <object>
    <name>word</name>
    <difficult>0</difficult>
    <bndbox>
      <xmin>224</xmin>
      <ymin>894</ymin>
      <xmax>248</xmax>
      <ymax>912</ymax>
    </bndbox>
  </object>
  <object>
    <name>word</name>
    <difficult>0</difficult>
    <bndbox>
      <xmin>256</xmin>
      <ymin>895</ymin>
      <xmax>291</xmax>
      <ymax>910</ymax>
    </bndbox>
  </object>
  <object>
    <name>word</name>
    <difficult>0</difficult>
    <bndbox>
      <xmin>367</xmin>
      <ymin>864</ymin>
      <xmax>421</xmax>
      <ymax>883</ymax>
    </bndbox>
  </object>
  <object>
    <name>word</name>
    <difficult>0</difficult>
    <bndbox>
      <xmin>427</xmin>
      <ymin>867</ymin>
      <xmax>451</xmax>
      <ymax>882</ymax>
    </bndbox>
  </object>
  <object>
    <name>word</name>
    <difficult>0</difficult>
    <bndbox>
      <xmin>355</xmin>
      <ymin>897</ymin>
      <xmax>412</xmax>
      <ymax>909</ymax>
    </bndbox>
  </object>
  <object>
    <name>word</name>
    <difficult>0</difficult>
    <bndbox>
      <xmin>412</xmin>
      <ymin>894</ymin>
      <xmax>449</xmax>
      <ymax>906</ymax>
    </bndbox>
  </object>
  <object>
    <name>word</name>
    <difficult>0</difficult>
    <bndbox>
      <xmin>462</xmin>
      <ymin>863</ymin>
      <xmax>501</xmax>
      <ymax>880</ymax>
    </bndbox>
  </object>
  <object>
    <name>word</name>
    <difficult>0</difficult>
    <bndbox>
      <xmin>501</xmin>
      <ymin>861</ymin>
      <xmax>536</xmax>
      <ymax>878</ymax>
    </bndbox>
  </object>
  <object>
    <name>word</name>
    <difficult>0</difficult>
    <bndbox>
      <xmin>461</xmin>
      <ymin>702</ymin>
      <xmax>496</xmax>
      <ymax>727</ymax>
    </bndbox>
  </object>
  <object>
    <name>word</name>
    <difficult>0</difficult>
    <bndbox>
      <xmin>499</xmin>
      <ymin>699</ymin>
      <xmax>525</xmax>
      <ymax>728</ymax>
    </bndbox>
  </object>
  <object>
    <name>word</name>
    <difficult>0</difficult>
    <bndbox>
      <xmin>524</xmin>
      <ymin>700</ymin>
      <xmax>544</xmax>
      <ymax>727</ymax>
    </bndbox>
  </object>
  <object>
    <name>word</name>
    <difficult>0</difficult>
    <bndbox>
      <xmin>456</xmin>
      <ymin>725</ymin>
      <xmax>491</xmax>
      <ymax>749</ymax>
    </bndbox>
  </object>
  <object>
    <name>word</name>
    <difficult>0</difficult>
    <bndbox>
      <xmin>482</xmin>
      <ymin>725</ymin>
      <xmax>520</xmax>
      <ymax>750</ymax>
    </bndbox>
  </object>
  <object>
    <name>word</name>
    <difficult>0</difficult>
    <bndbox>
      <xmin>517</xmin>
      <ymin>726</ymin>
      <xmax>542</xmax>
      <ymax>750</ymax>
    </bndbox>
  </object>
  <object>
    <name>word</name>
    <difficult>0</difficult>
    <bndbox>
      <xmin>298</xmin>
      <ymin>483</ymin>
      <xmax>333</xmax>
      <ymax>498</ymax>
    </bndbox>
  </object>
  <object>
    <name>word</name>
    <difficult>0</difficult>
    <bndbox>
      <xmin>338</xmin>
      <ymin>485</ymin>
      <xmax>378</xmax>
      <ymax>499</ymax>
    </bndbox>
  </object>
  <object>
    <name>word</name>
    <difficult>0</difficult>
    <bndbox>
      <xmin>302</xmin>
      <ymin>501</ymin>
      <xmax>340</xmax>
      <ymax>515</ymax>
    </bndbox>
  </object>
  <object>
    <name>word</name>
    <difficult>0</difficult>
    <bndbox>
      <xmin>344</xmin>
      <ymin>501</ymin>
      <xmax>373</xmax>
      <ymax>515</ymax>
    </bndbox>
  </object>
  <object>
    <name>word</name>
    <difficult>0</difficult>
    <bndbox>
      <xmin>381</xmin>
      <ymin>502</ymin>
      <xmax>426</xmax>
      <ymax>516</ymax>
    </bndbox>
  </object>
  <object>
    <name>word</name>
    <difficult>0</difficult>
    <bndbox>
      <xmin>430</xmin>
      <ymin>502</ymin>
      <xmax>482</xmax>
      <ymax>514</ymax>
    </bndbox>
  </object>
</annotation>
