<annotation>
  <folder>VOC2007</folder>
  <filename>0060036622.json</filename>
  <owner>
    <name>HengTian</name>
  </owner>
  <size>
    <width>762</width>
    <height>1000</height>
    <depth>1</depth>
  </size>
  <segmented>0</segmented>
  <object>
    <name>word</name>
    <difficult>0</difficult>
    <bndbox>
      <xmin>247</xmin>
      <ymin>60</ymin>
      <xmax>269</xmax>
      <ymax>74</ymax>
    </bndbox>
  </object>
  <object>
    <name>word</name>
    <difficult>0</difficult>
    <bndbox>
      <xmin>247</xmin>
      <ymin>116</ymin>
      <xmax>288</xmax>
      <ymax>130</ymax>
    </bndbox>
  </object>
  <object>
    <name>word</name>
    <difficult>0</difficult>
    <bndbox>
      <xmin>291</xmin>
      <ymin>258</ymin>
      <xmax>392</xmax>
      <ymax>271</ymax>
    </bndbox>
  </object>
  <object>
    <name>word</name>
    <difficult>0</difficult>
    <bndbox>
      <xmin>249</xmin>
      <ymin>286</ymin>
      <xmax>324</xmax>
      <ymax>300</ymax>
    </bndbox>
  </object>
  <object>
    <name>word</name>
    <difficult>0</difficult>
    <bndbox>
      <xmin>331</xmin>
      <ymin>286</ymin>
      <xmax>351</xmax>
      <ymax>301</ymax>
    </bndbox>
  </object>
  <object>
    <name>word</name>
    <difficult>0</difficult>
    <bndbox>
      <xmin>642</xmin>
      <ymin>860</ymin>
      <xmax>676</xmax>
      <ymax>874</ymax>
    </bndbox>
  </object>
  <object>
    <name>word</name>
    <difficult>0</difficult>
    <bndbox>
      <xmin>265</xmin>
      <ymin>254</ymin>
      <xmax>286</xmax>
      <ymax>274</ymax>
    </bndbox>
  </object>
  <object>
    <name>word</name>
    <difficult>0</difficult>
    <bndbox>
      <xmin>356</xmin>
      <ymin>344</ymin>
      <xmax>417</xmax>
      <ymax>358</ymax>
    </bndbox>
  </object>
  <object>
    <name>word</name>
    <difficult>0</difficult>
    <bndbox>
      <xmin>353</xmin>
      <ymin>763</ymin>
      <xmax>374</xmax>
      <ymax>783</ymax>
    </bndbox>
  </object>
  <object>
    <name>word</name>
    <difficult>0</difficult>
    <bndbox>
      <xmin>296</xmin>
      <ymin>59</ymin>
      <xmax>321</xmax>
      <ymax>73</ymax>
    </bndbox>
  </object>
  <object>
    <name>word</name>
    <difficult>0</difficult>
    <bndbox>
      <xmin>331</xmin>
      <ymin>59</ymin>
      <xmax>346</xmax>
      <ymax>73</ymax>
    </bndbox>
  </object>
  <object>
    <name>word</name>
    <difficult>0</difficult>
    <bndbox>
      <xmin>355</xmin>
      <ymin>60</ymin>
      <xmax>373</xmax>
      <ymax>73</ymax>
    </bndbox>
  </object>
  <object>
    <name>word</name>
    <difficult>0</difficult>
    <bndbox>
      <xmin>381</xmin>
      <ymin>61</ymin>
      <xmax>442</xmax>
      <ymax>71</ymax>
    </bndbox>
  </object>
  <object>
    <name>word</name>
    <difficult>0</difficult>
    <bndbox>
      <xmin>507</xmin>
      <ymin>60</ymin>
      <xmax>532</xmax>
      <ymax>73</ymax>
    </bndbox>
  </object>
  <object>
    <name>word</name>
    <difficult>0</difficult>
    <bndbox>
      <xmin>541</xmin>
      <ymin>60</ymin>
      <xmax>559</xmax>
      <ymax>73</ymax>
    </bndbox>
  </object>
  <object>
    <name>word</name>
    <difficult>0</difficult>
    <bndbox>
      <xmin>568</xmin>
      <ymin>59</ymin>
      <xmax>582</xmax>
      <ymax>73</ymax>
    </bndbox>
  </object>
  <object>
    <name>word</name>
    <difficult>0</difficult>
    <bndbox>
      <xmin>591</xmin>
      <ymin>59</ymin>
      <xmax>636</xmax>
      <ymax>73</ymax>
    </bndbox>
  </object>
  <object>
    <name>word</name>
    <difficult>0</difficult>
    <bndbox>
      <xmin>507</xmin>
      <ymin>74</ymin>
      <xmax>532</xmax>
      <ymax>85</ymax>
    </bndbox>
  </object>
  <object>
    <name>word</name>
    <difficult>0</difficult>
    <bndbox>
      <xmin>541</xmin>
      <ymin>73</ymin>
      <xmax>558</xmax>
      <ymax>87</ymax>
    </bndbox>
  </object>
  <object>
    <name>word</name>
    <difficult>0</difficult>
    <bndbox>
      <xmin>566</xmin>
      <ymin>74</ymin>
      <xmax>583</xmax>
      <ymax>87</ymax>
    </bndbox>
  </object>
  <object>
    <name>word</name>
    <difficult>0</difficult>
    <bndbox>
      <xmin>591</xmin>
      <ymin>74</ymin>
      <xmax>644</xmax>
      <ymax>85</ymax>
    </bndbox>
  </object>
  <object>
    <name>word</name>
    <difficult>0</difficult>
    <bndbox>
      <xmin>296</xmin>
      <ymin>74</ymin>
      <xmax>321</xmax>
      <ymax>88</ymax>
    </bndbox>
  </object>
  <object>
    <name>word</name>
    <difficult>0</difficult>
    <bndbox>
      <xmin>331</xmin>
      <ymin>74</ymin>
      <xmax>345</xmax>
      <ymax>87</ymax>
    </bndbox>
  </object>
  <object>
    <name>word</name>
    <difficult>0</difficult>
    <bndbox>
      <xmin>356</xmin>
      <ymin>75</ymin>
      <xmax>373</xmax>
      <ymax>86</ymax>
    </bndbox>
  </object>
  <object>
    <name>word</name>
    <difficult>0</difficult>
    <bndbox>
      <xmin>381</xmin>
      <ymin>74</ymin>
      <xmax>458</xmax>
      <ymax>87</ymax>
    </bndbox>
  </object>
  <object>
    <name>word</name>
    <difficult>0</difficult>
    <bndbox>
      <xmin>296</xmin>
      <ymin>88</ymin>
      <xmax>321</xmax>
      <ymax>101</ymax>
    </bndbox>
  </object>
  <object>
    <name>word</name>
    <difficult>0</difficult>
    <bndbox>
      <xmin>331</xmin>
      <ymin>89</ymin>
      <xmax>346</xmax>
      <ymax>100</ymax>
    </bndbox>
  </object>
  <object>
    <name>word</name>
    <difficult>0</difficult>
    <bndbox>
      <xmin>356</xmin>
      <ymin>89</ymin>
      <xmax>373</xmax>
      <ymax>100</ymax>
    </bndbox>
  </object>
  <object>
    <name>word</name>
    <difficult>0</difficult>
    <bndbox>
      <xmin>381</xmin>
      <ymin>88</ymin>
      <xmax>449</xmax>
      <ymax>102</ymax>
    </bndbox>
  </object>
  <object>
    <name>word</name>
    <difficult>0</difficult>
    <bndbox>
      <xmin>296</xmin>
      <ymin>116</ymin>
      <xmax>313</xmax>
      <ymax>129</ymax>
    </bndbox>
  </object>
  <object>
    <name>word</name>
    <difficult>0</difficult>
    <bndbox>
      <xmin>323</xmin>
      <ymin>116</ymin>
      <xmax>340</xmax>
      <ymax>129</ymax>
    </bndbox>
  </object>
  <object>
    <name>word</name>
    <difficult>0</difficult>
    <bndbox>
      <xmin>348</xmin>
      <ymin>115</ymin>
      <xmax>401</xmax>
      <ymax>129</ymax>
    </bndbox>
  </object>
  <object>
    <name>word</name>
    <difficult>0</difficult>
    <bndbox>
      <xmin>247</xmin>
      <ymin>187</ymin>
      <xmax>306</xmax>
      <ymax>198</ymax>
    </bndbox>
  </object>
  <object>
    <name>word</name>
    <difficult>0</difficult>
    <bndbox>
      <xmin>316</xmin>
      <ymin>187</ymin>
      <xmax>341</xmax>
      <ymax>201</ymax>
    </bndbox>
  </object>
  <object>
    <name>word</name>
    <difficult>0</difficult>
    <bndbox>
      <xmin>349</xmin>
      <ymin>187</ymin>
      <xmax>451</xmax>
      <ymax>201</ymax>
    </bndbox>
  </object>
  <object>
    <name>word</name>
    <difficult>0</difficult>
    <bndbox>
      <xmin>458</xmin>
      <ymin>189</ymin>
      <xmax>476</xmax>
      <ymax>200</ymax>
    </bndbox>
  </object>
  <object>
    <name>word</name>
    <difficult>0</difficult>
    <bndbox>
      <xmin>482</xmin>
      <ymin>187</ymin>
      <xmax>569</xmax>
      <ymax>200</ymax>
    </bndbox>
  </object>
  <object>
    <name>word</name>
    <difficult>0</difficult>
    <bndbox>
      <xmin>577</xmin>
      <ymin>186</ymin>
      <xmax>595</xmax>
      <ymax>200</ymax>
    </bndbox>
  </object>
  <object>
    <name>word</name>
    <difficult>0</difficult>
    <bndbox>
      <xmin>602</xmin>
      <ymin>186</ymin>
      <xmax>619</xmax>
      <ymax>199</ymax>
    </bndbox>
  </object>
  <object>
    <name>word</name>
    <difficult>0</difficult>
    <bndbox>
      <xmin>247</xmin>
      <ymin>203</ymin>
      <xmax>332</xmax>
      <ymax>216</ymax>
    </bndbox>
  </object>
  <object>
    <name>word</name>
    <difficult>0</difficult>
    <bndbox>
      <xmin>339</xmin>
      <ymin>203</ymin>
      <xmax>357</xmax>
      <ymax>216</ymax>
    </bndbox>
  </object>
  <object>
    <name>word</name>
    <difficult>0</difficult>
    <bndbox>
      <xmin>365</xmin>
      <ymin>201</ymin>
      <xmax>475</xmax>
      <ymax>215</ymax>
    </bndbox>
  </object>
  <object>
    <name>word</name>
    <difficult>0</difficult>
    <bndbox>
      <xmin>482</xmin>
      <ymin>204</ymin>
      <xmax>560</xmax>
      <ymax>215</ymax>
    </bndbox>
  </object>
  <object>
    <name>word</name>
    <difficult>0</difficult>
    <bndbox>
      <xmin>566</xmin>
      <ymin>203</ymin>
      <xmax>586</xmax>
      <ymax>214</ymax>
    </bndbox>
  </object>
  <object>
    <name>word</name>
    <difficult>0</difficult>
    <bndbox>
      <xmin>592</xmin>
      <ymin>201</ymin>
      <xmax>627</xmax>
      <ymax>214</ymax>
    </bndbox>
  </object>
  <object>
    <name>word</name>
    <difficult>0</difficult>
    <bndbox>
      <xmin>247</xmin>
      <ymin>216</ymin>
      <xmax>307</xmax>
      <ymax>231</ymax>
    </bndbox>
  </object>
  <object>
    <name>word</name>
    <difficult>0</difficult>
    <bndbox>
      <xmin>448</xmin>
      <ymin>256</ymin>
      <xmax>469</xmax>
      <ymax>273</ymax>
    </bndbox>
  </object>
  <object>
    <name>word</name>
    <difficult>0</difficult>
    <bndbox>
      <xmin>475</xmin>
      <ymin>257</ymin>
      <xmax>560</xmax>
      <ymax>272</ymax>
    </bndbox>
  </object>
  <object>
    <name>word</name>
    <difficult>0</difficult>
    <bndbox>
      <xmin>377</xmin>
      <ymin>272</ymin>
      <xmax>440</xmax>
      <ymax>285</ymax>
    </bndbox>
  </object>
  <object>
    <name>word</name>
    <difficult>0</difficult>
    <bndbox>
      <xmin>447</xmin>
      <ymin>272</ymin>
      <xmax>504</xmax>
      <ymax>285</ymax>
    </bndbox>
  </object>
  <object>
    <name>word</name>
    <difficult>0</difficult>
    <bndbox>
      <xmin>514</xmin>
      <ymin>271</ymin>
      <xmax>566</xmax>
      <ymax>285</ymax>
    </bndbox>
  </object>
  <object>
    <name>word</name>
    <difficult>0</difficult>
    <bndbox>
      <xmin>378</xmin>
      <ymin>288</ymin>
      <xmax>405</xmax>
      <ymax>299</ymax>
    </bndbox>
  </object>
  <object>
    <name>word</name>
    <difficult>0</difficult>
    <bndbox>
      <xmin>413</xmin>
      <ymin>286</ymin>
      <xmax>435</xmax>
      <ymax>300</ymax>
    </bndbox>
  </object>
  <object>
    <name>word</name>
    <difficult>0</difficult>
    <bndbox>
      <xmin>447</xmin>
      <ymin>288</ymin>
      <xmax>482</xmax>
      <ymax>299</ymax>
    </bndbox>
  </object>
  <object>
    <name>word</name>
    <difficult>0</difficult>
    <bndbox>
      <xmin>487</xmin>
      <ymin>286</ymin>
      <xmax>532</xmax>
      <ymax>299</ymax>
    </bndbox>
  </object>
  <object>
    <name>word</name>
    <difficult>0</difficult>
    <bndbox>
      <xmin>378</xmin>
      <ymin>314</ymin>
      <xmax>437</xmax>
      <ymax>328</ymax>
    </bndbox>
  </object>
  <object>
    <name>word</name>
    <difficult>0</difficult>
    <bndbox>
      <xmin>447</xmin>
      <ymin>314</ymin>
      <xmax>556</xmax>
      <ymax>327</ymax>
    </bndbox>
  </object>
  <object>
    <name>word</name>
    <difficult>0</difficult>
    <bndbox>
      <xmin>454</xmin>
      <ymin>341</ymin>
      <xmax>507</xmax>
      <ymax>355</ymax>
    </bndbox>
  </object>
  <object>
    <name>word</name>
    <difficult>0</difficult>
    <bndbox>
      <xmin>514</xmin>
      <ymin>341</ymin>
      <xmax>531</xmax>
      <ymax>355</ymax>
    </bndbox>
  </object>
  <object>
    <name>word</name>
    <difficult>0</difficult>
    <bndbox>
      <xmin>531</xmin>
      <ymin>341</ymin>
      <xmax>548</xmax>
      <ymax>356</ymax>
    </bndbox>
  </object>
  <object>
    <name>word</name>
    <difficult>0</difficult>
    <bndbox>
      <xmin>547</xmin>
      <ymin>341</ymin>
      <xmax>567</xmax>
      <ymax>355</ymax>
    </bndbox>
  </object>
  <object>
    <name>word</name>
    <difficult>0</difficult>
    <bndbox>
      <xmin>249</xmin>
      <ymin>373</ymin>
      <xmax>276</xmax>
      <ymax>384</ymax>
    </bndbox>
  </object>
  <object>
    <name>word</name>
    <difficult>0</difficult>
    <bndbox>
      <xmin>282</xmin>
      <ymin>372</ymin>
      <xmax>350</xmax>
      <ymax>385</ymax>
    </bndbox>
  </object>
  <object>
    <name>word</name>
    <difficult>0</difficult>
    <bndbox>
      <xmin>359</xmin>
      <ymin>372</ymin>
      <xmax>416</xmax>
      <ymax>385</ymax>
    </bndbox>
  </object>
  <object>
    <name>word</name>
    <difficult>0</difficult>
    <bndbox>
      <xmin>426</xmin>
      <ymin>372</ymin>
      <xmax>458</xmax>
      <ymax>386</ymax>
    </bndbox>
  </object>
  <object>
    <name>word</name>
    <difficult>0</difficult>
    <bndbox>
      <xmin>267</xmin>
      <ymin>429</ymin>
      <xmax>316</xmax>
      <ymax>443</ymax>
    </bndbox>
  </object>
  <object>
    <name>word</name>
    <difficult>0</difficult>
    <bndbox>
      <xmin>324</xmin>
      <ymin>429</ymin>
      <xmax>384</xmax>
      <ymax>442</ymax>
    </bndbox>
  </object>
  <object>
    <name>word</name>
    <difficult>0</difficult>
    <bndbox>
      <xmin>391</xmin>
      <ymin>429</ymin>
      <xmax>469</xmax>
      <ymax>443</ymax>
    </bndbox>
  </object>
  <object>
    <name>word</name>
    <difficult>0</difficult>
    <bndbox>
      <xmin>478</xmin>
      <ymin>429</ymin>
      <xmax>520</xmax>
      <ymax>440</ymax>
    </bndbox>
  </object>
  <object>
    <name>word</name>
    <difficult>0</difficult>
    <bndbox>
      <xmin>528</xmin>
      <ymin>429</ymin>
      <xmax>603</xmax>
      <ymax>440</ymax>
    </bndbox>
  </object>
  <object>
    <name>word</name>
    <difficult>0</difficult>
    <bndbox>
      <xmin>610</xmin>
      <ymin>432</ymin>
      <xmax>621</xmax>
      <ymax>438</ymax>
    </bndbox>
  </object>
  <object>
    <name>word</name>
    <difficult>0</difficult>
    <bndbox>
      <xmin>331</xmin>
      <ymin>454</ymin>
      <xmax>365</xmax>
      <ymax>467</ymax>
    </bndbox>
  </object>
  <object>
    <name>word</name>
    <difficult>0</difficult>
    <bndbox>
      <xmin>372</xmin>
      <ymin>453</ymin>
      <xmax>380</xmax>
      <ymax>467</ymax>
    </bndbox>
  </object>
  <object>
    <name>word</name>
    <difficult>0</difficult>
    <bndbox>
      <xmin>380</xmin>
      <ymin>453</ymin>
      <xmax>405</xmax>
      <ymax>468</ymax>
    </bndbox>
  </object>
  <object>
    <name>word</name>
    <difficult>0</difficult>
    <bndbox>
      <xmin>406</xmin>
      <ymin>453</ymin>
      <xmax>437</xmax>
      <ymax>468</ymax>
    </bndbox>
  </object>
  <object>
    <name>word</name>
    <difficult>0</difficult>
    <bndbox>
      <xmin>439</xmin>
      <ymin>453</ymin>
      <xmax>457</xmax>
      <ymax>468</ymax>
    </bndbox>
  </object>
  <object>
    <name>word</name>
    <difficult>0</difficult>
    <bndbox>
      <xmin>462</xmin>
      <ymin>453</ymin>
      <xmax>482</xmax>
      <ymax>468</ymax>
    </bndbox>
  </object>
  <object>
    <name>word</name>
    <difficult>0</difficult>
    <bndbox>
      <xmin>489</xmin>
      <ymin>453</ymin>
      <xmax>504</xmax>
      <ymax>467</ymax>
    </bndbox>
  </object>
  <object>
    <name>word</name>
    <difficult>0</difficult>
    <bndbox>
      <xmin>506</xmin>
      <ymin>454</ymin>
      <xmax>531</xmax>
      <ymax>468</ymax>
    </bndbox>
  </object>
  <object>
    <name>word</name>
    <difficult>0</difficult>
    <bndbox>
      <xmin>534</xmin>
      <ymin>453</ymin>
      <xmax>563</xmax>
      <ymax>468</ymax>
    </bndbox>
  </object>
  <object>
    <name>word</name>
    <difficult>0</difficult>
    <bndbox>
      <xmin>330</xmin>
      <ymin>468</ymin>
      <xmax>365</xmax>
      <ymax>482</ymax>
    </bndbox>
  </object>
  <object>
    <name>word</name>
    <difficult>0</difficult>
    <bndbox>
      <xmin>378</xmin>
      <ymin>466</ymin>
      <xmax>403</xmax>
      <ymax>481</ymax>
    </bndbox>
  </object>
  <object>
    <name>word</name>
    <difficult>0</difficult>
    <bndbox>
      <xmin>404</xmin>
      <ymin>468</ymin>
      <xmax>439</xmax>
      <ymax>481</ymax>
    </bndbox>
  </object>
  <object>
    <name>word</name>
    <difficult>0</difficult>
    <bndbox>
      <xmin>440</xmin>
      <ymin>468</ymin>
      <xmax>458</xmax>
      <ymax>482</ymax>
    </bndbox>
  </object>
  <object>
    <name>word</name>
    <difficult>0</difficult>
    <bndbox>
      <xmin>489</xmin>
      <ymin>468</ymin>
      <xmax>506</xmax>
      <ymax>481</ymax>
    </bndbox>
  </object>
  <object>
    <name>word</name>
    <difficult>0</difficult>
    <bndbox>
      <xmin>506</xmin>
      <ymin>468</ymin>
      <xmax>531</xmax>
      <ymax>482</ymax>
    </bndbox>
  </object>
  <object>
    <name>word</name>
    <difficult>0</difficult>
    <bndbox>
      <xmin>532</xmin>
      <ymin>466</ymin>
      <xmax>564</xmax>
      <ymax>480</ymax>
    </bndbox>
  </object>
  <object>
    <name>word</name>
    <difficult>0</difficult>
    <bndbox>
      <xmin>328</xmin>
      <ymin>483</ymin>
      <xmax>364</xmax>
      <ymax>494</ymax>
    </bndbox>
  </object>
  <object>
    <name>word</name>
    <difficult>0</difficult>
    <bndbox>
      <xmin>378</xmin>
      <ymin>482</ymin>
      <xmax>403</xmax>
      <ymax>495</ymax>
    </bndbox>
  </object>
  <object>
    <name>word</name>
    <difficult>0</difficult>
    <bndbox>
      <xmin>404</xmin>
      <ymin>480</ymin>
      <xmax>438</xmax>
      <ymax>495</ymax>
    </bndbox>
  </object>
  <object>
    <name>word</name>
    <difficult>0</difficult>
    <bndbox>
      <xmin>437</xmin>
      <ymin>482</ymin>
      <xmax>457</xmax>
      <ymax>493</ymax>
    </bndbox>
  </object>
  <object>
    <name>word</name>
    <difficult>0</difficult>
    <bndbox>
      <xmin>489</xmin>
      <ymin>480</ymin>
      <xmax>504</xmax>
      <ymax>494</ymax>
    </bndbox>
  </object>
  <object>
    <name>word</name>
    <difficult>0</difficult>
    <bndbox>
      <xmin>506</xmin>
      <ymin>480</ymin>
      <xmax>531</xmax>
      <ymax>494</ymax>
    </bndbox>
  </object>
  <object>
    <name>word</name>
    <difficult>0</difficult>
    <bndbox>
      <xmin>532</xmin>
      <ymin>479</ymin>
      <xmax>566</xmax>
      <ymax>496</ymax>
    </bndbox>
  </object>
  <object>
    <name>word</name>
    <difficult>0</difficult>
    <bndbox>
      <xmin>331</xmin>
      <ymin>496</ymin>
      <xmax>365</xmax>
      <ymax>510</ymax>
    </bndbox>
  </object>
  <object>
    <name>word</name>
    <difficult>0</difficult>
    <bndbox>
      <xmin>378</xmin>
      <ymin>494</ymin>
      <xmax>403</xmax>
      <ymax>509</ymax>
    </bndbox>
  </object>
  <object>
    <name>word</name>
    <difficult>0</difficult>
    <bndbox>
      <xmin>405</xmin>
      <ymin>493</ymin>
      <xmax>439</xmax>
      <ymax>510</ymax>
    </bndbox>
  </object>
  <object>
    <name>word</name>
    <difficult>0</difficult>
    <bndbox>
      <xmin>439</xmin>
      <ymin>494</ymin>
      <xmax>457</xmax>
      <ymax>508</ymax>
    </bndbox>
  </object>
  <object>
    <name>word</name>
    <difficult>0</difficult>
    <bndbox>
      <xmin>487</xmin>
      <ymin>494</ymin>
      <xmax>507</xmax>
      <ymax>509</ymax>
    </bndbox>
  </object>
  <object>
    <name>word</name>
    <difficult>0</difficult>
    <bndbox>
      <xmin>507</xmin>
      <ymin>492</ymin>
      <xmax>532</xmax>
      <ymax>510</ymax>
    </bndbox>
  </object>
  <object>
    <name>word</name>
    <difficult>0</difficult>
    <bndbox>
      <xmin>532</xmin>
      <ymin>494</ymin>
      <xmax>566</xmax>
      <ymax>509</ymax>
    </bndbox>
  </object>
  <object>
    <name>word</name>
    <difficult>0</difficult>
    <bndbox>
      <xmin>267</xmin>
      <ymin>584</ymin>
      <xmax>326</xmax>
      <ymax>597</ymax>
    </bndbox>
  </object>
  <object>
    <name>word</name>
    <difficult>0</difficult>
    <bndbox>
      <xmin>335</xmin>
      <ymin>585</ymin>
      <xmax>345</xmax>
      <ymax>593</ymax>
    </bndbox>
  </object>
  <object>
    <name>word</name>
    <difficult>0</difficult>
    <bndbox>
      <xmin>243</xmin>
      <ymin>457</ymin>
      <xmax>306</xmax>
      <ymax>468</ymax>
    </bndbox>
  </object>
  <object>
    <name>word</name>
    <difficult>0</difficult>
    <bndbox>
      <xmin>313</xmin>
      <ymin>458</ymin>
      <xmax>321</xmax>
      <ymax>465</ymax>
    </bndbox>
  </object>
  <object>
    <name>word</name>
    <difficult>0</difficult>
    <bndbox>
      <xmin>247</xmin>
      <ymin>623</ymin>
      <xmax>272</xmax>
      <ymax>634</ymax>
    </bndbox>
  </object>
  <object>
    <name>word</name>
    <difficult>0</difficult>
    <bndbox>
      <xmin>279</xmin>
      <ymin>623</ymin>
      <xmax>382</xmax>
      <ymax>636</ymax>
    </bndbox>
  </object>
  <object>
    <name>word</name>
    <difficult>0</difficult>
    <bndbox>
      <xmin>390</xmin>
      <ymin>623</ymin>
      <xmax>408</xmax>
      <ymax>637</ymax>
    </bndbox>
  </object>
  <object>
    <name>word</name>
    <difficult>0</difficult>
    <bndbox>
      <xmin>416</xmin>
      <ymin>622</ymin>
      <xmax>440</xmax>
      <ymax>635</ymax>
    </bndbox>
  </object>
  <object>
    <name>word</name>
    <difficult>0</difficult>
    <bndbox>
      <xmin>448</xmin>
      <ymin>620</ymin>
      <xmax>532</xmax>
      <ymax>634</ymax>
    </bndbox>
  </object>
  <object>
    <name>word</name>
    <difficult>0</difficult>
    <bndbox>
      <xmin>549</xmin>
      <ymin>620</ymin>
      <xmax>594</xmax>
      <ymax>633</ymax>
    </bndbox>
  </object>
  <object>
    <name>word</name>
    <difficult>0</difficult>
    <bndbox>
      <xmin>602</xmin>
      <ymin>622</ymin>
      <xmax>627</xmax>
      <ymax>635</ymax>
    </bndbox>
  </object>
  <object>
    <name>word</name>
    <difficult>0</difficult>
    <bndbox>
      <xmin>247</xmin>
      <ymin>637</ymin>
      <xmax>255</xmax>
      <ymax>651</ymax>
    </bndbox>
  </object>
  <object>
    <name>word</name>
    <difficult>0</difficult>
    <bndbox>
      <xmin>257</xmin>
      <ymin>634</ymin>
      <xmax>278</xmax>
      <ymax>651</ymax>
    </bndbox>
  </object>
  <object>
    <name>word</name>
    <difficult>0</difficult>
    <bndbox>
      <xmin>281</xmin>
      <ymin>635</ymin>
      <xmax>313</xmax>
      <ymax>649</ymax>
    </bndbox>
  </object>
  <object>
    <name>word</name>
    <difficult>0</difficult>
    <bndbox>
      <xmin>314</xmin>
      <ymin>637</ymin>
      <xmax>334</xmax>
      <ymax>650</ymax>
    </bndbox>
  </object>
  <object>
    <name>word</name>
    <difficult>0</difficult>
    <bndbox>
      <xmin>339</xmin>
      <ymin>637</ymin>
      <xmax>442</xmax>
      <ymax>651</ymax>
    </bndbox>
  </object>
  <object>
    <name>word</name>
    <difficult>0</difficult>
    <bndbox>
      <xmin>448</xmin>
      <ymin>635</ymin>
      <xmax>476</xmax>
      <ymax>649</ymax>
    </bndbox>
  </object>
  <object>
    <name>word</name>
    <difficult>0</difficult>
    <bndbox>
      <xmin>483</xmin>
      <ymin>635</ymin>
      <xmax>526</xmax>
      <ymax>650</ymax>
    </bndbox>
  </object>
  <object>
    <name>word</name>
    <difficult>0</difficult>
    <bndbox>
      <xmin>534</xmin>
      <ymin>635</ymin>
      <xmax>568</xmax>
      <ymax>648</ymax>
    </bndbox>
  </object>
  <object>
    <name>word</name>
    <difficult>0</difficult>
    <bndbox>
      <xmin>568</xmin>
      <ymin>635</ymin>
      <xmax>627</xmax>
      <ymax>648</ymax>
    </bndbox>
  </object>
  <object>
    <name>word</name>
    <difficult>0</difficult>
    <bndbox>
      <xmin>247</xmin>
      <ymin>651</ymin>
      <xmax>341</xmax>
      <ymax>664</ymax>
    </bndbox>
  </object>
  <object>
    <name>word</name>
    <difficult>0</difficult>
    <bndbox>
      <xmin>348</xmin>
      <ymin>652</ymin>
      <xmax>368</xmax>
      <ymax>662</ymax>
    </bndbox>
  </object>
  <object>
    <name>word</name>
    <difficult>0</difficult>
    <bndbox>
      <xmin>374</xmin>
      <ymin>651</ymin>
      <xmax>399</xmax>
      <ymax>662</ymax>
    </bndbox>
  </object>
  <object>
    <name>word</name>
    <difficult>0</difficult>
    <bndbox>
      <xmin>406</xmin>
      <ymin>649</ymin>
      <xmax>467</xmax>
      <ymax>663</ymax>
    </bndbox>
  </object>
  <object>
    <name>word</name>
    <difficult>0</difficult>
    <bndbox>
      <xmin>475</xmin>
      <ymin>651</ymin>
      <xmax>534</xmax>
      <ymax>664</ymax>
    </bndbox>
  </object>
  <object>
    <name>word</name>
    <difficult>0</difficult>
    <bndbox>
      <xmin>541</xmin>
      <ymin>648</ymin>
      <xmax>636</xmax>
      <ymax>662</ymax>
    </bndbox>
  </object>
  <object>
    <name>word</name>
    <difficult>0</difficult>
    <bndbox>
      <xmin>246</xmin>
      <ymin>665</ymin>
      <xmax>298</xmax>
      <ymax>679</ymax>
    </bndbox>
  </object>
  <object>
    <name>word</name>
    <difficult>0</difficult>
    <bndbox>
      <xmin>307</xmin>
      <ymin>665</ymin>
      <xmax>346</xmax>
      <ymax>678</ymax>
    </bndbox>
  </object>
  <object>
    <name>word</name>
    <difficult>0</difficult>
    <bndbox>
      <xmin>251</xmin>
      <ymin>751</ymin>
      <xmax>319</xmax>
      <ymax>765</ymax>
    </bndbox>
  </object>
  <object>
    <name>word</name>
    <difficult>0</difficult>
    <bndbox>
      <xmin>328</xmin>
      <ymin>750</ymin>
      <xmax>345</xmax>
      <ymax>763</ymax>
    </bndbox>
  </object>
  <object>
    <name>word</name>
    <difficult>0</difficult>
    <bndbox>
      <xmin>352</xmin>
      <ymin>751</ymin>
      <xmax>430</xmax>
      <ymax>762</ymax>
    </bndbox>
  </object>
  <object>
    <name>word</name>
    <difficult>0</difficult>
    <bndbox>
      <xmin>436</xmin>
      <ymin>753</ymin>
      <xmax>454</xmax>
      <ymax>764</ymax>
    </bndbox>
  </object>
  <object>
    <name>word</name>
    <difficult>0</difficult>
    <bndbox>
      <xmin>461</xmin>
      <ymin>749</ymin>
      <xmax>521</xmax>
      <ymax>764</ymax>
    </bndbox>
  </object>
  <object>
    <name>word</name>
    <difficult>0</difficult>
    <bndbox>
      <xmin>529</xmin>
      <ymin>749</ymin>
      <xmax>588</xmax>
      <ymax>763</ymax>
    </bndbox>
  </object>
  <object>
    <name>word</name>
    <difficult>0</difficult>
    <bndbox>
      <xmin>595</xmin>
      <ymin>751</ymin>
      <xmax>605</xmax>
      <ymax>762</ymax>
    </bndbox>
  </object>
  <object>
    <name>word</name>
    <difficult>0</difficult>
    <bndbox>
      <xmin>268</xmin>
      <ymin>779</ymin>
      <xmax>296</xmax>
      <ymax>794</ymax>
    </bndbox>
  </object>
  <object>
    <name>word</name>
    <difficult>0</difficult>
    <bndbox>
      <xmin>302</xmin>
      <ymin>781</ymin>
      <xmax>313</xmax>
      <ymax>792</ymax>
    </bndbox>
  </object>
  <object>
    <name>word</name>
    <difficult>0</difficult>
    <bndbox>
      <xmin>320</xmin>
      <ymin>778</ymin>
      <xmax>330</xmax>
      <ymax>795</ymax>
    </bndbox>
  </object>
  <object>
    <name>word</name>
    <difficult>0</difficult>
    <bndbox>
      <xmin>270</xmin>
      <ymin>807</ymin>
      <xmax>338</xmax>
      <ymax>822</ymax>
    </bndbox>
  </object>
  <object>
    <name>word</name>
    <difficult>0</difficult>
    <bndbox>
      <xmin>346</xmin>
      <ymin>807</ymin>
      <xmax>354</xmax>
      <ymax>818</ymax>
    </bndbox>
  </object>
  <object>
    <name>word</name>
    <difficult>0</difficult>
    <bndbox>
      <xmin>363</xmin>
      <ymin>806</ymin>
      <xmax>397</xmax>
      <ymax>820</ymax>
    </bndbox>
  </object>
  <object>
    <name>word</name>
    <difficult>0</difficult>
    <bndbox>
      <xmin>405</xmin>
      <ymin>804</ymin>
      <xmax>455</xmax>
      <ymax>819</ymax>
    </bndbox>
  </object>
  <object>
    <name>word</name>
    <difficult>0</difficult>
    <bndbox>
      <xmin>546</xmin>
      <ymin>806</ymin>
      <xmax>573</xmax>
      <ymax>819</ymax>
    </bndbox>
  </object>
  <object>
    <name>word</name>
    <difficult>0</difficult>
    <bndbox>
      <xmin>596</xmin>
      <ymin>806</ymin>
      <xmax>614</xmax>
      <ymax>820</ymax>
    </bndbox>
  </object>
  <object>
    <name>word</name>
    <difficult>0</difficult>
    <bndbox>
      <xmin>270</xmin>
      <ymin>835</ymin>
      <xmax>380</xmax>
      <ymax>848</ymax>
    </bndbox>
  </object>
  <object>
    <name>word</name>
    <difficult>0</difficult>
    <bndbox>
      <xmin>387</xmin>
      <ymin>834</ymin>
      <xmax>454</xmax>
      <ymax>848</ymax>
    </bndbox>
  </object>
  <object>
    <name>word</name>
    <difficult>0</difficult>
    <bndbox>
      <xmin>462</xmin>
      <ymin>835</ymin>
      <xmax>507</xmax>
      <ymax>846</ymax>
    </bndbox>
  </object>
  <object>
    <name>word</name>
    <difficult>0</difficult>
    <bndbox>
      <xmin>372</xmin>
      <ymin>863</ymin>
      <xmax>447</xmax>
      <ymax>877</ymax>
    </bndbox>
  </object>
  <object>
    <name>word</name>
    <difficult>0</difficult>
    <bndbox>
      <xmin>454</xmin>
      <ymin>863</ymin>
      <xmax>515</xmax>
      <ymax>877</ymax>
    </bndbox>
  </object>
  <object>
    <name>word</name>
    <difficult>0</difficult>
    <bndbox>
      <xmin>522</xmin>
      <ymin>860</ymin>
      <xmax>540</xmax>
      <ymax>874</ymax>
    </bndbox>
  </object>
  <object>
    <name>word</name>
    <difficult>0</difficult>
    <bndbox>
      <xmin>561</xmin>
      <ymin>834</ymin>
      <xmax>582</xmax>
      <ymax>876</ymax>
    </bndbox>
  </object>
  <object>
    <name>word</name>
    <difficult>0</difficult>
    <bndbox>
      <xmin>582</xmin>
      <ymin>845</ymin>
      <xmax>609</xmax>
      <ymax>872</ymax>
    </bndbox>
  </object>
</annotation>
