<annotation>
  <folder>VOC2007</folder>
  <filename>0060094595.json</filename>
  <owner>
    <name>HengTian</name>
  </owner>
  <size>
    <width>776</width>
    <height>1000</height>
    <depth>1</depth>
  </size>
  <segmented>0</segmented>
  <object>
    <name>word</name>
    <difficult>0</difficult>
    <bndbox>
      <xmin>98</xmin>
      <ymin>306</ymin>
      <xmax>140</xmax>
      <ymax>320</ymax>
    </bndbox>
  </object>
  <object>
    <name>word</name>
    <difficult>0</difficult>
    <bndbox>
      <xmin>98</xmin>
      <ymin>331</ymin>
      <xmax>129</xmax>
      <ymax>346</ymax>
    </bndbox>
  </object>
  <object>
    <name>word</name>
    <difficult>0</difficult>
    <bndbox>
      <xmin>98</xmin>
      <ymin>358</ymin>
      <xmax>122</xmax>
      <ymax>373</ymax>
    </bndbox>
  </object>
  <object>
    <name>word</name>
    <difficult>0</difficult>
    <bndbox>
      <xmin>96</xmin>
      <ymin>385</ymin>
      <xmax>153</xmax>
      <ymax>399</ymax>
    </bndbox>
  </object>
  <object>
    <name>word</name>
    <difficult>0</difficult>
    <bndbox>
      <xmin>302</xmin>
      <ymin>475</ymin>
      <xmax>313</xmax>
      <ymax>490</ymax>
    </bndbox>
  </object>
  <object>
    <name>word</name>
    <difficult>0</difficult>
    <bndbox>
      <xmin>303</xmin>
      <ymin>499</ymin>
      <xmax>313</xmax>
      <ymax>516</ymax>
    </bndbox>
  </object>
  <object>
    <name>word</name>
    <difficult>0</difficult>
    <bndbox>
      <xmin>303</xmin>
      <ymin>527</ymin>
      <xmax>314</xmax>
      <ymax>544</ymax>
    </bndbox>
  </object>
  <object>
    <name>word</name>
    <difficult>0</difficult>
    <bndbox>
      <xmin>297</xmin>
      <ymin>566</ymin>
      <xmax>311</xmax>
      <ymax>581</ymax>
    </bndbox>
  </object>
  <object>
    <name>word</name>
    <difficult>0</difficult>
    <bndbox>
      <xmin>404</xmin>
      <ymin>476</ymin>
      <xmax>422</xmax>
      <ymax>490</ymax>
    </bndbox>
  </object>
  <object>
    <name>word</name>
    <difficult>0</difficult>
    <bndbox>
      <xmin>413</xmin>
      <ymin>503</ymin>
      <xmax>423</xmax>
      <ymax>517</ymax>
    </bndbox>
  </object>
  <object>
    <name>word</name>
    <difficult>0</difficult>
    <bndbox>
      <xmin>412</xmin>
      <ymin>529</ymin>
      <xmax>425</xmax>
      <ymax>540</ymax>
    </bndbox>
  </object>
  <object>
    <name>word</name>
    <difficult>0</difficult>
    <bndbox>
      <xmin>413</xmin>
      <ymin>567</ymin>
      <xmax>424</xmax>
      <ymax>580</ymax>
    </bndbox>
  </object>
  <object>
    <name>word</name>
    <difficult>0</difficult>
    <bndbox>
      <xmin>510</xmin>
      <ymin>473</ymin>
      <xmax>527</xmax>
      <ymax>487</ymax>
    </bndbox>
  </object>
  <object>
    <name>word</name>
    <difficult>0</difficult>
    <bndbox>
      <xmin>515</xmin>
      <ymin>500</ymin>
      <xmax>526</xmax>
      <ymax>515</ymax>
    </bndbox>
  </object>
  <object>
    <name>word</name>
    <difficult>0</difficult>
    <bndbox>
      <xmin>515</xmin>
      <ymin>527</ymin>
      <xmax>526</xmax>
      <ymax>541</ymax>
    </bndbox>
  </object>
  <object>
    <name>word</name>
    <difficult>0</difficult>
    <bndbox>
      <xmin>518</xmin>
      <ymin>566</ymin>
      <xmax>528</xmax>
      <ymax>579</ymax>
    </bndbox>
  </object>
  <object>
    <name>word</name>
    <difficult>0</difficult>
    <bndbox>
      <xmin>613</xmin>
      <ymin>472</ymin>
      <xmax>630</xmax>
      <ymax>487</ymax>
    </bndbox>
  </object>
  <object>
    <name>word</name>
    <difficult>0</difficult>
    <bndbox>
      <xmin>622</xmin>
      <ymin>527</ymin>
      <xmax>635</xmax>
      <ymax>540</ymax>
    </bndbox>
  </object>
  <object>
    <name>word</name>
    <difficult>0</difficult>
    <bndbox>
      <xmin>622</xmin>
      <ymin>500</ymin>
      <xmax>632</xmax>
      <ymax>510</ymax>
    </bndbox>
  </object>
  <object>
    <name>word</name>
    <difficult>0</difficult>
    <bndbox>
      <xmin>622</xmin>
      <ymin>564</ymin>
      <xmax>633</xmax>
      <ymax>577</ymax>
    </bndbox>
  </object>
  <object>
    <name>word</name>
    <difficult>0</difficult>
    <bndbox>
      <xmin>592</xmin>
      <ymin>406</ymin>
      <xmax>630</xmax>
      <ymax>421</ymax>
    </bndbox>
  </object>
  <object>
    <name>word</name>
    <difficult>0</difficult>
    <bndbox>
      <xmin>384</xmin>
      <ymin>411</ymin>
      <xmax>422</xmax>
      <ymax>422</ymax>
    </bndbox>
  </object>
  <object>
    <name>word</name>
    <difficult>0</difficult>
    <bndbox>
      <xmin>274</xmin>
      <ymin>412</ymin>
      <xmax>310</xmax>
      <ymax>425</ymax>
    </bndbox>
  </object>
  <object>
    <name>word</name>
    <difficult>0</difficult>
    <bndbox>
      <xmin>678</xmin>
      <ymin>828</ymin>
      <xmax>697</xmax>
      <ymax>935</ymax>
    </bndbox>
  </object>
  <object>
    <name>word</name>
    <difficult>0</difficult>
    <bndbox>
      <xmin>87</xmin>
      <ymin>232</ymin>
      <xmax>181</xmax>
      <ymax>249</ymax>
    </bndbox>
  </object>
  <object>
    <name>word</name>
    <difficult>0</difficult>
    <bndbox>
      <xmin>187</xmin>
      <ymin>235</ymin>
      <xmax>230</xmax>
      <ymax>248</ymax>
    </bndbox>
  </object>
  <object>
    <name>word</name>
    <difficult>0</difficult>
    <bndbox>
      <xmin>284</xmin>
      <ymin>221</ymin>
      <xmax>340</xmax>
      <ymax>235</ymax>
    </bndbox>
  </object>
  <object>
    <name>word</name>
    <difficult>0</difficult>
    <bndbox>
      <xmin>339</xmin>
      <ymin>219</ymin>
      <xmax>367</xmax>
      <ymax>233</ymax>
    </bndbox>
  </object>
  <object>
    <name>word</name>
    <difficult>0</difficult>
    <bndbox>
      <xmin>367</xmin>
      <ymin>219</ymin>
      <xmax>401</xmax>
      <ymax>232</ymax>
    </bndbox>
  </object>
  <object>
    <name>word</name>
    <difficult>0</difficult>
    <bndbox>
      <xmin>271</xmin>
      <ymin>240</ymin>
      <xmax>289</xmax>
      <ymax>255</ymax>
    </bndbox>
  </object>
  <object>
    <name>word</name>
    <difficult>0</difficult>
    <bndbox>
      <xmin>296</xmin>
      <ymin>240</ymin>
      <xmax>314</xmax>
      <ymax>253</ymax>
    </bndbox>
  </object>
  <object>
    <name>word</name>
    <difficult>0</difficult>
    <bndbox>
      <xmin>317</xmin>
      <ymin>243</ymin>
      <xmax>339</xmax>
      <ymax>254</ymax>
    </bndbox>
  </object>
  <object>
    <name>word</name>
    <difficult>0</difficult>
    <bndbox>
      <xmin>348</xmin>
      <ymin>240</ymin>
      <xmax>376</xmax>
      <ymax>255</ymax>
    </bndbox>
  </object>
  <object>
    <name>word</name>
    <difficult>0</difficult>
    <bndbox>
      <xmin>527</xmin>
      <ymin>219</ymin>
      <xmax>580</xmax>
      <ymax>233</ymax>
    </bndbox>
  </object>
  <object>
    <name>word</name>
    <difficult>0</difficult>
    <bndbox>
      <xmin>492</xmin>
      <ymin>235</ymin>
      <xmax>509</xmax>
      <ymax>250</ymax>
    </bndbox>
  </object>
  <object>
    <name>word</name>
    <difficult>0</difficult>
    <bndbox>
      <xmin>513</xmin>
      <ymin>236</ymin>
      <xmax>531</xmax>
      <ymax>251</ymax>
    </bndbox>
  </object>
  <object>
    <name>word</name>
    <difficult>0</difficult>
    <bndbox>
      <xmin>535</xmin>
      <ymin>239</ymin>
      <xmax>553</xmax>
      <ymax>252</ymax>
    </bndbox>
  </object>
  <object>
    <name>word</name>
    <difficult>0</difficult>
    <bndbox>
      <xmin>561</xmin>
      <ymin>237</ymin>
      <xmax>592</xmax>
      <ymax>251</ymax>
    </bndbox>
  </object>
  <object>
    <name>word</name>
    <difficult>0</difficult>
    <bndbox>
      <xmin>85</xmin>
      <ymin>270</ymin>
      <xmax>120</xmax>
      <ymax>283</ymax>
    </bndbox>
  </object>
  <object>
    <name>word</name>
    <difficult>0</difficult>
    <bndbox>
      <xmin>126</xmin>
      <ymin>267</ymin>
      <xmax>182</xmax>
      <ymax>282</ymax>
    </bndbox>
  </object>
  <object>
    <name>word</name>
    <difficult>0</difficult>
    <bndbox>
      <xmin>250</xmin>
      <ymin>267</ymin>
      <xmax>299</xmax>
      <ymax>282</ymax>
    </bndbox>
  </object>
  <object>
    <name>word</name>
    <difficult>0</difficult>
    <bndbox>
      <xmin>306</xmin>
      <ymin>265</ymin>
      <xmax>347</xmax>
      <ymax>280</ymax>
    </bndbox>
  </object>
  <object>
    <name>word</name>
    <difficult>0</difficult>
    <bndbox>
      <xmin>360</xmin>
      <ymin>267</ymin>
      <xmax>389</xmax>
      <ymax>278</ymax>
    </bndbox>
  </object>
  <object>
    <name>word</name>
    <difficult>0</difficult>
    <bndbox>
      <xmin>395</xmin>
      <ymin>267</ymin>
      <xmax>412</xmax>
      <ymax>280</ymax>
    </bndbox>
  </object>
  <object>
    <name>word</name>
    <difficult>0</difficult>
    <bndbox>
      <xmin>418</xmin>
      <ymin>267</ymin>
      <xmax>443</xmax>
      <ymax>280</ymax>
    </bndbox>
  </object>
  <object>
    <name>word</name>
    <difficult>0</difficult>
    <bndbox>
      <xmin>377</xmin>
      <ymin>278</ymin>
      <xmax>391</xmax>
      <ymax>292</ymax>
    </bndbox>
  </object>
  <object>
    <name>word</name>
    <difficult>0</difficult>
    <bndbox>
      <xmin>394</xmin>
      <ymin>278</ymin>
      <xmax>446</xmax>
      <ymax>291</ymax>
    </bndbox>
  </object>
  <object>
    <name>word</name>
    <difficult>0</difficult>
    <bndbox>
      <xmin>458</xmin>
      <ymin>265</ymin>
      <xmax>507</xmax>
      <ymax>280</ymax>
    </bndbox>
  </object>
  <object>
    <name>word</name>
    <difficult>0</difficult>
    <bndbox>
      <xmin>513</xmin>
      <ymin>264</ymin>
      <xmax>556</xmax>
      <ymax>281</ymax>
    </bndbox>
  </object>
  <object>
    <name>word</name>
    <difficult>0</difficult>
    <bndbox>
      <xmin>567</xmin>
      <ymin>264</ymin>
      <xmax>599</xmax>
      <ymax>277</ymax>
    </bndbox>
  </object>
  <object>
    <name>word</name>
    <difficult>0</difficult>
    <bndbox>
      <xmin>603</xmin>
      <ymin>264</ymin>
      <xmax>618</xmax>
      <ymax>277</ymax>
    </bndbox>
  </object>
  <object>
    <name>word</name>
    <difficult>0</difficult>
    <bndbox>
      <xmin>626</xmin>
      <ymin>263</ymin>
      <xmax>654</xmax>
      <ymax>277</ymax>
    </bndbox>
  </object>
  <object>
    <name>word</name>
    <difficult>0</difficult>
    <bndbox>
      <xmin>577</xmin>
      <ymin>275</ymin>
      <xmax>592</xmax>
      <ymax>290</ymax>
    </bndbox>
  </object>
  <object>
    <name>word</name>
    <difficult>0</difficult>
    <bndbox>
      <xmin>603</xmin>
      <ymin>277</ymin>
      <xmax>656</xmax>
      <ymax>290</ymax>
    </bndbox>
  </object>
  <object>
    <name>word</name>
    <difficult>0</difficult>
    <bndbox>
      <xmin>270</xmin>
      <ymin>304</ymin>
      <xmax>281</xmax>
      <ymax>317</ymax>
    </bndbox>
  </object>
  <object>
    <name>word</name>
    <difficult>0</difficult>
    <bndbox>
      <xmin>281</xmin>
      <ymin>304</ymin>
      <xmax>308</xmax>
      <ymax>319</ymax>
    </bndbox>
  </object>
  <object>
    <name>word</name>
    <difficult>0</difficult>
    <bndbox>
      <xmin>278</xmin>
      <ymin>334</ymin>
      <xmax>291</xmax>
      <ymax>345</ymax>
    </bndbox>
  </object>
  <object>
    <name>word</name>
    <difficult>0</difficult>
    <bndbox>
      <xmin>289</xmin>
      <ymin>331</ymin>
      <xmax>307</xmax>
      <ymax>345</ymax>
    </bndbox>
  </object>
  <object>
    <name>word</name>
    <difficult>0</difficult>
    <bndbox>
      <xmin>281</xmin>
      <ymin>356</ymin>
      <xmax>295</xmax>
      <ymax>370</ymax>
    </bndbox>
  </object>
  <object>
    <name>word</name>
    <difficult>0</difficult>
    <bndbox>
      <xmin>295</xmin>
      <ymin>359</ymin>
      <xmax>309</xmax>
      <ymax>372</ymax>
    </bndbox>
  </object>
  <object>
    <name>word</name>
    <difficult>0</difficult>
    <bndbox>
      <xmin>278</xmin>
      <ymin>385</ymin>
      <xmax>289</xmax>
      <ymax>398</ymax>
    </bndbox>
  </object>
  <object>
    <name>word</name>
    <difficult>0</difficult>
    <bndbox>
      <xmin>289</xmin>
      <ymin>385</ymin>
      <xmax>311</xmax>
      <ymax>396</ymax>
    </bndbox>
  </object>
  <object>
    <name>word</name>
    <difficult>0</difficult>
    <bndbox>
      <xmin>99</xmin>
      <ymin>412</ymin>
      <xmax>110</xmax>
      <ymax>423</ymax>
    </bndbox>
  </object>
  <object>
    <name>word</name>
    <difficult>0</difficult>
    <bndbox>
      <xmin>115</xmin>
      <ymin>411</ymin>
      <xmax>157</xmax>
      <ymax>425</ymax>
    </bndbox>
  </object>
  <object>
    <name>word</name>
    <difficult>0</difficult>
    <bndbox>
      <xmin>162</xmin>
      <ymin>412</ymin>
      <xmax>176</xmax>
      <ymax>425</ymax>
    </bndbox>
  </object>
  <object>
    <name>word</name>
    <difficult>0</difficult>
    <bndbox>
      <xmin>183</xmin>
      <ymin>411</ymin>
      <xmax>224</xmax>
      <ymax>425</ymax>
    </bndbox>
  </object>
  <object>
    <name>word</name>
    <difficult>0</difficult>
    <bndbox>
      <xmin>384</xmin>
      <ymin>306</ymin>
      <xmax>391</xmax>
      <ymax>319</ymax>
    </bndbox>
  </object>
  <object>
    <name>word</name>
    <difficult>0</difficult>
    <bndbox>
      <xmin>392</xmin>
      <ymin>304</ymin>
      <xmax>420</xmax>
      <ymax>317</ymax>
    </bndbox>
  </object>
  <object>
    <name>word</name>
    <difficult>0</difficult>
    <bndbox>
      <xmin>390</xmin>
      <ymin>330</ymin>
      <xmax>398</xmax>
      <ymax>344</ymax>
    </bndbox>
  </object>
  <object>
    <name>word</name>
    <difficult>0</difficult>
    <bndbox>
      <xmin>399</xmin>
      <ymin>328</ymin>
      <xmax>420</xmax>
      <ymax>342</ymax>
    </bndbox>
  </object>
  <object>
    <name>word</name>
    <difficult>0</difficult>
    <bndbox>
      <xmin>391</xmin>
      <ymin>355</ymin>
      <xmax>404</xmax>
      <ymax>370</ymax>
    </bndbox>
  </object>
  <object>
    <name>word</name>
    <difficult>0</difficult>
    <bndbox>
      <xmin>406</xmin>
      <ymin>355</ymin>
      <xmax>420</xmax>
      <ymax>368</ymax>
    </bndbox>
  </object>
  <object>
    <name>word</name>
    <difficult>0</difficult>
    <bndbox>
      <xmin>391</xmin>
      <ymin>380</ymin>
      <xmax>399</xmax>
      <ymax>395</ymax>
    </bndbox>
  </object>
  <object>
    <name>word</name>
    <difficult>0</difficult>
    <bndbox>
      <xmin>401</xmin>
      <ymin>383</ymin>
      <xmax>421</xmax>
      <ymax>397</ymax>
    </bndbox>
  </object>
  <object>
    <name>word</name>
    <difficult>0</difficult>
    <bndbox>
      <xmin>486</xmin>
      <ymin>303</ymin>
      <xmax>494</xmax>
      <ymax>317</ymax>
    </bndbox>
  </object>
  <object>
    <name>word</name>
    <difficult>0</difficult>
    <bndbox>
      <xmin>496</xmin>
      <ymin>303</ymin>
      <xmax>521</xmax>
      <ymax>317</ymax>
    </bndbox>
  </object>
  <object>
    <name>word</name>
    <difficult>0</difficult>
    <bndbox>
      <xmin>492</xmin>
      <ymin>327</ymin>
      <xmax>502</xmax>
      <ymax>344</ymax>
    </bndbox>
  </object>
  <object>
    <name>word</name>
    <difficult>0</difficult>
    <bndbox>
      <xmin>503</xmin>
      <ymin>328</ymin>
      <xmax>525</xmax>
      <ymax>342</ymax>
    </bndbox>
  </object>
  <object>
    <name>word</name>
    <difficult>0</difficult>
    <bndbox>
      <xmin>494</xmin>
      <ymin>355</ymin>
      <xmax>507</xmax>
      <ymax>369</ymax>
    </bndbox>
  </object>
  <object>
    <name>word</name>
    <difficult>0</difficult>
    <bndbox>
      <xmin>510</xmin>
      <ymin>355</ymin>
      <xmax>530</xmax>
      <ymax>369</ymax>
    </bndbox>
  </object>
  <object>
    <name>word</name>
    <difficult>0</difficult>
    <bndbox>
      <xmin>493</xmin>
      <ymin>380</ymin>
      <xmax>503</xmax>
      <ymax>397</ymax>
    </bndbox>
  </object>
  <object>
    <name>word</name>
    <difficult>0</difficult>
    <bndbox>
      <xmin>504</xmin>
      <ymin>383</ymin>
      <xmax>524</xmax>
      <ymax>397</ymax>
    </bndbox>
  </object>
  <object>
    <name>word</name>
    <difficult>0</difficult>
    <bndbox>
      <xmin>487</xmin>
      <ymin>408</ymin>
      <xmax>526</xmax>
      <ymax>423</ymax>
    </bndbox>
  </object>
  <object>
    <name>word</name>
    <difficult>0</difficult>
    <bndbox>
      <xmin>589</xmin>
      <ymin>302</ymin>
      <xmax>597</xmax>
      <ymax>315</ymax>
    </bndbox>
  </object>
  <object>
    <name>word</name>
    <difficult>0</difficult>
    <bndbox>
      <xmin>599</xmin>
      <ymin>299</ymin>
      <xmax>627</xmax>
      <ymax>314</ymax>
    </bndbox>
  </object>
  <object>
    <name>word</name>
    <difficult>0</difficult>
    <bndbox>
      <xmin>598</xmin>
      <ymin>328</ymin>
      <xmax>605</xmax>
      <ymax>341</ymax>
    </bndbox>
  </object>
  <object>
    <name>word</name>
    <difficult>0</difficult>
    <bndbox>
      <xmin>608</xmin>
      <ymin>328</ymin>
      <xmax>629</xmax>
      <ymax>342</ymax>
    </bndbox>
  </object>
  <object>
    <name>word</name>
    <difficult>0</difficult>
    <bndbox>
      <xmin>596</xmin>
      <ymin>352</ymin>
      <xmax>611</xmax>
      <ymax>367</ymax>
    </bndbox>
  </object>
  <object>
    <name>word</name>
    <difficult>0</difficult>
    <bndbox>
      <xmin>612</xmin>
      <ymin>352</ymin>
      <xmax>630</xmax>
      <ymax>366</ymax>
    </bndbox>
  </object>
  <object>
    <name>word</name>
    <difficult>0</difficult>
    <bndbox>
      <xmin>596</xmin>
      <ymin>380</ymin>
      <xmax>606</xmax>
      <ymax>394</ymax>
    </bndbox>
  </object>
  <object>
    <name>word</name>
    <difficult>0</difficult>
    <bndbox>
      <xmin>609</xmin>
      <ymin>377</ymin>
      <xmax>627</xmax>
      <ymax>394</ymax>
    </bndbox>
  </object>
  <object>
    <name>word</name>
    <difficult>0</difficult>
    <bndbox>
      <xmin>94</xmin>
      <ymin>439</ymin>
      <xmax>115</xmax>
      <ymax>452</ymax>
    </bndbox>
  </object>
  <object>
    <name>word</name>
    <difficult>0</difficult>
    <bndbox>
      <xmin>120</xmin>
      <ymin>439</ymin>
      <xmax>149</xmax>
      <ymax>452</ymax>
    </bndbox>
  </object>
  <object>
    <name>word</name>
    <difficult>0</difficult>
    <bndbox>
      <xmin>99</xmin>
      <ymin>464</ymin>
      <xmax>141</xmax>
      <ymax>477</ymax>
    </bndbox>
  </object>
  <object>
    <name>word</name>
    <difficult>0</difficult>
    <bndbox>
      <xmin>156</xmin>
      <ymin>465</ymin>
      <xmax>217</xmax>
      <ymax>476</ymax>
    </bndbox>
  </object>
  <object>
    <name>word</name>
    <difficult>0</difficult>
    <bndbox>
      <xmin>161</xmin>
      <ymin>478</ymin>
      <xmax>202</xmax>
      <ymax>489</ymax>
    </bndbox>
  </object>
  <object>
    <name>word</name>
    <difficult>0</difficult>
    <bndbox>
      <xmin>154</xmin>
      <ymin>500</ymin>
      <xmax>169</xmax>
      <ymax>515</ymax>
    </bndbox>
  </object>
  <object>
    <name>word</name>
    <difficult>0</difficult>
    <bndbox>
      <xmin>170</xmin>
      <ymin>501</ymin>
      <xmax>183</xmax>
      <ymax>516</ymax>
    </bndbox>
  </object>
  <object>
    <name>word</name>
    <difficult>0</difficult>
    <bndbox>
      <xmin>189</xmin>
      <ymin>501</ymin>
      <xmax>225</xmax>
      <ymax>516</ymax>
    </bndbox>
  </object>
  <object>
    <name>word</name>
    <difficult>0</difficult>
    <bndbox>
      <xmin>154</xmin>
      <ymin>527</ymin>
      <xmax>168</xmax>
      <ymax>542</ymax>
    </bndbox>
  </object>
  <object>
    <name>word</name>
    <difficult>0</difficult>
    <bndbox>
      <xmin>170</xmin>
      <ymin>528</ymin>
      <xmax>185</xmax>
      <ymax>542</ymax>
    </bndbox>
  </object>
  <object>
    <name>word</name>
    <difficult>0</difficult>
    <bndbox>
      <xmin>190</xmin>
      <ymin>528</ymin>
      <xmax>225</xmax>
      <ymax>543</ymax>
    </bndbox>
  </object>
  <object>
    <name>word</name>
    <difficult>0</difficult>
    <bndbox>
      <xmin>155</xmin>
      <ymin>557</ymin>
      <xmax>190</xmax>
      <ymax>568</ymax>
    </bndbox>
  </object>
  <object>
    <name>word</name>
    <difficult>0</difficult>
    <bndbox>
      <xmin>196</xmin>
      <ymin>557</ymin>
      <xmax>220</xmax>
      <ymax>567</ymax>
    </bndbox>
  </object>
  <object>
    <name>word</name>
    <difficult>0</difficult>
    <bndbox>
      <xmin>162</xmin>
      <ymin>568</ymin>
      <xmax>239</xmax>
      <ymax>583</ymax>
    </bndbox>
  </object>
  <object>
    <name>word</name>
    <difficult>0</difficult>
    <bndbox>
      <xmin>99</xmin>
      <ymin>594</ymin>
      <xmax>149</xmax>
      <ymax>608</ymax>
    </bndbox>
  </object>
  <object>
    <name>word</name>
    <difficult>0</difficult>
    <bndbox>
      <xmin>155</xmin>
      <ymin>596</ymin>
      <xmax>193</xmax>
      <ymax>607</ymax>
    </bndbox>
  </object>
  <object>
    <name>word</name>
    <difficult>0</difficult>
    <bndbox>
      <xmin>198</xmin>
      <ymin>596</ymin>
      <xmax>213</xmax>
      <ymax>607</ymax>
    </bndbox>
  </object>
  <object>
    <name>word</name>
    <difficult>0</difficult>
    <bndbox>
      <xmin>162</xmin>
      <ymin>610</ymin>
      <xmax>214</xmax>
      <ymax>621</ymax>
    </bndbox>
  </object>
  <object>
    <name>word</name>
    <difficult>0</difficult>
    <bndbox>
      <xmin>156</xmin>
      <ymin>634</ymin>
      <xmax>173</xmax>
      <ymax>648</ymax>
    </bndbox>
  </object>
  <object>
    <name>word</name>
    <difficult>0</difficult>
    <bndbox>
      <xmin>179</xmin>
      <ymin>634</ymin>
      <xmax>222</xmax>
      <ymax>648</ymax>
    </bndbox>
  </object>
  <object>
    <name>word</name>
    <difficult>0</difficult>
    <bndbox>
      <xmin>163</xmin>
      <ymin>648</ymin>
      <xmax>234</xmax>
      <ymax>661</ymax>
    </bndbox>
  </object>
  <object>
    <name>word</name>
    <difficult>0</difficult>
    <bndbox>
      <xmin>571</xmin>
      <ymin>689</ymin>
      <xmax>599</xmax>
      <ymax>706</ymax>
    </bndbox>
  </object>
  <object>
    <name>word</name>
    <difficult>0</difficult>
    <bndbox>
      <xmin>601</xmin>
      <ymin>691</ymin>
      <xmax>615</xmax>
      <ymax>705</ymax>
    </bndbox>
  </object>
  <object>
    <name>word</name>
    <difficult>0</difficult>
    <bndbox>
      <xmin>137</xmin>
      <ymin>91</ymin>
      <xmax>152</xmax>
      <ymax>106</ymax>
    </bndbox>
  </object>
  <object>
    <name>word</name>
    <difficult>0</difficult>
    <bndbox>
      <xmin>158</xmin>
      <ymin>92</ymin>
      <xmax>222</xmax>
      <ymax>105</ymax>
    </bndbox>
  </object>
  <object>
    <name>word</name>
    <difficult>0</difficult>
    <bndbox>
      <xmin>226</xmin>
      <ymin>92</ymin>
      <xmax>248</xmax>
      <ymax>105</ymax>
    </bndbox>
  </object>
  <object>
    <name>word</name>
    <difficult>0</difficult>
    <bndbox>
      <xmin>250</xmin>
      <ymin>92</ymin>
      <xmax>258</xmax>
      <ymax>106</ymax>
    </bndbox>
  </object>
  <object>
    <name>word</name>
    <difficult>0</difficult>
    <bndbox>
      <xmin>263</xmin>
      <ymin>91</ymin>
      <xmax>290</xmax>
      <ymax>105</ymax>
    </bndbox>
  </object>
  <object>
    <name>word</name>
    <difficult>0</difficult>
    <bndbox>
      <xmin>427</xmin>
      <ymin>89</ymin>
      <xmax>486</xmax>
      <ymax>103</ymax>
    </bndbox>
  </object>
  <object>
    <name>word</name>
    <difficult>0</difficult>
    <bndbox>
      <xmin>492</xmin>
      <ymin>89</ymin>
      <xmax>549</xmax>
      <ymax>102</ymax>
    </bndbox>
  </object>
  <object>
    <name>word</name>
    <difficult>0</difficult>
    <bndbox>
      <xmin>270</xmin>
      <ymin>110</ymin>
      <xmax>320</xmax>
      <ymax>125</ymax>
    </bndbox>
  </object>
  <object>
    <name>word</name>
    <difficult>0</difficult>
    <bndbox>
      <xmin>325</xmin>
      <ymin>112</ymin>
      <xmax>375</xmax>
      <ymax>123</ymax>
    </bndbox>
  </object>
  <object>
    <name>word</name>
    <difficult>0</difficult>
    <bndbox>
      <xmin>380</xmin>
      <ymin>110</ymin>
      <xmax>453</xmax>
      <ymax>123</ymax>
    </bndbox>
  </object>
  <object>
    <name>word</name>
    <difficult>0</difficult>
    <bndbox>
      <xmin>219</xmin>
      <ymin>138</ymin>
      <xmax>257</xmax>
      <ymax>152</ymax>
    </bndbox>
  </object>
  <object>
    <name>word</name>
    <difficult>0</difficult>
    <bndbox>
      <xmin>263</xmin>
      <ymin>138</ymin>
      <xmax>320</xmax>
      <ymax>151</ymax>
    </bndbox>
  </object>
  <object>
    <name>word</name>
    <difficult>0</difficult>
    <bndbox>
      <xmin>324</xmin>
      <ymin>138</ymin>
      <xmax>348</xmax>
      <ymax>151</ymax>
    </bndbox>
  </object>
  <object>
    <name>word</name>
    <difficult>0</difficult>
    <bndbox>
      <xmin>353</xmin>
      <ymin>138</ymin>
      <xmax>402</xmax>
      <ymax>151</ymax>
    </bndbox>
  </object>
  <object>
    <name>word</name>
    <difficult>0</difficult>
    <bndbox>
      <xmin>406</xmin>
      <ymin>138</ymin>
      <xmax>438</xmax>
      <ymax>151</ymax>
    </bndbox>
  </object>
  <object>
    <name>word</name>
    <difficult>0</difficult>
    <bndbox>
      <xmin>443</xmin>
      <ymin>137</ymin>
      <xmax>486</xmax>
      <ymax>151</ymax>
    </bndbox>
  </object>
  <object>
    <name>word</name>
    <difficult>0</difficult>
    <bndbox>
      <xmin>249</xmin>
      <ymin>159</ymin>
      <xmax>294</xmax>
      <ymax>172</ymax>
    </bndbox>
  </object>
  <object>
    <name>word</name>
    <difficult>0</difficult>
    <bndbox>
      <xmin>299</xmin>
      <ymin>158</ymin>
      <xmax>369</xmax>
      <ymax>172</ymax>
    </bndbox>
  </object>
  <object>
    <name>word</name>
    <difficult>0</difficult>
    <bndbox>
      <xmin>374</xmin>
      <ymin>156</ymin>
      <xmax>417</xmax>
      <ymax>170</ymax>
    </bndbox>
  </object>
  <object>
    <name>word</name>
    <difficult>0</difficult>
    <bndbox>
      <xmin>423</xmin>
      <ymin>158</ymin>
      <xmax>465</xmax>
      <ymax>171</ymax>
    </bndbox>
  </object>
  <object>
    <name>word</name>
    <difficult>0</difficult>
    <bndbox>
      <xmin>316</xmin>
      <ymin>177</ymin>
      <xmax>340</xmax>
      <ymax>190</ymax>
    </bndbox>
  </object>
  <object>
    <name>word</name>
    <difficult>0</difficult>
    <bndbox>
      <xmin>345</xmin>
      <ymin>179</ymin>
      <xmax>395</xmax>
      <ymax>192</ymax>
    </bndbox>
  </object>
  <object>
    <name>word</name>
    <difficult>0</difficult>
    <bndbox>
      <xmin>295</xmin>
      <ymin>193</ymin>
      <xmax>329</xmax>
      <ymax>206</ymax>
    </bndbox>
  </object>
  <object>
    <name>word</name>
    <difficult>0</difficult>
    <bndbox>
      <xmin>334</xmin>
      <ymin>194</ymin>
      <xmax>375</xmax>
      <ymax>207</ymax>
    </bndbox>
  </object>
  <object>
    <name>word</name>
    <difficult>0</difficult>
    <bndbox>
      <xmin>380</xmin>
      <ymin>191</ymin>
      <xmax>394</xmax>
      <ymax>205</ymax>
    </bndbox>
  </object>
  <object>
    <name>word</name>
    <difficult>0</difficult>
    <bndbox>
      <xmin>395</xmin>
      <ymin>193</ymin>
      <xmax>415</xmax>
      <ymax>207</ymax>
    </bndbox>
  </object>
  <object>
    <name>word</name>
    <difficult>0</difficult>
    <bndbox>
      <xmin>416</xmin>
      <ymin>191</ymin>
      <xmax>438</xmax>
      <ymax>206</ymax>
    </bndbox>
  </object>
</annotation>
