<annotation>
  <folder>VOC2007</folder>
  <filename>00851879.json</filename>
  <owner>
    <name>HengTian</name>
  </owner>
  <size>
    <width>777</width>
    <height>1000</height>
    <depth>1</depth>
  </size>
  <segmented>0</segmented>
  <object>
    <name>word</name>
    <difficult>0</difficult>
    <bndbox>
      <xmin>534</xmin>
      <ymin>155</ymin>
      <xmax>569</xmax>
      <ymax>169</ymax>
    </bndbox>
  </object>
  <object>
    <name>word</name>
    <difficult>0</difficult>
    <bndbox>
      <xmin>571</xmin>
      <ymin>152</ymin>
      <xmax>630</xmax>
      <ymax>165</ymax>
    </bndbox>
  </object>
  <object>
    <name>word</name>
    <difficult>0</difficult>
    <bndbox>
      <xmin>103</xmin>
      <ymin>201</ymin>
      <xmax>159</xmax>
      <ymax>219</ymax>
    </bndbox>
  </object>
  <object>
    <name>word</name>
    <difficult>0</difficult>
    <bndbox>
      <xmin>409</xmin>
      <ymin>279</ymin>
      <xmax>448</xmax>
      <ymax>296</ymax>
    </bndbox>
  </object>
  <object>
    <name>word</name>
    <difficult>0</difficult>
    <bndbox>
      <xmin>454</xmin>
      <ymin>275</ymin>
      <xmax>515</xmax>
      <ymax>295</ymax>
    </bndbox>
  </object>
  <object>
    <name>word</name>
    <difficult>0</difficult>
    <bndbox>
      <xmin>532</xmin>
      <ymin>282</ymin>
      <xmax>586</xmax>
      <ymax>296</ymax>
    </bndbox>
  </object>
  <object>
    <name>word</name>
    <difficult>0</difficult>
    <bndbox>
      <xmin>279</xmin>
      <ymin>392</ymin>
      <xmax>292</xmax>
      <ymax>407</ymax>
    </bndbox>
  </object>
  <object>
    <name>word</name>
    <difficult>0</difficult>
    <bndbox>
      <xmin>317</xmin>
      <ymin>394</ymin>
      <xmax>397</xmax>
      <ymax>408</ymax>
    </bndbox>
  </object>
  <object>
    <name>word</name>
    <difficult>0</difficult>
    <bndbox>
      <xmin>487</xmin>
      <ymin>392</ymin>
      <xmax>564</xmax>
      <ymax>407</ymax>
    </bndbox>
  </object>
  <object>
    <name>word</name>
    <difficult>0</difficult>
    <bndbox>
      <xmin>622</xmin>
      <ymin>693</ymin>
      <xmax>639</xmax>
      <ymax>788</ymax>
    </bndbox>
  </object>
  <object>
    <name>word</name>
    <difficult>0</difficult>
    <bndbox>
      <xmin>587</xmin>
      <ymin>278</ymin>
      <xmax>644</xmax>
      <ymax>293</ymax>
    </bndbox>
  </object>
  <object>
    <name>word</name>
    <difficult>0</difficult>
    <bndbox>
      <xmin>645</xmin>
      <ymin>278</ymin>
      <xmax>691</xmax>
      <ymax>296</ymax>
    </bndbox>
  </object>
  <object>
    <name>word</name>
    <difficult>0</difficult>
    <bndbox>
      <xmin>536</xmin>
      <ymin>299</ymin>
      <xmax>588</xmax>
      <ymax>313</ymax>
    </bndbox>
  </object>
  <object>
    <name>word</name>
    <difficult>0</difficult>
    <bndbox>
      <xmin>591</xmin>
      <ymin>297</ymin>
      <xmax>611</xmax>
      <ymax>312</ymax>
    </bndbox>
  </object>
  <object>
    <name>word</name>
    <difficult>0</difficult>
    <bndbox>
      <xmin>615</xmin>
      <ymin>299</ymin>
      <xmax>732</xmax>
      <ymax>312</ymax>
    </bndbox>
  </object>
  <object>
    <name>word</name>
    <difficult>0</difficult>
    <bndbox>
      <xmin>102</xmin>
      <ymin>360</ymin>
      <xmax>177</xmax>
      <ymax>375</ymax>
    </bndbox>
  </object>
  <object>
    <name>word</name>
    <difficult>0</difficult>
    <bndbox>
      <xmin>186</xmin>
      <ymin>362</ymin>
      <xmax>222</xmax>
      <ymax>376</ymax>
    </bndbox>
  </object>
  <object>
    <name>word</name>
    <difficult>0</difficult>
    <bndbox>
      <xmin>226</xmin>
      <ymin>358</ymin>
      <xmax>244</xmax>
      <ymax>376</ymax>
    </bndbox>
  </object>
  <object>
    <name>word</name>
    <difficult>0</difficult>
    <bndbox>
      <xmin>251</xmin>
      <ymin>360</ymin>
      <xmax>275</xmax>
      <ymax>373</ymax>
    </bndbox>
  </object>
  <object>
    <name>word</name>
    <difficult>0</difficult>
    <bndbox>
      <xmin>284</xmin>
      <ymin>358</ymin>
      <xmax>325</xmax>
      <ymax>376</ymax>
    </bndbox>
  </object>
  <object>
    <name>word</name>
    <difficult>0</difficult>
    <bndbox>
      <xmin>330</xmin>
      <ymin>360</ymin>
      <xmax>364</xmax>
      <ymax>375</ymax>
    </bndbox>
  </object>
  <object>
    <name>word</name>
    <difficult>0</difficult>
    <bndbox>
      <xmin>373</xmin>
      <ymin>359</ymin>
      <xmax>400</xmax>
      <ymax>377</ymax>
    </bndbox>
  </object>
  <object>
    <name>word</name>
    <difficult>0</difficult>
    <bndbox>
      <xmin>633</xmin>
      <ymin>392</ymin>
      <xmax>657</xmax>
      <ymax>407</ymax>
    </bndbox>
  </object>
  <object>
    <name>word</name>
    <difficult>0</difficult>
    <bndbox>
      <xmin>666</xmin>
      <ymin>392</ymin>
      <xmax>736</xmax>
      <ymax>406</ymax>
    </bndbox>
  </object>
  <object>
    <name>word</name>
    <difficult>0</difficult>
    <bndbox>
      <xmin>103</xmin>
      <ymin>426</ymin>
      <xmax>192</xmax>
      <ymax>440</ymax>
    </bndbox>
  </object>
  <object>
    <name>word</name>
    <difficult>0</difficult>
    <bndbox>
      <xmin>203</xmin>
      <ymin>422</ymin>
      <xmax>220</xmax>
      <ymax>439</ymax>
    </bndbox>
  </object>
  <object>
    <name>word</name>
    <difficult>0</difficult>
    <bndbox>
      <xmin>228</xmin>
      <ymin>422</ymin>
      <xmax>278</xmax>
      <ymax>440</ymax>
    </bndbox>
  </object>
  <object>
    <name>word</name>
    <difficult>0</difficult>
    <bndbox>
      <xmin>285</xmin>
      <ymin>426</ymin>
      <xmax>334</xmax>
      <ymax>441</ymax>
    </bndbox>
  </object>
  <object>
    <name>word</name>
    <difficult>0</difficult>
    <bndbox>
      <xmin>108</xmin>
      <ymin>570</ymin>
      <xmax>133</xmax>
      <ymax>583</ymax>
    </bndbox>
  </object>
  <object>
    <name>word</name>
    <difficult>0</difficult>
    <bndbox>
      <xmin>138</xmin>
      <ymin>571</ymin>
      <xmax>184</xmax>
      <ymax>586</ymax>
    </bndbox>
  </object>
  <object>
    <name>word</name>
    <difficult>0</difficult>
    <bndbox>
      <xmin>190</xmin>
      <ymin>571</ymin>
      <xmax>221</xmax>
      <ymax>582</ymax>
    </bndbox>
  </object>
  <object>
    <name>word</name>
    <difficult>0</difficult>
    <bndbox>
      <xmin>225</xmin>
      <ymin>570</ymin>
      <xmax>259</xmax>
      <ymax>585</ymax>
    </bndbox>
  </object>
  <object>
    <name>word</name>
    <difficult>0</difficult>
    <bndbox>
      <xmin>263</xmin>
      <ymin>571</ymin>
      <xmax>281</xmax>
      <ymax>584</ymax>
    </bndbox>
  </object>
  <object>
    <name>word</name>
    <difficult>0</difficult>
    <bndbox>
      <xmin>289</xmin>
      <ymin>570</ymin>
      <xmax>314</xmax>
      <ymax>583</ymax>
    </bndbox>
  </object>
  <object>
    <name>word</name>
    <difficult>0</difficult>
    <bndbox>
      <xmin>323</xmin>
      <ymin>570</ymin>
      <xmax>384</xmax>
      <ymax>583</ymax>
    </bndbox>
  </object>
  <object>
    <name>word</name>
    <difficult>0</difficult>
    <bndbox>
      <xmin>391</xmin>
      <ymin>571</ymin>
      <xmax>426</xmax>
      <ymax>585</ymax>
    </bndbox>
  </object>
  <object>
    <name>word</name>
    <difficult>0</difficult>
    <bndbox>
      <xmin>434</xmin>
      <ymin>566</ymin>
      <xmax>488</xmax>
      <ymax>584</ymax>
    </bndbox>
  </object>
  <object>
    <name>word</name>
    <difficult>0</difficult>
    <bndbox>
      <xmin>496</xmin>
      <ymin>566</ymin>
      <xmax>564</xmax>
      <ymax>584</ymax>
    </bndbox>
  </object>
  <object>
    <name>word</name>
    <difficult>0</difficult>
    <bndbox>
      <xmin>567</xmin>
      <ymin>566</ymin>
      <xmax>602</xmax>
      <ymax>581</ymax>
    </bndbox>
  </object>
  <object>
    <name>word</name>
    <difficult>0</difficult>
    <bndbox>
      <xmin>609</xmin>
      <ymin>567</ymin>
      <xmax>631</xmax>
      <ymax>581</ymax>
    </bndbox>
  </object>
  <object>
    <name>word</name>
    <difficult>0</difficult>
    <bndbox>
      <xmin>638</xmin>
      <ymin>568</ymin>
      <xmax>705</xmax>
      <ymax>581</ymax>
    </bndbox>
  </object>
  <object>
    <name>word</name>
    <difficult>0</difficult>
    <bndbox>
      <xmin>108</xmin>
      <ymin>588</ymin>
      <xmax>197</xmax>
      <ymax>599</ymax>
    </bndbox>
  </object>
  <object>
    <name>word</name>
    <difficult>0</difficult>
    <bndbox>
      <xmin>203</xmin>
      <ymin>588</ymin>
      <xmax>220</xmax>
      <ymax>599</ymax>
    </bndbox>
  </object>
  <object>
    <name>word</name>
    <difficult>0</difficult>
    <bndbox>
      <xmin>226</xmin>
      <ymin>588</ymin>
      <xmax>279</xmax>
      <ymax>601</ymax>
    </bndbox>
  </object>
  <object>
    <name>word</name>
    <difficult>0</difficult>
    <bndbox>
      <xmin>282</xmin>
      <ymin>584</ymin>
      <xmax>300</xmax>
      <ymax>598</ymax>
    </bndbox>
  </object>
  <object>
    <name>word</name>
    <difficult>0</difficult>
    <bndbox>
      <xmin>304</xmin>
      <ymin>584</ymin>
      <xmax>331</xmax>
      <ymax>599</ymax>
    </bndbox>
  </object>
  <object>
    <name>word</name>
    <difficult>0</difficult>
    <bndbox>
      <xmin>338</xmin>
      <ymin>587</ymin>
      <xmax>397</xmax>
      <ymax>597</ymax>
    </bndbox>
  </object>
  <object>
    <name>word</name>
    <difficult>0</difficult>
    <bndbox>
      <xmin>402</xmin>
      <ymin>587</ymin>
      <xmax>470</xmax>
      <ymax>601</ymax>
    </bndbox>
  </object>
  <object>
    <name>word</name>
    <difficult>0</difficult>
    <bndbox>
      <xmin>479</xmin>
      <ymin>584</ymin>
      <xmax>510</xmax>
      <ymax>598</ymax>
    </bndbox>
  </object>
  <object>
    <name>word</name>
    <difficult>0</difficult>
    <bndbox>
      <xmin>522</xmin>
      <ymin>585</ymin>
      <xmax>544</xmax>
      <ymax>599</ymax>
    </bndbox>
  </object>
  <object>
    <name>word</name>
    <difficult>0</difficult>
    <bndbox>
      <xmin>546</xmin>
      <ymin>584</ymin>
      <xmax>575</xmax>
      <ymax>597</ymax>
    </bndbox>
  </object>
  <object>
    <name>word</name>
    <difficult>0</difficult>
    <bndbox>
      <xmin>578</xmin>
      <ymin>582</ymin>
      <xmax>614</xmax>
      <ymax>599</ymax>
    </bndbox>
  </object>
  <object>
    <name>word</name>
    <difficult>0</difficult>
    <bndbox>
      <xmin>112</xmin>
      <ymin>601</ymin>
      <xmax>190</xmax>
      <ymax>615</ymax>
    </bndbox>
  </object>
  <object>
    <name>word</name>
    <difficult>0</difficult>
    <bndbox>
      <xmin>191</xmin>
      <ymin>602</ymin>
      <xmax>252</xmax>
      <ymax>615</ymax>
    </bndbox>
  </object>
  <object>
    <name>word</name>
    <difficult>0</difficult>
    <bndbox>
      <xmin>257</xmin>
      <ymin>603</ymin>
      <xmax>286</xmax>
      <ymax>614</ymax>
    </bndbox>
  </object>
  <object>
    <name>word</name>
    <difficult>0</difficult>
    <bndbox>
      <xmin>288</xmin>
      <ymin>601</ymin>
      <xmax>370</xmax>
      <ymax>615</ymax>
    </bndbox>
  </object>
  <object>
    <name>word</name>
    <difficult>0</difficult>
    <bndbox>
      <xmin>374</xmin>
      <ymin>599</ymin>
      <xmax>424</xmax>
      <ymax>613</ymax>
    </bndbox>
  </object>
  <object>
    <name>word</name>
    <difficult>0</difficult>
    <bndbox>
      <xmin>144</xmin>
      <ymin>510</ymin>
      <xmax>203</xmax>
      <ymax>524</ymax>
    </bndbox>
  </object>
  <object>
    <name>word</name>
    <difficult>0</difficult>
    <bndbox>
      <xmin>204</xmin>
      <ymin>507</ymin>
      <xmax>236</xmax>
      <ymax>521</ymax>
    </bndbox>
  </object>
  <object>
    <name>word</name>
    <difficult>0</difficult>
    <bndbox>
      <xmin>242</xmin>
      <ymin>507</ymin>
      <xmax>260</xmax>
      <ymax>522</ymax>
    </bndbox>
  </object>
  <object>
    <name>word</name>
    <difficult>0</difficult>
    <bndbox>
      <xmin>268</xmin>
      <ymin>507</ymin>
      <xmax>283</xmax>
      <ymax>521</ymax>
    </bndbox>
  </object>
  <object>
    <name>word</name>
    <difficult>0</difficult>
    <bndbox>
      <xmin>288</xmin>
      <ymin>508</ymin>
      <xmax>333</xmax>
      <ymax>521</ymax>
    </bndbox>
  </object>
  <object>
    <name>word</name>
    <difficult>0</difficult>
    <bndbox>
      <xmin>338</xmin>
      <ymin>510</ymin>
      <xmax>380</xmax>
      <ymax>524</ymax>
    </bndbox>
  </object>
  <object>
    <name>word</name>
    <difficult>0</difficult>
    <bndbox>
      <xmin>383</xmin>
      <ymin>507</ymin>
      <xmax>403</xmax>
      <ymax>521</ymax>
    </bndbox>
  </object>
  <object>
    <name>word</name>
    <difficult>0</difficult>
    <bndbox>
      <xmin>409</xmin>
      <ymin>507</ymin>
      <xmax>463</xmax>
      <ymax>524</ymax>
    </bndbox>
  </object>
  <object>
    <name>word</name>
    <difficult>0</difficult>
    <bndbox>
      <xmin>468</xmin>
      <ymin>504</ymin>
      <xmax>507</xmax>
      <ymax>524</ymax>
    </bndbox>
  </object>
  <object>
    <name>word</name>
    <difficult>0</difficult>
    <bndbox>
      <xmin>511</xmin>
      <ymin>508</ymin>
      <xmax>545</xmax>
      <ymax>521</ymax>
    </bndbox>
  </object>
  <object>
    <name>word</name>
    <difficult>0</difficult>
    <bndbox>
      <xmin>550</xmin>
      <ymin>506</ymin>
      <xmax>568</xmax>
      <ymax>521</ymax>
    </bndbox>
  </object>
  <object>
    <name>word</name>
    <difficult>0</difficult>
    <bndbox>
      <xmin>573</xmin>
      <ymin>504</ymin>
      <xmax>609</xmax>
      <ymax>519</ymax>
    </bndbox>
  </object>
  <object>
    <name>word</name>
    <difficult>0</difficult>
    <bndbox>
      <xmin>612</xmin>
      <ymin>503</ymin>
      <xmax>665</xmax>
      <ymax>523</ymax>
    </bndbox>
  </object>
  <object>
    <name>word</name>
    <difficult>0</difficult>
    <bndbox>
      <xmin>670</xmin>
      <ymin>504</ymin>
      <xmax>705</xmax>
      <ymax>517</ymax>
    </bndbox>
  </object>
  <object>
    <name>word</name>
    <difficult>0</difficult>
    <bndbox>
      <xmin>145</xmin>
      <ymin>525</ymin>
      <xmax>163</xmax>
      <ymax>538</ymax>
    </bndbox>
  </object>
  <object>
    <name>word</name>
    <difficult>0</difficult>
    <bndbox>
      <xmin>169</xmin>
      <ymin>527</ymin>
      <xmax>237</xmax>
      <ymax>537</ymax>
    </bndbox>
  </object>
  <object>
    <name>word</name>
    <difficult>0</difficult>
    <bndbox>
      <xmin>240</xmin>
      <ymin>525</ymin>
      <xmax>262</xmax>
      <ymax>538</ymax>
    </bndbox>
  </object>
  <object>
    <name>word</name>
    <difficult>0</difficult>
    <bndbox>
      <xmin>267</xmin>
      <ymin>525</ymin>
      <xmax>284</xmax>
      <ymax>536</ymax>
    </bndbox>
  </object>
  <object>
    <name>word</name>
    <difficult>0</difficult>
    <bndbox>
      <xmin>289</xmin>
      <ymin>525</ymin>
      <xmax>381</xmax>
      <ymax>538</ymax>
    </bndbox>
  </object>
  <object>
    <name>word</name>
    <difficult>0</difficult>
    <bndbox>
      <xmin>384</xmin>
      <ymin>524</ymin>
      <xmax>480</xmax>
      <ymax>535</ymax>
    </bndbox>
  </object>
  <object>
    <name>word</name>
    <difficult>0</difficult>
    <bndbox>
      <xmin>487</xmin>
      <ymin>525</ymin>
      <xmax>529</xmax>
      <ymax>536</ymax>
    </bndbox>
  </object>
  <object>
    <name>word</name>
    <difficult>0</difficult>
    <bndbox>
      <xmin>535</xmin>
      <ymin>525</ymin>
      <xmax>545</xmax>
      <ymax>536</ymax>
    </bndbox>
  </object>
  <object>
    <name>word</name>
    <difficult>0</difficult>
    <bndbox>
      <xmin>549</xmin>
      <ymin>522</ymin>
      <xmax>584</xmax>
      <ymax>537</ymax>
    </bndbox>
  </object>
  <object>
    <name>word</name>
    <difficult>0</difficult>
    <bndbox>
      <xmin>589</xmin>
      <ymin>525</ymin>
      <xmax>625</xmax>
      <ymax>539</ymax>
    </bndbox>
  </object>
  <object>
    <name>word</name>
    <difficult>0</difficult>
    <bndbox>
      <xmin>145</xmin>
      <ymin>541</ymin>
      <xmax>258</xmax>
      <ymax>554</ymax>
    </bndbox>
  </object>
  <object>
    <name>word</name>
    <difficult>0</difficult>
    <bndbox>
      <xmin>108</xmin>
      <ymin>462</ymin>
      <xmax>165</xmax>
      <ymax>477</ymax>
    </bndbox>
  </object>
  <object>
    <name>word</name>
    <difficult>0</difficult>
    <bndbox>
      <xmin>168</xmin>
      <ymin>461</ymin>
      <xmax>197</xmax>
      <ymax>476</ymax>
    </bndbox>
  </object>
  <object>
    <name>word</name>
    <difficult>0</difficult>
    <bndbox>
      <xmin>205</xmin>
      <ymin>459</ymin>
      <xmax>220</xmax>
      <ymax>476</ymax>
    </bndbox>
  </object>
  <object>
    <name>word</name>
    <difficult>0</difficult>
    <bndbox>
      <xmin>228</xmin>
      <ymin>450</ymin>
      <xmax>262</xmax>
      <ymax>478</ymax>
    </bndbox>
  </object>
  <object>
    <name>word</name>
    <difficult>0</difficult>
    <bndbox>
      <xmin>267</xmin>
      <ymin>458</ymin>
      <xmax>356</xmax>
      <ymax>475</ymax>
    </bndbox>
  </object>
  <object>
    <name>word</name>
    <difficult>0</difficult>
    <bndbox>
      <xmin>359</xmin>
      <ymin>457</ymin>
      <xmax>381</xmax>
      <ymax>475</ymax>
    </bndbox>
  </object>
  <object>
    <name>word</name>
    <difficult>0</difficult>
    <bndbox>
      <xmin>391</xmin>
      <ymin>461</ymin>
      <xmax>434</xmax>
      <ymax>474</ymax>
    </bndbox>
  </object>
  <object>
    <name>word</name>
    <difficult>0</difficult>
    <bndbox>
      <xmin>440</xmin>
      <ymin>464</ymin>
      <xmax>504</xmax>
      <ymax>475</ymax>
    </bndbox>
  </object>
  <object>
    <name>word</name>
    <difficult>0</difficult>
    <bndbox>
      <xmin>511</xmin>
      <ymin>455</ymin>
      <xmax>528</xmax>
      <ymax>472</ymax>
    </bndbox>
  </object>
  <object>
    <name>word</name>
    <difficult>0</difficult>
    <bndbox>
      <xmin>535</xmin>
      <ymin>461</ymin>
      <xmax>548</xmax>
      <ymax>474</ymax>
    </bndbox>
  </object>
  <object>
    <name>word</name>
    <difficult>0</difficult>
    <bndbox>
      <xmin>556</xmin>
      <ymin>459</ymin>
      <xmax>576</xmax>
      <ymax>472</ymax>
    </bndbox>
  </object>
  <object>
    <name>word</name>
    <difficult>0</difficult>
    <bndbox>
      <xmin>581</xmin>
      <ymin>455</ymin>
      <xmax>645</xmax>
      <ymax>475</ymax>
    </bndbox>
  </object>
  <object>
    <name>word</name>
    <difficult>0</difficult>
    <bndbox>
      <xmin>647</xmin>
      <ymin>458</ymin>
      <xmax>662</xmax>
      <ymax>472</ymax>
    </bndbox>
  </object>
  <object>
    <name>word</name>
    <difficult>0</difficult>
    <bndbox>
      <xmin>666</xmin>
      <ymin>457</ymin>
      <xmax>705</xmax>
      <ymax>470</ymax>
    </bndbox>
  </object>
  <object>
    <name>word</name>
    <difficult>0</difficult>
    <bndbox>
      <xmin>102</xmin>
      <ymin>479</ymin>
      <xmax>127</xmax>
      <ymax>490</ymax>
    </bndbox>
  </object>
  <object>
    <name>word</name>
    <difficult>0</difficult>
    <bndbox>
      <xmin>128</xmin>
      <ymin>476</ymin>
      <xmax>195</xmax>
      <ymax>493</ymax>
    </bndbox>
  </object>
  <object>
    <name>word</name>
    <difficult>0</difficult>
    <bndbox>
      <xmin>725</xmin>
      <ymin>8</ymin>
      <xmax>745</xmax>
      <ymax>28</ymax>
    </bndbox>
  </object>
  <object>
    <name>word</name>
    <difficult>0</difficult>
    <bndbox>
      <xmin>589</xmin>
      <ymin>29</ymin>
      <xmax>630</xmax>
      <ymax>56</ymax>
    </bndbox>
  </object>
  <object>
    <name>word</name>
    <difficult>0</difficult>
    <bndbox>
      <xmin>633</xmin>
      <ymin>34</ymin>
      <xmax>661</xmax>
      <ymax>58</ymax>
    </bndbox>
  </object>
  <object>
    <name>word</name>
    <difficult>0</difficult>
    <bndbox>
      <xmin>665</xmin>
      <ymin>31</ymin>
      <xmax>704</xmax>
      <ymax>53</ymax>
    </bndbox>
  </object>
  <object>
    <name>word</name>
    <difficult>0</difficult>
    <bndbox>
      <xmin>337</xmin>
      <ymin>47</ymin>
      <xmax>403</xmax>
      <ymax>60</ymax>
    </bndbox>
  </object>
  <object>
    <name>word</name>
    <difficult>0</difficult>
    <bndbox>
      <xmin>408</xmin>
      <ymin>45</ymin>
      <xmax>418</xmax>
      <ymax>60</ymax>
    </bndbox>
  </object>
  <object>
    <name>word</name>
    <difficult>0</difficult>
    <bndbox>
      <xmin>265</xmin>
      <ymin>89</ymin>
      <xmax>318</xmax>
      <ymax>102</ymax>
    </bndbox>
  </object>
  <object>
    <name>word</name>
    <difficult>0</difficult>
    <bndbox>
      <xmin>324</xmin>
      <ymin>92</ymin>
      <xmax>391</xmax>
      <ymax>102</ymax>
    </bndbox>
  </object>
  <object>
    <name>word</name>
    <difficult>0</difficult>
    <bndbox>
      <xmin>398</xmin>
      <ymin>88</ymin>
      <xmax>490</xmax>
      <ymax>101</ymax>
    </bndbox>
  </object>
  <object>
    <name>word</name>
    <difficult>0</difficult>
    <bndbox>
      <xmin>251</xmin>
      <ymin>113</ymin>
      <xmax>317</xmax>
      <ymax>127</ymax>
    </bndbox>
  </object>
  <object>
    <name>word</name>
    <difficult>0</difficult>
    <bndbox>
      <xmin>331</xmin>
      <ymin>112</ymin>
      <xmax>387</xmax>
      <ymax>127</ymax>
    </bndbox>
  </object>
  <object>
    <name>word</name>
    <difficult>0</difficult>
    <bndbox>
      <xmin>391</xmin>
      <ymin>110</ymin>
      <xmax>427</xmax>
      <ymax>127</ymax>
    </bndbox>
  </object>
  <object>
    <name>word</name>
    <difficult>0</difficult>
    <bndbox>
      <xmin>437</xmin>
      <ymin>113</ymin>
      <xmax>461</xmax>
      <ymax>126</ymax>
    </bndbox>
  </object>
  <object>
    <name>word</name>
    <difficult>0</difficult>
    <bndbox>
      <xmin>478</xmin>
      <ymin>110</ymin>
      <xmax>491</xmax>
      <ymax>124</ymax>
    </bndbox>
  </object>
  <object>
    <name>word</name>
    <difficult>0</difficult>
    <bndbox>
      <xmin>105</xmin>
      <ymin>162</ymin>
      <xmax>169</xmax>
      <ymax>176</ymax>
    </bndbox>
  </object>
  <object>
    <name>word</name>
    <difficult>0</difficult>
    <bndbox>
      <xmin>175</xmin>
      <ymin>162</ymin>
      <xmax>229</xmax>
      <ymax>177</ymax>
    </bndbox>
  </object>
  <object>
    <name>word</name>
    <difficult>0</difficult>
    <bndbox>
      <xmin>165</xmin>
      <ymin>197</ymin>
      <xmax>214</xmax>
      <ymax>215</ymax>
    </bndbox>
  </object>
  <object>
    <name>word</name>
    <difficult>0</difficult>
    <bndbox>
      <xmin>221</xmin>
      <ymin>197</ymin>
      <xmax>241</xmax>
      <ymax>211</ymax>
    </bndbox>
  </object>
  <object>
    <name>word</name>
    <difficult>0</difficult>
    <bndbox>
      <xmin>249</xmin>
      <ymin>194</ymin>
      <xmax>271</xmax>
      <ymax>211</ymax>
    </bndbox>
  </object>
  <object>
    <name>word</name>
    <difficult>0</difficult>
    <bndbox>
      <xmin>278</xmin>
      <ymin>196</ymin>
      <xmax>312</xmax>
      <ymax>213</ymax>
    </bndbox>
  </object>
  <object>
    <name>word</name>
    <difficult>0</difficult>
    <bndbox>
      <xmin>320</xmin>
      <ymin>194</ymin>
      <xmax>334</xmax>
      <ymax>211</ymax>
    </bndbox>
  </object>
  <object>
    <name>word</name>
    <difficult>0</difficult>
    <bndbox>
      <xmin>338</xmin>
      <ymin>190</ymin>
      <xmax>366</xmax>
      <ymax>210</ymax>
    </bndbox>
  </object>
  <object>
    <name>word</name>
    <difficult>0</difficult>
    <bndbox>
      <xmin>374</xmin>
      <ymin>194</ymin>
      <xmax>405</xmax>
      <ymax>211</ymax>
    </bndbox>
  </object>
  <object>
    <name>word</name>
    <difficult>0</difficult>
    <bndbox>
      <xmin>405</xmin>
      <ymin>194</ymin>
      <xmax>439</xmax>
      <ymax>211</ymax>
    </bndbox>
  </object>
  <object>
    <name>word</name>
    <difficult>0</difficult>
    <bndbox>
      <xmin>444</xmin>
      <ymin>194</ymin>
      <xmax>554</xmax>
      <ymax>209</ymax>
    </bndbox>
  </object>
  <object>
    <name>word</name>
    <difficult>0</difficult>
    <bndbox>
      <xmin>559</xmin>
      <ymin>193</ymin>
      <xmax>655</xmax>
      <ymax>211</ymax>
    </bndbox>
  </object>
  <object>
    <name>word</name>
    <difficult>0</difficult>
    <bndbox>
      <xmin>105</xmin>
      <ymin>285</ymin>
      <xmax>186</xmax>
      <ymax>295</ymax>
    </bndbox>
  </object>
  <object>
    <name>word</name>
    <difficult>0</difficult>
    <bndbox>
      <xmin>193</xmin>
      <ymin>281</ymin>
      <xmax>210</xmax>
      <ymax>296</ymax>
    </bndbox>
  </object>
  <object>
    <name>word</name>
    <difficult>0</difficult>
    <bndbox>
      <xmin>221</xmin>
      <ymin>281</ymin>
      <xmax>248</xmax>
      <ymax>296</ymax>
    </bndbox>
  </object>
  <object>
    <name>word</name>
    <difficult>0</difficult>
    <bndbox>
      <xmin>253</xmin>
      <ymin>281</ymin>
      <xmax>306</xmax>
      <ymax>296</ymax>
    </bndbox>
  </object>
  <object>
    <name>word</name>
    <difficult>0</difficult>
    <bndbox>
      <xmin>310</xmin>
      <ymin>281</ymin>
      <xmax>352</xmax>
      <ymax>295</ymax>
    </bndbox>
  </object>
  <object>
    <name>word</name>
    <difficult>0</difficult>
    <bndbox>
      <xmin>102</xmin>
      <ymin>331</ymin>
      <xmax>183</xmax>
      <ymax>342</ymax>
    </bndbox>
  </object>
  <object>
    <name>word</name>
    <difficult>0</difficult>
    <bndbox>
      <xmin>193</xmin>
      <ymin>331</ymin>
      <xmax>213</xmax>
      <ymax>344</ymax>
    </bndbox>
  </object>
  <object>
    <name>word</name>
    <difficult>0</difficult>
    <bndbox>
      <xmin>219</xmin>
      <ymin>324</ymin>
      <xmax>246</xmax>
      <ymax>344</ymax>
    </bndbox>
  </object>
  <object>
    <name>word</name>
    <difficult>0</difficult>
    <bndbox>
      <xmin>256</xmin>
      <ymin>327</ymin>
      <xmax>312</xmax>
      <ymax>342</ymax>
    </bndbox>
  </object>
  <object>
    <name>word</name>
    <difficult>0</difficult>
    <bndbox>
      <xmin>313</xmin>
      <ymin>324</ymin>
      <xmax>360</xmax>
      <ymax>342</ymax>
    </bndbox>
  </object>
  <object>
    <name>word</name>
    <difficult>0</difficult>
    <bndbox>
      <xmin>123</xmin>
      <ymin>848</ymin>
      <xmax>409</xmax>
      <ymax>923</ymax>
    </bndbox>
  </object>
  <object>
    <name>word</name>
    <difficult>0</difficult>
    <bndbox>
      <xmin>151</xmin>
      <ymin>926</ymin>
      <xmax>215</xmax>
      <ymax>947</ymax>
    </bndbox>
  </object>
  <object>
    <name>word</name>
    <difficult>0</difficult>
    <bndbox>
      <xmin>222</xmin>
      <ymin>925</ymin>
      <xmax>296</xmax>
      <ymax>945</ymax>
    </bndbox>
  </object>
  <object>
    <name>word</name>
    <difficult>0</difficult>
    <bndbox>
      <xmin>444</xmin>
      <ymin>842</ymin>
      <xmax>754</xmax>
      <ymax>924</ymax>
    </bndbox>
  </object>
  <object>
    <name>word</name>
    <difficult>0</difficult>
    <bndbox>
      <xmin>500</xmin>
      <ymin>926</ymin>
      <xmax>541</xmax>
      <ymax>946</ymax>
    </bndbox>
  </object>
  <object>
    <name>word</name>
    <difficult>0</difficult>
    <bndbox>
      <xmin>547</xmin>
      <ymin>925</ymin>
      <xmax>617</xmax>
      <ymax>945</ymax>
    </bndbox>
  </object>
  <object>
    <name>word</name>
    <difficult>0</difficult>
    <bndbox>
      <xmin>622</xmin>
      <ymin>925</ymin>
      <xmax>702</xmax>
      <ymax>945</ymax>
    </bndbox>
  </object>
</annotation>
