<annotation>
  <folder>VOC2007</folder>
  <filename>00920294.json</filename>
  <owner>
    <name>HengTian</name>
  </owner>
  <size>
    <width>754</width>
    <height>1000</height>
    <depth>1</depth>
  </size>
  <segmented>0</segmented>
  <object>
    <name>word</name>
    <difficult>0</difficult>
    <bndbox>
      <xmin>504</xmin>
      <ymin>113</ymin>
      <xmax>542</xmax>
      <ymax>128</ymax>
    </bndbox>
  </object>
  <object>
    <name>word</name>
    <difficult>0</difficult>
    <bndbox>
      <xmin>155</xmin>
      <ymin>130</ymin>
      <xmax>173</xmax>
      <ymax>147</ymax>
    </bndbox>
  </object>
  <object>
    <name>word</name>
    <difficult>0</difficult>
    <bndbox>
      <xmin>138</xmin>
      <ymin>148</ymin>
      <xmax>173</xmax>
      <ymax>162</ymax>
    </bndbox>
  </object>
  <object>
    <name>word</name>
    <difficult>0</difficult>
    <bndbox>
      <xmin>141</xmin>
      <ymin>166</ymin>
      <xmax>172</xmax>
      <ymax>180</ymax>
    </bndbox>
  </object>
  <object>
    <name>word</name>
    <difficult>0</difficult>
    <bndbox>
      <xmin>265</xmin>
      <ymin>246</ymin>
      <xmax>373</xmax>
      <ymax>264</ymax>
    </bndbox>
  </object>
  <object>
    <name>word</name>
    <difficult>0</difficult>
    <bndbox>
      <xmin>122</xmin>
      <ymin>300</ymin>
      <xmax>172</xmax>
      <ymax>317</ymax>
    </bndbox>
  </object>
  <object>
    <name>word</name>
    <difficult>0</difficult>
    <bndbox>
      <xmin>119</xmin>
      <ymin>320</ymin>
      <xmax>173</xmax>
      <ymax>333</ymax>
    </bndbox>
  </object>
  <object>
    <name>word</name>
    <difficult>0</difficult>
    <bndbox>
      <xmin>108</xmin>
      <ymin>332</ymin>
      <xmax>174</xmax>
      <ymax>347</ymax>
    </bndbox>
  </object>
  <object>
    <name>word</name>
    <difficult>0</difficult>
    <bndbox>
      <xmin>141</xmin>
      <ymin>469</ymin>
      <xmax>173</xmax>
      <ymax>484</ymax>
    </bndbox>
  </object>
  <object>
    <name>word</name>
    <difficult>0</difficult>
    <bndbox>
      <xmin>105</xmin>
      <ymin>487</ymin>
      <xmax>172</xmax>
      <ymax>501</ymax>
    </bndbox>
  </object>
  <object>
    <name>word</name>
    <difficult>0</difficult>
    <bndbox>
      <xmin>78</xmin>
      <ymin>725</ymin>
      <xmax>112</xmax>
      <ymax>740</ymax>
    </bndbox>
  </object>
  <object>
    <name>word</name>
    <difficult>0</difficult>
    <bndbox>
      <xmin>159</xmin>
      <ymin>539</ymin>
      <xmax>169</xmax>
      <ymax>550</ymax>
    </bndbox>
  </object>
  <object>
    <name>word</name>
    <difficult>0</difficult>
    <bndbox>
      <xmin>161</xmin>
      <ymin>557</ymin>
      <xmax>171</xmax>
      <ymax>568</ymax>
    </bndbox>
  </object>
  <object>
    <name>word</name>
    <difficult>0</difficult>
    <bndbox>
      <xmin>161</xmin>
      <ymin>573</ymin>
      <xmax>169</xmax>
      <ymax>586</ymax>
    </bndbox>
  </object>
  <object>
    <name>word</name>
    <difficult>0</difficult>
    <bndbox>
      <xmin>161</xmin>
      <ymin>591</ymin>
      <xmax>169</xmax>
      <ymax>602</ymax>
    </bndbox>
  </object>
  <object>
    <name>word</name>
    <difficult>0</difficult>
    <bndbox>
      <xmin>162</xmin>
      <ymin>641</ymin>
      <xmax>169</xmax>
      <ymax>655</ymax>
    </bndbox>
  </object>
  <object>
    <name>word</name>
    <difficult>0</difficult>
    <bndbox>
      <xmin>161</xmin>
      <ymin>623</ymin>
      <xmax>169</xmax>
      <ymax>637</ymax>
    </bndbox>
  </object>
  <object>
    <name>word</name>
    <difficult>0</difficult>
    <bndbox>
      <xmin>161</xmin>
      <ymin>659</ymin>
      <xmax>169</xmax>
      <ymax>669</ymax>
    </bndbox>
  </object>
  <object>
    <name>word</name>
    <difficult>0</difficult>
    <bndbox>
      <xmin>162</xmin>
      <ymin>675</ymin>
      <xmax>170</xmax>
      <ymax>688</ymax>
    </bndbox>
  </object>
  <object>
    <name>word</name>
    <difficult>0</difficult>
    <bndbox>
      <xmin>156</xmin>
      <ymin>694</ymin>
      <xmax>170</xmax>
      <ymax>705</ymax>
    </bndbox>
  </object>
  <object>
    <name>word</name>
    <difficult>0</difficult>
    <bndbox>
      <xmin>161</xmin>
      <ymin>608</ymin>
      <xmax>169</xmax>
      <ymax>619</ymax>
    </bndbox>
  </object>
  <object>
    <name>word</name>
    <difficult>0</difficult>
    <bndbox>
      <xmin>190</xmin>
      <ymin>487</ymin>
      <xmax>198</xmax>
      <ymax>500</ymax>
    </bndbox>
  </object>
  <object>
    <name>word</name>
    <difficult>0</difficult>
    <bndbox>
      <xmin>260</xmin>
      <ymin>468</ymin>
      <xmax>274</xmax>
      <ymax>483</ymax>
    </bndbox>
  </object>
  <object>
    <name>word</name>
    <difficult>0</difficult>
    <bndbox>
      <xmin>211</xmin>
      <ymin>302</ymin>
      <xmax>236</xmax>
      <ymax>316</ymax>
    </bndbox>
  </object>
  <object>
    <name>word</name>
    <difficult>0</difficult>
    <bndbox>
      <xmin>176</xmin>
      <ymin>334</ymin>
      <xmax>218</xmax>
      <ymax>349</ymax>
    </bndbox>
  </object>
  <object>
    <name>word</name>
    <difficult>0</difficult>
    <bndbox>
      <xmin>203</xmin>
      <ymin>250</ymin>
      <xmax>214</xmax>
      <ymax>265</ymax>
    </bndbox>
  </object>
  <object>
    <name>word</name>
    <difficult>0</difficult>
    <bndbox>
      <xmin>214</xmin>
      <ymin>250</ymin>
      <xmax>234</xmax>
      <ymax>265</ymax>
    </bndbox>
  </object>
  <object>
    <name>word</name>
    <difficult>0</difficult>
    <bndbox>
      <xmin>133</xmin>
      <ymin>216</ymin>
      <xmax>172</xmax>
      <ymax>231</ymax>
    </bndbox>
  </object>
  <object>
    <name>word</name>
    <difficult>0</difficult>
    <bndbox>
      <xmin>78</xmin>
      <ymin>89</ymin>
      <xmax>106</xmax>
      <ymax>111</ymax>
    </bndbox>
  </object>
  <object>
    <name>word</name>
    <difficult>0</difficult>
    <bndbox>
      <xmin>110</xmin>
      <ymin>92</ymin>
      <xmax>167</xmax>
      <ymax>109</ymax>
    </bndbox>
  </object>
  <object>
    <name>word</name>
    <difficult>0</difficult>
    <bndbox>
      <xmin>173</xmin>
      <ymin>91</ymin>
      <xmax>214</xmax>
      <ymax>111</ymax>
    </bndbox>
  </object>
  <object>
    <name>word</name>
    <difficult>0</difficult>
    <bndbox>
      <xmin>221</xmin>
      <ymin>92</ymin>
      <xmax>275</xmax>
      <ymax>112</ymax>
    </bndbox>
  </object>
  <object>
    <name>word</name>
    <difficult>0</difficult>
    <bndbox>
      <xmin>279</xmin>
      <ymin>94</ymin>
      <xmax>320</xmax>
      <ymax>111</ymax>
    </bndbox>
  </object>
  <object>
    <name>word</name>
    <difficult>0</difficult>
    <bndbox>
      <xmin>432</xmin>
      <ymin>113</ymin>
      <xmax>457</xmax>
      <ymax>126</ymax>
    </bndbox>
  </object>
  <object>
    <name>word</name>
    <difficult>0</difficult>
    <bndbox>
      <xmin>462</xmin>
      <ymin>112</ymin>
      <xmax>503</xmax>
      <ymax>125</ymax>
    </bndbox>
  </object>
  <object>
    <name>word</name>
    <difficult>0</difficult>
    <bndbox>
      <xmin>177</xmin>
      <ymin>130</ymin>
      <xmax>201</xmax>
      <ymax>145</ymax>
    </bndbox>
  </object>
  <object>
    <name>word</name>
    <difficult>0</difficult>
    <bndbox>
      <xmin>204</xmin>
      <ymin>133</ymin>
      <xmax>218</xmax>
      <ymax>144</ymax>
    </bndbox>
  </object>
  <object>
    <name>word</name>
    <difficult>0</difficult>
    <bndbox>
      <xmin>219</xmin>
      <ymin>135</ymin>
      <xmax>226</xmax>
      <ymax>143</ymax>
    </bndbox>
  </object>
  <object>
    <name>word</name>
    <difficult>0</difficult>
    <bndbox>
      <xmin>228</xmin>
      <ymin>131</ymin>
      <xmax>250</xmax>
      <ymax>145</ymax>
    </bndbox>
  </object>
  <object>
    <name>word</name>
    <difficult>0</difficult>
    <bndbox>
      <xmin>251</xmin>
      <ymin>131</ymin>
      <xmax>271</xmax>
      <ymax>144</ymax>
    </bndbox>
  </object>
  <object>
    <name>word</name>
    <difficult>0</difficult>
    <bndbox>
      <xmin>176</xmin>
      <ymin>149</ymin>
      <xmax>207</xmax>
      <ymax>160</ymax>
    </bndbox>
  </object>
  <object>
    <name>word</name>
    <difficult>0</difficult>
    <bndbox>
      <xmin>208</xmin>
      <ymin>149</ymin>
      <xmax>246</xmax>
      <ymax>162</ymax>
    </bndbox>
  </object>
  <object>
    <name>word</name>
    <difficult>0</difficult>
    <bndbox>
      <xmin>176</xmin>
      <ymin>166</ymin>
      <xmax>186</xmax>
      <ymax>179</ymax>
    </bndbox>
  </object>
  <object>
    <name>word</name>
    <difficult>0</difficult>
    <bndbox>
      <xmin>187</xmin>
      <ymin>165</ymin>
      <xmax>198</xmax>
      <ymax>178</ymax>
    </bndbox>
  </object>
  <object>
    <name>word</name>
    <difficult>0</difficult>
    <bndbox>
      <xmin>198</xmin>
      <ymin>166</ymin>
      <xmax>213</xmax>
      <ymax>179</ymax>
    </bndbox>
  </object>
  <object>
    <name>word</name>
    <difficult>0</difficult>
    <bndbox>
      <xmin>179</xmin>
      <ymin>198</ymin>
      <xmax>201</xmax>
      <ymax>213</ymax>
    </bndbox>
  </object>
  <object>
    <name>word</name>
    <difficult>0</difficult>
    <bndbox>
      <xmin>203</xmin>
      <ymin>198</ymin>
      <xmax>242</xmax>
      <ymax>212</ymax>
    </bndbox>
  </object>
  <object>
    <name>word</name>
    <difficult>0</difficult>
    <bndbox>
      <xmin>87</xmin>
      <ymin>198</ymin>
      <xmax>171</xmax>
      <ymax>212</ymax>
    </bndbox>
  </object>
  <object>
    <name>word</name>
    <difficult>0</difficult>
    <bndbox>
      <xmin>179</xmin>
      <ymin>215</ymin>
      <xmax>207</xmax>
      <ymax>229</ymax>
    </bndbox>
  </object>
  <object>
    <name>word</name>
    <difficult>0</difficult>
    <bndbox>
      <xmin>208</xmin>
      <ymin>215</ymin>
      <xmax>265</xmax>
      <ymax>229</ymax>
    </bndbox>
  </object>
  <object>
    <name>word</name>
    <difficult>0</difficult>
    <bndbox>
      <xmin>109</xmin>
      <ymin>249</ymin>
      <xmax>173</xmax>
      <ymax>266</ymax>
    </bndbox>
  </object>
  <object>
    <name>word</name>
    <difficult>0</difficult>
    <bndbox>
      <xmin>177</xmin>
      <ymin>271</ymin>
      <xmax>215</xmax>
      <ymax>279</ymax>
    </bndbox>
  </object>
  <object>
    <name>word</name>
    <difficult>0</difficult>
    <bndbox>
      <xmin>214</xmin>
      <ymin>271</ymin>
      <xmax>224</xmax>
      <ymax>281</ymax>
    </bndbox>
  </object>
  <object>
    <name>word</name>
    <difficult>0</difficult>
    <bndbox>
      <xmin>225</xmin>
      <ymin>271</ymin>
      <xmax>235</xmax>
      <ymax>279</ymax>
    </bndbox>
  </object>
  <object>
    <name>word</name>
    <difficult>0</difficult>
    <bndbox>
      <xmin>378</xmin>
      <ymin>250</ymin>
      <xmax>405</xmax>
      <ymax>263</ymax>
    </bndbox>
  </object>
  <object>
    <name>word</name>
    <difficult>0</difficult>
    <bndbox>
      <xmin>406</xmin>
      <ymin>250</ymin>
      <xmax>445</xmax>
      <ymax>263</ymax>
    </bndbox>
  </object>
  <object>
    <name>word</name>
    <difficult>0</difficult>
    <bndbox>
      <xmin>444</xmin>
      <ymin>249</ymin>
      <xmax>471</xmax>
      <ymax>264</ymax>
    </bndbox>
  </object>
  <object>
    <name>word</name>
    <difficult>0</difficult>
    <bndbox>
      <xmin>471</xmin>
      <ymin>250</ymin>
      <xmax>539</xmax>
      <ymax>263</ymax>
    </bndbox>
  </object>
  <object>
    <name>word</name>
    <difficult>0</difficult>
    <bndbox>
      <xmin>299</xmin>
      <ymin>265</ymin>
      <xmax>374</xmax>
      <ymax>282</ymax>
    </bndbox>
  </object>
  <object>
    <name>word</name>
    <difficult>0</difficult>
    <bndbox>
      <xmin>433</xmin>
      <ymin>286</ymin>
      <xmax>467</xmax>
      <ymax>296</ymax>
    </bndbox>
  </object>
  <object>
    <name>word</name>
    <difficult>0</difficult>
    <bndbox>
      <xmin>466</xmin>
      <ymin>286</ymin>
      <xmax>476</xmax>
      <ymax>296</ymax>
    </bndbox>
  </object>
  <object>
    <name>word</name>
    <difficult>0</difficult>
    <bndbox>
      <xmin>476</xmin>
      <ymin>286</ymin>
      <xmax>489</xmax>
      <ymax>296</ymax>
    </bndbox>
  </object>
  <object>
    <name>word</name>
    <difficult>0</difficult>
    <bndbox>
      <xmin>176</xmin>
      <ymin>318</ymin>
      <xmax>187</xmax>
      <ymax>333</ymax>
    </bndbox>
  </object>
  <object>
    <name>word</name>
    <difficult>0</difficult>
    <bndbox>
      <xmin>187</xmin>
      <ymin>318</ymin>
      <xmax>204</xmax>
      <ymax>332</ymax>
    </bndbox>
  </object>
  <object>
    <name>word</name>
    <difficult>0</difficult>
    <bndbox>
      <xmin>204</xmin>
      <ymin>317</ymin>
      <xmax>218</xmax>
      <ymax>332</ymax>
    </bndbox>
  </object>
  <object>
    <name>word</name>
    <difficult>0</difficult>
    <bndbox>
      <xmin>110</xmin>
      <ymin>367</ymin>
      <xmax>134</xmax>
      <ymax>382</ymax>
    </bndbox>
  </object>
  <object>
    <name>word</name>
    <difficult>0</difficult>
    <bndbox>
      <xmin>138</xmin>
      <ymin>370</ymin>
      <xmax>173</xmax>
      <ymax>383</ymax>
    </bndbox>
  </object>
  <object>
    <name>word</name>
    <difficult>0</difficult>
    <bndbox>
      <xmin>175</xmin>
      <ymin>367</ymin>
      <xmax>200</xmax>
      <ymax>382</ymax>
    </bndbox>
  </object>
  <object>
    <name>word</name>
    <difficult>0</difficult>
    <bndbox>
      <xmin>201</xmin>
      <ymin>369</ymin>
      <xmax>236</xmax>
      <ymax>384</ymax>
    </bndbox>
  </object>
  <object>
    <name>word</name>
    <difficult>0</difficult>
    <bndbox>
      <xmin>237</xmin>
      <ymin>370</ymin>
      <xmax>268</xmax>
      <ymax>384</ymax>
    </bndbox>
  </object>
  <object>
    <name>word</name>
    <difficult>0</difficult>
    <bndbox>
      <xmin>268</xmin>
      <ymin>367</ymin>
      <xmax>296</xmax>
      <ymax>382</ymax>
    </bndbox>
  </object>
  <object>
    <name>word</name>
    <difficult>0</difficult>
    <bndbox>
      <xmin>127</xmin>
      <ymin>420</ymin>
      <xmax>134</xmax>
      <ymax>433</ymax>
    </bndbox>
  </object>
  <object>
    <name>word</name>
    <difficult>0</difficult>
    <bndbox>
      <xmin>138</xmin>
      <ymin>418</ymin>
      <xmax>173</xmax>
      <ymax>435</ymax>
    </bndbox>
  </object>
  <object>
    <name>word</name>
    <difficult>0</difficult>
    <bndbox>
      <xmin>177</xmin>
      <ymin>418</ymin>
      <xmax>195</xmax>
      <ymax>433</ymax>
    </bndbox>
  </object>
  <object>
    <name>word</name>
    <difficult>0</difficult>
    <bndbox>
      <xmin>99</xmin>
      <ymin>521</ymin>
      <xmax>144</xmax>
      <ymax>535</ymax>
    </bndbox>
  </object>
  <object>
    <name>word</name>
    <difficult>0</difficult>
    <bndbox>
      <xmin>145</xmin>
      <ymin>521</ymin>
      <xmax>172</xmax>
      <ymax>532</ymax>
    </bndbox>
  </object>
  <object>
    <name>word</name>
    <difficult>0</difficult>
    <bndbox>
      <xmin>177</xmin>
      <ymin>538</ymin>
      <xmax>195</xmax>
      <ymax>552</ymax>
    </bndbox>
  </object>
  <object>
    <name>word</name>
    <difficult>0</difficult>
    <bndbox>
      <xmin>240</xmin>
      <ymin>538</ymin>
      <xmax>272</xmax>
      <ymax>552</ymax>
    </bndbox>
  </object>
  <object>
    <name>word</name>
    <difficult>0</difficult>
    <bndbox>
      <xmin>275</xmin>
      <ymin>536</ymin>
      <xmax>318</xmax>
      <ymax>553</ymax>
    </bndbox>
  </object>
  <object>
    <name>word</name>
    <difficult>0</difficult>
    <bndbox>
      <xmin>175</xmin>
      <ymin>556</ymin>
      <xmax>195</xmax>
      <ymax>569</ymax>
    </bndbox>
  </object>
  <object>
    <name>word</name>
    <difficult>0</difficult>
    <bndbox>
      <xmin>239</xmin>
      <ymin>556</ymin>
      <xmax>274</xmax>
      <ymax>570</ymax>
    </bndbox>
  </object>
  <object>
    <name>word</name>
    <difficult>0</difficult>
    <bndbox>
      <xmin>275</xmin>
      <ymin>557</ymin>
      <xmax>321</xmax>
      <ymax>568</ymax>
    </bndbox>
  </object>
  <object>
    <name>word</name>
    <difficult>0</difficult>
    <bndbox>
      <xmin>88</xmin>
      <ymin>749</ymin>
      <xmax>113</xmax>
      <ymax>763</ymax>
    </bndbox>
  </object>
  <object>
    <name>word</name>
    <difficult>0</difficult>
    <bndbox>
      <xmin>113</xmin>
      <ymin>747</ymin>
      <xmax>127</xmax>
      <ymax>762</ymax>
    </bndbox>
  </object>
  <object>
    <name>word</name>
    <difficult>0</difficult>
    <bndbox>
      <xmin>127</xmin>
      <ymin>747</ymin>
      <xmax>142</xmax>
      <ymax>761</ymax>
    </bndbox>
  </object>
  <object>
    <name>word</name>
    <difficult>0</difficult>
    <bndbox>
      <xmin>144</xmin>
      <ymin>747</ymin>
      <xmax>178</xmax>
      <ymax>761</ymax>
    </bndbox>
  </object>
  <object>
    <name>word</name>
    <difficult>0</difficult>
    <bndbox>
      <xmin>680</xmin>
      <ymin>784</ymin>
      <xmax>693</xmax>
      <ymax>831</ymax>
    </bndbox>
  </object>
  <object>
    <name>word</name>
    <difficult>0</difficult>
    <bndbox>
      <xmin>680</xmin>
      <ymin>837</ymin>
      <xmax>691</xmax>
      <ymax>875</ymax>
    </bndbox>
  </object>
  <object>
    <name>word</name>
    <difficult>0</difficult>
    <bndbox>
      <xmin>61</xmin>
      <ymin>940</ymin>
      <xmax>92</xmax>
      <ymax>953</ymax>
    </bndbox>
  </object>
  <object>
    <name>word</name>
    <difficult>0</difficult>
    <bndbox>
      <xmin>94</xmin>
      <ymin>941</ymin>
      <xmax>112</xmax>
      <ymax>954</ymax>
    </bndbox>
  </object>
  <object>
    <name>word</name>
    <difficult>0</difficult>
    <bndbox>
      <xmin>113</xmin>
      <ymin>941</ymin>
      <xmax>145</xmax>
      <ymax>954</ymax>
    </bndbox>
  </object>
</annotation>
