<annotation>
  <folder>VOC2007</folder>
  <filename>00922237.json</filename>
  <owner>
    <name>HengTian</name>
  </owner>
  <size>
    <width>766</width>
    <height>1000</height>
    <depth>1</depth>
  </size>
  <segmented>0</segmented>
  <object>
    <name>word</name>
    <difficult>0</difficult>
    <bndbox>
      <xmin>279</xmin>
      <ymin>733</ymin>
      <xmax>313</xmax>
      <ymax>751</ymax>
    </bndbox>
  </object>
  <object>
    <name>word</name>
    <difficult>0</difficult>
    <bndbox>
      <xmin>427</xmin>
      <ymin>732</ymin>
      <xmax>461</xmax>
      <ymax>747</ymax>
    </bndbox>
  </object>
  <object>
    <name>word</name>
    <difficult>0</difficult>
    <bndbox>
      <xmin>585</xmin>
      <ymin>675</ymin>
      <xmax>683</xmax>
      <ymax>692</ymax>
    </bndbox>
  </object>
  <object>
    <name>word</name>
    <difficult>0</difficult>
    <bndbox>
      <xmin>518</xmin>
      <ymin>729</ymin>
      <xmax>709</xmax>
      <ymax>771</ymax>
    </bndbox>
  </object>
  <object>
    <name>word</name>
    <difficult>0</difficult>
    <bndbox>
      <xmin>24</xmin>
      <ymin>190</ymin>
      <xmax>83</xmax>
      <ymax>204</ymax>
    </bndbox>
  </object>
  <object>
    <name>word</name>
    <difficult>0</difficult>
    <bndbox>
      <xmin>140</xmin>
      <ymin>189</ymin>
      <xmax>174</xmax>
      <ymax>206</ymax>
    </bndbox>
  </object>
  <object>
    <name>word</name>
    <difficult>0</difficult>
    <bndbox>
      <xmin>377</xmin>
      <ymin>187</ymin>
      <xmax>451</xmax>
      <ymax>204</ymax>
    </bndbox>
  </object>
  <object>
    <name>word</name>
    <difficult>0</difficult>
    <bndbox>
      <xmin>50</xmin>
      <ymin>28</ymin>
      <xmax>117</xmax>
      <ymax>39</ymax>
    </bndbox>
  </object>
  <object>
    <name>word</name>
    <difficult>0</difficult>
    <bndbox>
      <xmin>47</xmin>
      <ymin>43</ymin>
      <xmax>117</xmax>
      <ymax>54</ymax>
    </bndbox>
  </object>
  <object>
    <name>word</name>
    <difficult>0</difficult>
    <bndbox>
      <xmin>581</xmin>
      <ymin>14</ymin>
      <xmax>609</xmax>
      <ymax>28</ymax>
    </bndbox>
  </object>
  <object>
    <name>word</name>
    <difficult>0</difficult>
    <bndbox>
      <xmin>247</xmin>
      <ymin>130</ymin>
      <xmax>282</xmax>
      <ymax>145</ymax>
    </bndbox>
  </object>
  <object>
    <name>word</name>
    <difficult>0</difficult>
    <bndbox>
      <xmin>13</xmin>
      <ymin>61</ymin>
      <xmax>62</xmax>
      <ymax>69</ymax>
    </bndbox>
  </object>
  <object>
    <name>word</name>
    <difficult>0</difficult>
    <bndbox>
      <xmin>42</xmin>
      <ymin>105</ymin>
      <xmax>80</xmax>
      <ymax>116</ymax>
    </bndbox>
  </object>
  <object>
    <name>word</name>
    <difficult>0</difficult>
    <bndbox>
      <xmin>253</xmin>
      <ymin>24</ymin>
      <xmax>331</xmax>
      <ymax>38</ymax>
    </bndbox>
  </object>
  <object>
    <name>word</name>
    <difficult>0</difficult>
    <bndbox>
      <xmin>332</xmin>
      <ymin>25</ymin>
      <xmax>423</xmax>
      <ymax>38</ymax>
    </bndbox>
  </object>
  <object>
    <name>word</name>
    <difficult>0</difficult>
    <bndbox>
      <xmin>471</xmin>
      <ymin>10</ymin>
      <xmax>489</xmax>
      <ymax>24</ymax>
    </bndbox>
  </object>
  <object>
    <name>word</name>
    <difficult>0</difficult>
    <bndbox>
      <xmin>493</xmin>
      <ymin>11</ymin>
      <xmax>517</xmax>
      <ymax>22</ymax>
    </bndbox>
  </object>
  <object>
    <name>word</name>
    <difficult>0</difficult>
    <bndbox>
      <xmin>520</xmin>
      <ymin>13</ymin>
      <xmax>545</xmax>
      <ymax>21</ymax>
    </bndbox>
  </object>
  <object>
    <name>word</name>
    <difficult>0</difficult>
    <bndbox>
      <xmin>545</xmin>
      <ymin>11</ymin>
      <xmax>570</xmax>
      <ymax>22</ymax>
    </bndbox>
  </object>
  <object>
    <name>word</name>
    <difficult>0</difficult>
    <bndbox>
      <xmin>534</xmin>
      <ymin>25</ymin>
      <xmax>572</xmax>
      <ymax>33</ymax>
    </bndbox>
  </object>
  <object>
    <name>word</name>
    <difficult>0</difficult>
    <bndbox>
      <xmin>161</xmin>
      <ymin>45</ymin>
      <xmax>202</xmax>
      <ymax>53</ymax>
    </bndbox>
  </object>
  <object>
    <name>word</name>
    <difficult>0</difficult>
    <bndbox>
      <xmin>205</xmin>
      <ymin>43</ymin>
      <xmax>251</xmax>
      <ymax>54</ymax>
    </bndbox>
  </object>
  <object>
    <name>word</name>
    <difficult>0</difficult>
    <bndbox>
      <xmin>251</xmin>
      <ymin>42</ymin>
      <xmax>285</xmax>
      <ymax>53</ymax>
    </bndbox>
  </object>
  <object>
    <name>word</name>
    <difficult>0</difficult>
    <bndbox>
      <xmin>282</xmin>
      <ymin>41</ymin>
      <xmax>310</xmax>
      <ymax>54</ymax>
    </bndbox>
  </object>
  <object>
    <name>word</name>
    <difficult>0</difficult>
    <bndbox>
      <xmin>313</xmin>
      <ymin>41</ymin>
      <xmax>340</xmax>
      <ymax>54</ymax>
    </bndbox>
  </object>
  <object>
    <name>word</name>
    <difficult>0</difficult>
    <bndbox>
      <xmin>342</xmin>
      <ymin>42</ymin>
      <xmax>356</xmax>
      <ymax>53</ymax>
    </bndbox>
  </object>
  <object>
    <name>word</name>
    <difficult>0</difficult>
    <bndbox>
      <xmin>358</xmin>
      <ymin>39</ymin>
      <xmax>415</xmax>
      <ymax>54</ymax>
    </bndbox>
  </object>
  <object>
    <name>word</name>
    <difficult>0</difficult>
    <bndbox>
      <xmin>416</xmin>
      <ymin>41</ymin>
      <xmax>433</xmax>
      <ymax>52</ymax>
    </bndbox>
  </object>
  <object>
    <name>word</name>
    <difficult>0</difficult>
    <bndbox>
      <xmin>436</xmin>
      <ymin>39</ymin>
      <xmax>461</xmax>
      <ymax>50</ymax>
    </bndbox>
  </object>
  <object>
    <name>word</name>
    <difficult>0</difficult>
    <bndbox>
      <xmin>461</xmin>
      <ymin>42</ymin>
      <xmax>532</xmax>
      <ymax>50</ymax>
    </bndbox>
  </object>
  <object>
    <name>word</name>
    <difficult>0</difficult>
    <bndbox>
      <xmin>186</xmin>
      <ymin>59</ymin>
      <xmax>213</xmax>
      <ymax>67</ymax>
    </bndbox>
  </object>
  <object>
    <name>word</name>
    <difficult>0</difficult>
    <bndbox>
      <xmin>215</xmin>
      <ymin>57</ymin>
      <xmax>282</xmax>
      <ymax>67</ymax>
    </bndbox>
  </object>
  <object>
    <name>word</name>
    <difficult>0</difficult>
    <bndbox>
      <xmin>282</xmin>
      <ymin>59</ymin>
      <xmax>355</xmax>
      <ymax>67</ymax>
    </bndbox>
  </object>
  <object>
    <name>word</name>
    <difficult>0</difficult>
    <bndbox>
      <xmin>353</xmin>
      <ymin>56</ymin>
      <xmax>380</xmax>
      <ymax>67</ymax>
    </bndbox>
  </object>
  <object>
    <name>word</name>
    <difficult>0</difficult>
    <bndbox>
      <xmin>380</xmin>
      <ymin>56</ymin>
      <xmax>414</xmax>
      <ymax>66</ymax>
    </bndbox>
  </object>
  <object>
    <name>word</name>
    <difficult>0</difficult>
    <bndbox>
      <xmin>11</xmin>
      <ymin>68</ymin>
      <xmax>127</xmax>
      <ymax>89</ymax>
    </bndbox>
  </object>
  <object>
    <name>word</name>
    <difficult>0</difficult>
    <bndbox>
      <xmin>131</xmin>
      <ymin>71</ymin>
      <xmax>223</xmax>
      <ymax>88</ymax>
    </bndbox>
  </object>
  <object>
    <name>word</name>
    <difficult>0</difficult>
    <bndbox>
      <xmin>229</xmin>
      <ymin>68</ymin>
      <xmax>263</xmax>
      <ymax>85</ymax>
    </bndbox>
  </object>
  <object>
    <name>word</name>
    <difficult>0</difficult>
    <bndbox>
      <xmin>267</xmin>
      <ymin>70</ymin>
      <xmax>308</xmax>
      <ymax>85</ymax>
    </bndbox>
  </object>
  <object>
    <name>word</name>
    <difficult>0</difficult>
    <bndbox>
      <xmin>314</xmin>
      <ymin>68</ymin>
      <xmax>341</xmax>
      <ymax>83</ymax>
    </bndbox>
  </object>
  <object>
    <name>word</name>
    <difficult>0</difficult>
    <bndbox>
      <xmin>349</xmin>
      <ymin>67</ymin>
      <xmax>417</xmax>
      <ymax>85</ymax>
    </bndbox>
  </object>
  <object>
    <name>word</name>
    <difficult>0</difficult>
    <bndbox>
      <xmin>425</xmin>
      <ymin>67</ymin>
      <xmax>442</xmax>
      <ymax>84</ymax>
    </bndbox>
  </object>
  <object>
    <name>word</name>
    <difficult>0</difficult>
    <bndbox>
      <xmin>455</xmin>
      <ymin>64</ymin>
      <xmax>493</xmax>
      <ymax>81</ymax>
    </bndbox>
  </object>
  <object>
    <name>word</name>
    <difficult>0</difficult>
    <bndbox>
      <xmin>578</xmin>
      <ymin>54</ymin>
      <xmax>614</xmax>
      <ymax>65</ymax>
    </bndbox>
  </object>
  <object>
    <name>word</name>
    <difficult>0</difficult>
    <bndbox>
      <xmin>617</xmin>
      <ymin>56</ymin>
      <xmax>637</xmax>
      <ymax>66</ymax>
    </bndbox>
  </object>
  <object>
    <name>word</name>
    <difficult>0</difficult>
    <bndbox>
      <xmin>578</xmin>
      <ymin>88</ymin>
      <xmax>602</xmax>
      <ymax>98</ymax>
    </bndbox>
  </object>
  <object>
    <name>word</name>
    <difficult>0</difficult>
    <bndbox>
      <xmin>605</xmin>
      <ymin>87</ymin>
      <xmax>613</xmax>
      <ymax>98</ymax>
    </bndbox>
  </object>
  <object>
    <name>word</name>
    <difficult>0</difficult>
    <bndbox>
      <xmin>615</xmin>
      <ymin>85</ymin>
      <xmax>685</xmax>
      <ymax>96</ymax>
    </bndbox>
  </object>
  <object>
    <name>word</name>
    <difficult>0</difficult>
    <bndbox>
      <xmin>684</xmin>
      <ymin>85</ymin>
      <xmax>720</xmax>
      <ymax>96</ymax>
    </bndbox>
  </object>
  <object>
    <name>word</name>
    <difficult>0</difficult>
    <bndbox>
      <xmin>503</xmin>
      <ymin>117</ymin>
      <xmax>535</xmax>
      <ymax>127</ymax>
    </bndbox>
  </object>
  <object>
    <name>word</name>
    <difficult>0</difficult>
    <bndbox>
      <xmin>536</xmin>
      <ymin>116</ymin>
      <xmax>585</xmax>
      <ymax>126</ymax>
    </bndbox>
  </object>
  <object>
    <name>word</name>
    <difficult>0</difficult>
    <bndbox>
      <xmin>87</xmin>
      <ymin>99</ymin>
      <xmax>104</xmax>
      <ymax>119</ymax>
    </bndbox>
  </object>
  <object>
    <name>word</name>
    <difficult>0</difficult>
    <bndbox>
      <xmin>106</xmin>
      <ymin>102</ymin>
      <xmax>137</xmax>
      <ymax>117</ymax>
    </bndbox>
  </object>
  <object>
    <name>word</name>
    <difficult>0</difficult>
    <bndbox>
      <xmin>198</xmin>
      <ymin>105</ymin>
      <xmax>233</xmax>
      <ymax>119</ymax>
    </bndbox>
  </object>
  <object>
    <name>word</name>
    <difficult>0</difficult>
    <bndbox>
      <xmin>270</xmin>
      <ymin>99</ymin>
      <xmax>297</xmax>
      <ymax>116</ymax>
    </bndbox>
  </object>
  <object>
    <name>word</name>
    <difficult>0</difficult>
    <bndbox>
      <xmin>373</xmin>
      <ymin>102</ymin>
      <xmax>395</xmax>
      <ymax>116</ymax>
    </bndbox>
  </object>
  <object>
    <name>word</name>
    <difficult>0</difficult>
    <bndbox>
      <xmin>426</xmin>
      <ymin>96</ymin>
      <xmax>453</xmax>
      <ymax>114</ymax>
    </bndbox>
  </object>
  <object>
    <name>word</name>
    <difficult>0</difficult>
    <bndbox>
      <xmin>14</xmin>
      <ymin>117</ymin>
      <xmax>39</xmax>
      <ymax>130</ymax>
    </bndbox>
  </object>
  <object>
    <name>word</name>
    <difficult>0</difficult>
    <bndbox>
      <xmin>43</xmin>
      <ymin>120</ymin>
      <xmax>61</xmax>
      <ymax>130</ymax>
    </bndbox>
  </object>
  <object>
    <name>word</name>
    <difficult>0</difficult>
    <bndbox>
      <xmin>60</xmin>
      <ymin>119</ymin>
      <xmax>96</xmax>
      <ymax>130</ymax>
    </bndbox>
  </object>
  <object>
    <name>word</name>
    <difficult>0</difficult>
    <bndbox>
      <xmin>95</xmin>
      <ymin>122</ymin>
      <xmax>147</xmax>
      <ymax>128</ymax>
    </bndbox>
  </object>
  <object>
    <name>word</name>
    <difficult>0</difficult>
    <bndbox>
      <xmin>14</xmin>
      <ymin>130</ymin>
      <xmax>82</xmax>
      <ymax>144</ymax>
    </bndbox>
  </object>
  <object>
    <name>word</name>
    <difficult>0</difficult>
    <bndbox>
      <xmin>87</xmin>
      <ymin>130</ymin>
      <xmax>153</xmax>
      <ymax>148</ymax>
    </bndbox>
  </object>
  <object>
    <name>word</name>
    <difficult>0</difficult>
    <bndbox>
      <xmin>155</xmin>
      <ymin>130</ymin>
      <xmax>204</xmax>
      <ymax>145</ymax>
    </bndbox>
  </object>
  <object>
    <name>word</name>
    <difficult>0</difficult>
    <bndbox>
      <xmin>291</xmin>
      <ymin>128</ymin>
      <xmax>312</xmax>
      <ymax>145</ymax>
    </bndbox>
  </object>
  <object>
    <name>word</name>
    <difficult>0</difficult>
    <bndbox>
      <xmin>323</xmin>
      <ymin>127</ymin>
      <xmax>359</xmax>
      <ymax>147</ymax>
    </bndbox>
  </object>
  <object>
    <name>word</name>
    <difficult>0</difficult>
    <bndbox>
      <xmin>365</xmin>
      <ymin>127</ymin>
      <xmax>445</xmax>
      <ymax>144</ymax>
    </bndbox>
  </object>
  <object>
    <name>word</name>
    <difficult>0</difficult>
    <bndbox>
      <xmin>536</xmin>
      <ymin>124</ymin>
      <xmax>553</xmax>
      <ymax>141</ymax>
    </bndbox>
  </object>
  <object>
    <name>word</name>
    <difficult>0</difficult>
    <bndbox>
      <xmin>559</xmin>
      <ymin>127</ymin>
      <xmax>622</xmax>
      <ymax>141</ymax>
    </bndbox>
  </object>
  <object>
    <name>word</name>
    <difficult>0</difficult>
    <bndbox>
      <xmin>13</xmin>
      <ymin>162</ymin>
      <xmax>28</xmax>
      <ymax>179</ymax>
    </bndbox>
  </object>
  <object>
    <name>word</name>
    <difficult>0</difficult>
    <bndbox>
      <xmin>34</xmin>
      <ymin>163</ymin>
      <xmax>52</xmax>
      <ymax>176</ymax>
    </bndbox>
  </object>
  <object>
    <name>word</name>
    <difficult>0</difficult>
    <bndbox>
      <xmin>57</xmin>
      <ymin>162</ymin>
      <xmax>84</xmax>
      <ymax>177</ymax>
    </bndbox>
  </object>
  <object>
    <name>word</name>
    <difficult>0</difficult>
    <bndbox>
      <xmin>87</xmin>
      <ymin>158</ymin>
      <xmax>137</xmax>
      <ymax>178</ymax>
    </bndbox>
  </object>
  <object>
    <name>word</name>
    <difficult>0</difficult>
    <bndbox>
      <xmin>140</xmin>
      <ymin>158</ymin>
      <xmax>224</xmax>
      <ymax>178</ymax>
    </bndbox>
  </object>
  <object>
    <name>word</name>
    <difficult>0</difficult>
    <bndbox>
      <xmin>225</xmin>
      <ymin>158</ymin>
      <xmax>247</xmax>
      <ymax>173</ymax>
    </bndbox>
  </object>
  <object>
    <name>word</name>
    <difficult>0</difficult>
    <bndbox>
      <xmin>251</xmin>
      <ymin>158</ymin>
      <xmax>268</xmax>
      <ymax>175</ymax>
    </bndbox>
  </object>
  <object>
    <name>word</name>
    <difficult>0</difficult>
    <bndbox>
      <xmin>275</xmin>
      <ymin>158</ymin>
      <xmax>318</xmax>
      <ymax>176</ymax>
    </bndbox>
  </object>
  <object>
    <name>word</name>
    <difficult>0</difficult>
    <bndbox>
      <xmin>105</xmin>
      <ymin>223</ymin>
      <xmax>137</xmax>
      <ymax>238</ymax>
    </bndbox>
  </object>
  <object>
    <name>word</name>
    <difficult>0</difficult>
    <bndbox>
      <xmin>142</xmin>
      <ymin>222</ymin>
      <xmax>162</xmax>
      <ymax>240</ymax>
    </bndbox>
  </object>
  <object>
    <name>word</name>
    <difficult>0</difficult>
    <bndbox>
      <xmin>162</xmin>
      <ymin>223</ymin>
      <xmax>194</xmax>
      <ymax>236</ymax>
    </bndbox>
  </object>
  <object>
    <name>word</name>
    <difficult>0</difficult>
    <bndbox>
      <xmin>203</xmin>
      <ymin>223</ymin>
      <xmax>304</xmax>
      <ymax>234</ymax>
    </bndbox>
  </object>
  <object>
    <name>word</name>
    <difficult>0</difficult>
    <bndbox>
      <xmin>309</xmin>
      <ymin>221</ymin>
      <xmax>323</xmax>
      <ymax>238</ymax>
    </bndbox>
  </object>
  <object>
    <name>word</name>
    <difficult>0</difficult>
    <bndbox>
      <xmin>330</xmin>
      <ymin>221</ymin>
      <xmax>386</xmax>
      <ymax>236</ymax>
    </bndbox>
  </object>
  <object>
    <name>word</name>
    <difficult>0</difficult>
    <bndbox>
      <xmin>390</xmin>
      <ymin>218</ymin>
      <xmax>414</xmax>
      <ymax>239</ymax>
    </bndbox>
  </object>
  <object>
    <name>word</name>
    <difficult>0</difficult>
    <bndbox>
      <xmin>420</xmin>
      <ymin>219</ymin>
      <xmax>495</xmax>
      <ymax>236</ymax>
    </bndbox>
  </object>
  <object>
    <name>word</name>
    <difficult>0</difficult>
    <bndbox>
      <xmin>501</xmin>
      <ymin>218</ymin>
      <xmax>525</xmax>
      <ymax>233</ymax>
    </bndbox>
  </object>
  <object>
    <name>word</name>
    <difficult>0</difficult>
    <bndbox>
      <xmin>532</xmin>
      <ymin>218</ymin>
      <xmax>575</xmax>
      <ymax>236</ymax>
    </bndbox>
  </object>
  <object>
    <name>word</name>
    <difficult>0</difficult>
    <bndbox>
      <xmin>584</xmin>
      <ymin>215</ymin>
      <xmax>599</xmax>
      <ymax>236</ymax>
    </bndbox>
  </object>
  <object>
    <name>word</name>
    <difficult>0</difficult>
    <bndbox>
      <xmin>608</xmin>
      <ymin>218</ymin>
      <xmax>683</xmax>
      <ymax>232</ymax>
    </bndbox>
  </object>
  <object>
    <name>word</name>
    <difficult>0</difficult>
    <bndbox>
      <xmin>103</xmin>
      <ymin>246</ymin>
      <xmax>118</xmax>
      <ymax>263</ymax>
    </bndbox>
  </object>
  <object>
    <name>word</name>
    <difficult>0</difficult>
    <bndbox>
      <xmin>124</xmin>
      <ymin>246</ymin>
      <xmax>197</xmax>
      <ymax>260</ymax>
    </bndbox>
  </object>
  <object>
    <name>word</name>
    <difficult>0</difficult>
    <bndbox>
      <xmin>203</xmin>
      <ymin>246</ymin>
      <xmax>227</xmax>
      <ymax>260</ymax>
    </bndbox>
  </object>
  <object>
    <name>word</name>
    <difficult>0</difficult>
    <bndbox>
      <xmin>232</xmin>
      <ymin>246</ymin>
      <xmax>263</xmax>
      <ymax>260</ymax>
    </bndbox>
  </object>
  <object>
    <name>word</name>
    <difficult>0</difficult>
    <bndbox>
      <xmin>268</xmin>
      <ymin>243</ymin>
      <xmax>296</xmax>
      <ymax>261</ymax>
    </bndbox>
  </object>
  <object>
    <name>word</name>
    <difficult>0</difficult>
    <bndbox>
      <xmin>300</xmin>
      <ymin>244</ymin>
      <xmax>321</xmax>
      <ymax>261</ymax>
    </bndbox>
  </object>
  <object>
    <name>word</name>
    <difficult>0</difficult>
    <bndbox>
      <xmin>330</xmin>
      <ymin>243</ymin>
      <xmax>352</xmax>
      <ymax>261</ymax>
    </bndbox>
  </object>
  <object>
    <name>word</name>
    <difficult>0</difficult>
    <bndbox>
      <xmin>359</xmin>
      <ymin>243</ymin>
      <xmax>427</xmax>
      <ymax>258</ymax>
    </bndbox>
  </object>
  <object>
    <name>word</name>
    <difficult>0</difficult>
    <bndbox>
      <xmin>432</xmin>
      <ymin>242</ymin>
      <xmax>475</xmax>
      <ymax>260</ymax>
    </bndbox>
  </object>
  <object>
    <name>word</name>
    <difficult>0</difficult>
    <bndbox>
      <xmin>478</xmin>
      <ymin>243</ymin>
      <xmax>498</xmax>
      <ymax>257</ymax>
    </bndbox>
  </object>
  <object>
    <name>word</name>
    <difficult>0</difficult>
    <bndbox>
      <xmin>500</xmin>
      <ymin>243</ymin>
      <xmax>525</xmax>
      <ymax>257</ymax>
    </bndbox>
  </object>
  <object>
    <name>word</name>
    <difficult>0</difficult>
    <bndbox>
      <xmin>532</xmin>
      <ymin>242</ymin>
      <xmax>616</xmax>
      <ymax>257</ymax>
    </bndbox>
  </object>
  <object>
    <name>word</name>
    <difficult>0</difficult>
    <bndbox>
      <xmin>620</xmin>
      <ymin>242</ymin>
      <xmax>691</xmax>
      <ymax>257</ymax>
    </bndbox>
  </object>
  <object>
    <name>word</name>
    <difficult>0</difficult>
    <bndbox>
      <xmin>103</xmin>
      <ymin>275</ymin>
      <xmax>124</xmax>
      <ymax>290</ymax>
    </bndbox>
  </object>
  <object>
    <name>word</name>
    <difficult>0</difficult>
    <bndbox>
      <xmin>127</xmin>
      <ymin>277</ymin>
      <xmax>166</xmax>
      <ymax>291</ymax>
    </bndbox>
  </object>
  <object>
    <name>word</name>
    <difficult>0</difficult>
    <bndbox>
      <xmin>172</xmin>
      <ymin>275</ymin>
      <xmax>246</xmax>
      <ymax>290</ymax>
    </bndbox>
  </object>
  <object>
    <name>word</name>
    <difficult>0</difficult>
    <bndbox>
      <xmin>254</xmin>
      <ymin>275</ymin>
      <xmax>338</xmax>
      <ymax>290</ymax>
    </bndbox>
  </object>
  <object>
    <name>word</name>
    <difficult>0</difficult>
    <bndbox>
      <xmin>345</xmin>
      <ymin>274</ymin>
      <xmax>370</xmax>
      <ymax>287</ymax>
    </bndbox>
  </object>
  <object>
    <name>word</name>
    <difficult>0</difficult>
    <bndbox>
      <xmin>376</xmin>
      <ymin>275</ymin>
      <xmax>422</xmax>
      <ymax>289</ymax>
    </bndbox>
  </object>
  <object>
    <name>word</name>
    <difficult>0</difficult>
    <bndbox>
      <xmin>427</xmin>
      <ymin>274</ymin>
      <xmax>497</xmax>
      <ymax>289</ymax>
    </bndbox>
  </object>
  <object>
    <name>word</name>
    <difficult>0</difficult>
    <bndbox>
      <xmin>503</xmin>
      <ymin>274</ymin>
      <xmax>571</xmax>
      <ymax>288</ymax>
    </bndbox>
  </object>
  <object>
    <name>word</name>
    <difficult>0</difficult>
    <bndbox>
      <xmin>577</xmin>
      <ymin>272</ymin>
      <xmax>606</xmax>
      <ymax>289</ymax>
    </bndbox>
  </object>
  <object>
    <name>word</name>
    <difficult>0</difficult>
    <bndbox>
      <xmin>615</xmin>
      <ymin>270</ymin>
      <xmax>637</xmax>
      <ymax>291</ymax>
    </bndbox>
  </object>
  <object>
    <name>word</name>
    <difficult>0</difficult>
    <bndbox>
      <xmin>642</xmin>
      <ymin>274</ymin>
      <xmax>653</xmax>
      <ymax>289</ymax>
    </bndbox>
  </object>
  <object>
    <name>word</name>
    <difficult>0</difficult>
    <bndbox>
      <xmin>106</xmin>
      <ymin>300</ymin>
      <xmax>144</xmax>
      <ymax>315</ymax>
    </bndbox>
  </object>
  <object>
    <name>word</name>
    <difficult>0</difficult>
    <bndbox>
      <xmin>149</xmin>
      <ymin>300</ymin>
      <xmax>188</xmax>
      <ymax>315</ymax>
    </bndbox>
  </object>
  <object>
    <name>word</name>
    <difficult>0</difficult>
    <bndbox>
      <xmin>191</xmin>
      <ymin>299</ymin>
      <xmax>211</xmax>
      <ymax>314</ymax>
    </bndbox>
  </object>
  <object>
    <name>word</name>
    <difficult>0</difficult>
    <bndbox>
      <xmin>221</xmin>
      <ymin>296</ymin>
      <xmax>278</xmax>
      <ymax>316</ymax>
    </bndbox>
  </object>
  <object>
    <name>word</name>
    <difficult>0</difficult>
    <bndbox>
      <xmin>292</xmin>
      <ymin>297</ymin>
      <xmax>330</xmax>
      <ymax>312</ymax>
    </bndbox>
  </object>
  <object>
    <name>word</name>
    <difficult>0</difficult>
    <bndbox>
      <xmin>334</xmin>
      <ymin>299</ymin>
      <xmax>368</xmax>
      <ymax>313</ymax>
    </bndbox>
  </object>
  <object>
    <name>word</name>
    <difficult>0</difficult>
    <bndbox>
      <xmin>372</xmin>
      <ymin>297</ymin>
      <xmax>392</xmax>
      <ymax>311</ymax>
    </bndbox>
  </object>
  <object>
    <name>word</name>
    <difficult>0</difficult>
    <bndbox>
      <xmin>397</xmin>
      <ymin>297</ymin>
      <xmax>470</xmax>
      <ymax>311</ymax>
    </bndbox>
  </object>
  <object>
    <name>word</name>
    <difficult>0</difficult>
    <bndbox>
      <xmin>472</xmin>
      <ymin>296</ymin>
      <xmax>490</xmax>
      <ymax>310</ymax>
    </bndbox>
  </object>
  <object>
    <name>word</name>
    <difficult>0</difficult>
    <bndbox>
      <xmin>496</xmin>
      <ymin>296</ymin>
      <xmax>576</xmax>
      <ymax>310</ymax>
    </bndbox>
  </object>
  <object>
    <name>word</name>
    <difficult>0</difficult>
    <bndbox>
      <xmin>574</xmin>
      <ymin>296</ymin>
      <xmax>609</xmax>
      <ymax>310</ymax>
    </bndbox>
  </object>
  <object>
    <name>word</name>
    <difficult>0</difficult>
    <bndbox>
      <xmin>613</xmin>
      <ymin>297</ymin>
      <xmax>642</xmax>
      <ymax>311</ymax>
    </bndbox>
  </object>
  <object>
    <name>word</name>
    <difficult>0</difficult>
    <bndbox>
      <xmin>105</xmin>
      <ymin>330</ymin>
      <xmax>165</xmax>
      <ymax>345</ymax>
    </bndbox>
  </object>
  <object>
    <name>word</name>
    <difficult>0</difficult>
    <bndbox>
      <xmin>169</xmin>
      <ymin>331</ymin>
      <xmax>197</xmax>
      <ymax>348</ymax>
    </bndbox>
  </object>
  <object>
    <name>word</name>
    <difficult>0</difficult>
    <bndbox>
      <xmin>203</xmin>
      <ymin>327</ymin>
      <xmax>235</xmax>
      <ymax>345</ymax>
    </bndbox>
  </object>
  <object>
    <name>word</name>
    <difficult>0</difficult>
    <bndbox>
      <xmin>242</xmin>
      <ymin>328</ymin>
      <xmax>285</xmax>
      <ymax>346</ymax>
    </bndbox>
  </object>
  <object>
    <name>word</name>
    <difficult>0</difficult>
    <bndbox>
      <xmin>293</xmin>
      <ymin>332</ymin>
      <xmax>363</xmax>
      <ymax>343</ymax>
    </bndbox>
  </object>
  <object>
    <name>word</name>
    <difficult>0</difficult>
    <bndbox>
      <xmin>366</xmin>
      <ymin>328</ymin>
      <xmax>423</xmax>
      <ymax>343</ymax>
    </bndbox>
  </object>
  <object>
    <name>word</name>
    <difficult>0</difficult>
    <bndbox>
      <xmin>427</xmin>
      <ymin>328</ymin>
      <xmax>542</xmax>
      <ymax>343</ymax>
    </bndbox>
  </object>
  <object>
    <name>word</name>
    <difficult>0</difficult>
    <bndbox>
      <xmin>549</xmin>
      <ymin>328</ymin>
      <xmax>623</xmax>
      <ymax>343</ymax>
    </bndbox>
  </object>
  <object>
    <name>word</name>
    <difficult>0</difficult>
    <bndbox>
      <xmin>630</xmin>
      <ymin>327</ymin>
      <xmax>652</xmax>
      <ymax>341</ymax>
    </bndbox>
  </object>
  <object>
    <name>word</name>
    <difficult>0</difficult>
    <bndbox>
      <xmin>105</xmin>
      <ymin>355</ymin>
      <xmax>179</xmax>
      <ymax>369</ymax>
    </bndbox>
  </object>
  <object>
    <name>word</name>
    <difficult>0</difficult>
    <bndbox>
      <xmin>197</xmin>
      <ymin>355</ymin>
      <xmax>212</xmax>
      <ymax>369</ymax>
    </bndbox>
  </object>
  <object>
    <name>word</name>
    <difficult>0</difficult>
    <bndbox>
      <xmin>223</xmin>
      <ymin>353</ymin>
      <xmax>255</xmax>
      <ymax>368</ymax>
    </bndbox>
  </object>
  <object>
    <name>word</name>
    <difficult>0</difficult>
    <bndbox>
      <xmin>265</xmin>
      <ymin>353</ymin>
      <xmax>279</xmax>
      <ymax>367</ymax>
    </bndbox>
  </object>
  <object>
    <name>word</name>
    <difficult>0</difficult>
    <bndbox>
      <xmin>285</xmin>
      <ymin>355</ymin>
      <xmax>302</xmax>
      <ymax>366</ymax>
    </bndbox>
  </object>
  <object>
    <name>word</name>
    <difficult>0</difficult>
    <bndbox>
      <xmin>307</xmin>
      <ymin>353</ymin>
      <xmax>324</xmax>
      <ymax>366</ymax>
    </bndbox>
  </object>
  <object>
    <name>word</name>
    <difficult>0</difficult>
    <bndbox>
      <xmin>330</xmin>
      <ymin>353</ymin>
      <xmax>415</xmax>
      <ymax>366</ymax>
    </bndbox>
  </object>
  <object>
    <name>word</name>
    <difficult>0</difficult>
    <bndbox>
      <xmin>419</xmin>
      <ymin>352</ymin>
      <xmax>453</xmax>
      <ymax>366</ymax>
    </bndbox>
  </object>
  <object>
    <name>word</name>
    <difficult>0</difficult>
    <bndbox>
      <xmin>457</xmin>
      <ymin>352</ymin>
      <xmax>485</xmax>
      <ymax>367</ymax>
    </bndbox>
  </object>
  <object>
    <name>word</name>
    <difficult>0</difficult>
    <bndbox>
      <xmin>486</xmin>
      <ymin>352</ymin>
      <xmax>508</xmax>
      <ymax>366</ymax>
    </bndbox>
  </object>
  <object>
    <name>word</name>
    <difficult>0</difficult>
    <bndbox>
      <xmin>517</xmin>
      <ymin>351</ymin>
      <xmax>556</xmax>
      <ymax>366</ymax>
    </bndbox>
  </object>
  <object>
    <name>word</name>
    <difficult>0</difficult>
    <bndbox>
      <xmin>559</xmin>
      <ymin>348</ymin>
      <xmax>637</xmax>
      <ymax>366</ymax>
    </bndbox>
  </object>
  <object>
    <name>word</name>
    <difficult>0</difficult>
    <bndbox>
      <xmin>106</xmin>
      <ymin>383</ymin>
      <xmax>144</xmax>
      <ymax>403</ymax>
    </bndbox>
  </object>
  <object>
    <name>word</name>
    <difficult>0</difficult>
    <bndbox>
      <xmin>148</xmin>
      <ymin>383</ymin>
      <xmax>212</xmax>
      <ymax>401</ymax>
    </bndbox>
  </object>
  <object>
    <name>word</name>
    <difficult>0</difficult>
    <bndbox>
      <xmin>647</xmin>
      <ymin>186</ymin>
      <xmax>678</xmax>
      <ymax>200</ymax>
    </bndbox>
  </object>
  <object>
    <name>word</name>
    <difficult>0</difficult>
    <bndbox>
      <xmin>679</xmin>
      <ymin>184</ymin>
      <xmax>710</xmax>
      <ymax>201</ymax>
    </bndbox>
  </object>
  <object>
    <name>word</name>
    <difficult>0</difficult>
    <bndbox>
      <xmin>91</xmin>
      <ymin>655</ymin>
      <xmax>137</xmax>
      <ymax>668</ymax>
    </bndbox>
  </object>
  <object>
    <name>word</name>
    <difficult>0</difficult>
    <bndbox>
      <xmin>138</xmin>
      <ymin>654</ymin>
      <xmax>152</xmax>
      <ymax>668</ymax>
    </bndbox>
  </object>
  <object>
    <name>word</name>
    <difficult>0</difficult>
    <bndbox>
      <xmin>154</xmin>
      <ymin>654</ymin>
      <xmax>185</xmax>
      <ymax>668</ymax>
    </bndbox>
  </object>
  <object>
    <name>word</name>
    <difficult>0</difficult>
    <bndbox>
      <xmin>106</xmin>
      <ymin>708</ymin>
      <xmax>152</xmax>
      <ymax>723</ymax>
    </bndbox>
  </object>
  <object>
    <name>word</name>
    <difficult>0</difficult>
    <bndbox>
      <xmin>152</xmin>
      <ymin>709</ymin>
      <xmax>172</xmax>
      <ymax>722</ymax>
    </bndbox>
  </object>
  <object>
    <name>word</name>
    <difficult>0</difficult>
    <bndbox>
      <xmin>338</xmin>
      <ymin>654</ymin>
      <xmax>405</xmax>
      <ymax>668</ymax>
    </bndbox>
  </object>
  <object>
    <name>word</name>
    <difficult>0</difficult>
    <bndbox>
      <xmin>406</xmin>
      <ymin>655</ymin>
      <xmax>426</xmax>
      <ymax>666</ymax>
    </bndbox>
  </object>
  <object>
    <name>word</name>
    <difficult>0</difficult>
    <bndbox>
      <xmin>589</xmin>
      <ymin>654</ymin>
      <xmax>627</xmax>
      <ymax>669</ymax>
    </bndbox>
  </object>
  <object>
    <name>word</name>
    <difficult>0</difficult>
    <bndbox>
      <xmin>630</xmin>
      <ymin>652</ymin>
      <xmax>648</xmax>
      <ymax>667</ymax>
    </bndbox>
  </object>
  <object>
    <name>word</name>
    <difficult>0</difficult>
    <bndbox>
      <xmin>292</xmin>
      <ymin>711</ymin>
      <xmax>323</xmax>
      <ymax>725</ymax>
    </bndbox>
  </object>
  <object>
    <name>word</name>
    <difficult>0</difficult>
    <bndbox>
      <xmin>327</xmin>
      <ymin>708</ymin>
      <xmax>345</xmax>
      <ymax>725</ymax>
    </bndbox>
  </object>
  <object>
    <name>word</name>
    <difficult>0</difficult>
    <bndbox>
      <xmin>412</xmin>
      <ymin>708</ymin>
      <xmax>446</xmax>
      <ymax>725</ymax>
    </bndbox>
  </object>
  <object>
    <name>word</name>
    <difficult>0</difficult>
    <bndbox>
      <xmin>447</xmin>
      <ymin>708</ymin>
      <xmax>467</xmax>
      <ymax>725</ymax>
    </bndbox>
  </object>
  <object>
    <name>word</name>
    <difficult>0</difficult>
    <bndbox>
      <xmin>582</xmin>
      <ymin>708</ymin>
      <xmax>636</xmax>
      <ymax>723</ymax>
    </bndbox>
  </object>
  <object>
    <name>word</name>
    <difficult>0</difficult>
    <bndbox>
      <xmin>642</xmin>
      <ymin>708</ymin>
      <xmax>656</xmax>
      <ymax>725</ymax>
    </bndbox>
  </object>
</annotation>
