<annotation>
  <folder>VOC2007</folder>
  <filename>01122115.json</filename>
  <owner>
    <name>HengTian</name>
  </owner>
  <size>
    <width>766</width>
    <height>1000</height>
    <depth>1</depth>
  </size>
  <segmented>0</segmented>
  <object>
    <name>word</name>
    <difficult>0</difficult>
    <bndbox>
      <xmin>603</xmin>
      <ymin>38</ymin>
      <xmax>624</xmax>
      <ymax>59</ymax>
    </bndbox>
  </object>
  <object>
    <name>word</name>
    <difficult>0</difficult>
    <bndbox>
      <xmin>568</xmin>
      <ymin>89</ymin>
      <xmax>607</xmax>
      <ymax>110</ymax>
    </bndbox>
  </object>
  <object>
    <name>word</name>
    <difficult>0</difficult>
    <bndbox>
      <xmin>43</xmin>
      <ymin>504</ymin>
      <xmax>114</xmax>
      <ymax>526</ymax>
    </bndbox>
  </object>
  <object>
    <name>word</name>
    <difficult>0</difficult>
    <bndbox>
      <xmin>45</xmin>
      <ymin>166</ymin>
      <xmax>94</xmax>
      <ymax>188</ymax>
    </bndbox>
  </object>
  <object>
    <name>word</name>
    <difficult>0</difficult>
    <bndbox>
      <xmin>49</xmin>
      <ymin>119</ymin>
      <xmax>119</xmax>
      <ymax>136</ymax>
    </bndbox>
  </object>
  <object>
    <name>word</name>
    <difficult>0</difficult>
    <bndbox>
      <xmin>223</xmin>
      <ymin>792</ymin>
      <xmax>283</xmax>
      <ymax>810</ymax>
    </bndbox>
  </object>
  <object>
    <name>word</name>
    <difficult>0</difficult>
    <bndbox>
      <xmin>330</xmin>
      <ymin>793</ymin>
      <xmax>375</xmax>
      <ymax>808</ymax>
    </bndbox>
  </object>
  <object>
    <name>word</name>
    <difficult>0</difficult>
    <bndbox>
      <xmin>469</xmin>
      <ymin>793</ymin>
      <xmax>512</xmax>
      <ymax>811</ymax>
    </bndbox>
  </object>
  <object>
    <name>word</name>
    <difficult>0</difficult>
    <bndbox>
      <xmin>602</xmin>
      <ymin>792</ymin>
      <xmax>679</xmax>
      <ymax>814</ymax>
    </bndbox>
  </object>
  <object>
    <name>word</name>
    <difficult>0</difficult>
    <bndbox>
      <xmin>628</xmin>
      <ymin>39</ymin>
      <xmax>664</xmax>
      <ymax>57</ymax>
    </bndbox>
  </object>
  <object>
    <name>word</name>
    <difficult>0</difficult>
    <bndbox>
      <xmin>640</xmin>
      <ymin>117</ymin>
      <xmax>657</xmax>
      <ymax>134</ymax>
    </bndbox>
  </object>
  <object>
    <name>word</name>
    <difficult>0</difficult>
    <bndbox>
      <xmin>623</xmin>
      <ymin>117</ymin>
      <xmax>638</xmax>
      <ymax>134</ymax>
    </bndbox>
  </object>
  <object>
    <name>word</name>
    <difficult>0</difficult>
    <bndbox>
      <xmin>624</xmin>
      <ymin>142</ymin>
      <xmax>665</xmax>
      <ymax>159</ymax>
    </bndbox>
  </object>
  <object>
    <name>word</name>
    <difficult>0</difficult>
    <bndbox>
      <xmin>623</xmin>
      <ymin>168</ymin>
      <xmax>670</xmax>
      <ymax>188</ymax>
    </bndbox>
  </object>
  <object>
    <name>word</name>
    <difficult>0</difficult>
    <bndbox>
      <xmin>626</xmin>
      <ymin>194</ymin>
      <xmax>667</xmax>
      <ymax>211</ymax>
    </bndbox>
  </object>
  <object>
    <name>word</name>
    <difficult>0</difficult>
    <bndbox>
      <xmin>624</xmin>
      <ymin>219</ymin>
      <xmax>665</xmax>
      <ymax>239</ymax>
    </bndbox>
  </object>
  <object>
    <name>word</name>
    <difficult>0</difficult>
    <bndbox>
      <xmin>635</xmin>
      <ymin>250</ymin>
      <xmax>649</xmax>
      <ymax>264</ymax>
    </bndbox>
  </object>
  <object>
    <name>word</name>
    <difficult>0</difficult>
    <bndbox>
      <xmin>626</xmin>
      <ymin>270</ymin>
      <xmax>665</xmax>
      <ymax>291</ymax>
    </bndbox>
  </object>
  <object>
    <name>word</name>
    <difficult>0</difficult>
    <bndbox>
      <xmin>257</xmin>
      <ymin>163</ymin>
      <xmax>307</xmax>
      <ymax>183</ymax>
    </bndbox>
  </object>
  <object>
    <name>word</name>
    <difficult>0</difficult>
    <bndbox>
      <xmin>268</xmin>
      <ymin>297</ymin>
      <xmax>299</xmax>
      <ymax>315</ymax>
    </bndbox>
  </object>
  <object>
    <name>word</name>
    <difficult>0</difficult>
    <bndbox>
      <xmin>249</xmin>
      <ymin>349</ymin>
      <xmax>267</xmax>
      <ymax>367</ymax>
    </bndbox>
  </object>
  <object>
    <name>word</name>
    <difficult>0</difficult>
    <bndbox>
      <xmin>268</xmin>
      <ymin>348</ymin>
      <xmax>290</xmax>
      <ymax>368</ymax>
    </bndbox>
  </object>
  <object>
    <name>word</name>
    <difficult>0</difficult>
    <bndbox>
      <xmin>652</xmin>
      <ymin>402</ymin>
      <xmax>690</xmax>
      <ymax>420</ymax>
    </bndbox>
  </object>
  <object>
    <name>word</name>
    <difficult>0</difficult>
    <bndbox>
      <xmin>346</xmin>
      <ymin>709</ymin>
      <xmax>403</xmax>
      <ymax>733</ymax>
    </bndbox>
  </object>
  <object>
    <name>word</name>
    <difficult>0</difficult>
    <bndbox>
      <xmin>226</xmin>
      <ymin>767</ymin>
      <xmax>261</xmax>
      <ymax>781</ymax>
    </bndbox>
  </object>
  <object>
    <name>word</name>
    <difficult>0</difficult>
    <bndbox>
      <xmin>649</xmin>
      <ymin>714</ymin>
      <xmax>677</xmax>
      <ymax>736</ymax>
    </bndbox>
  </object>
  <object>
    <name>word</name>
    <difficult>0</difficult>
    <bndbox>
      <xmin>588</xmin>
      <ymin>767</ymin>
      <xmax>635</xmax>
      <ymax>787</ymax>
    </bndbox>
  </object>
  <object>
    <name>word</name>
    <difficult>0</difficult>
    <bndbox>
      <xmin>719</xmin>
      <ymin>872</ymin>
      <xmax>739</xmax>
      <ymax>967</ymax>
    </bndbox>
  </object>
  <object>
    <name>word</name>
    <difficult>0</difficult>
    <bndbox>
      <xmin>43</xmin>
      <ymin>63</ymin>
      <xmax>65</xmax>
      <ymax>83</ymax>
    </bndbox>
  </object>
  <object>
    <name>word</name>
    <difficult>0</difficult>
    <bndbox>
      <xmin>71</xmin>
      <ymin>64</ymin>
      <xmax>155</xmax>
      <ymax>82</ymax>
    </bndbox>
  </object>
  <object>
    <name>word</name>
    <difficult>0</difficult>
    <bndbox>
      <xmin>161</xmin>
      <ymin>63</ymin>
      <xmax>189</xmax>
      <ymax>83</ymax>
    </bndbox>
  </object>
  <object>
    <name>word</name>
    <difficult>0</difficult>
    <bndbox>
      <xmin>109</xmin>
      <ymin>89</ymin>
      <xmax>184</xmax>
      <ymax>107</ymax>
    </bndbox>
  </object>
  <object>
    <name>word</name>
    <difficult>0</difficult>
    <bndbox>
      <xmin>190</xmin>
      <ymin>91</ymin>
      <xmax>210</xmax>
      <ymax>108</ymax>
    </bndbox>
  </object>
  <object>
    <name>word</name>
    <difficult>0</difficult>
    <bndbox>
      <xmin>208</xmin>
      <ymin>88</ymin>
      <xmax>229</xmax>
      <ymax>109</ymax>
    </bndbox>
  </object>
  <object>
    <name>word</name>
    <difficult>0</difficult>
    <bndbox>
      <xmin>229</xmin>
      <ymin>87</ymin>
      <xmax>256</xmax>
      <ymax>105</ymax>
    </bndbox>
  </object>
  <object>
    <name>word</name>
    <difficult>0</difficult>
    <bndbox>
      <xmin>47</xmin>
      <ymin>88</ymin>
      <xmax>74</xmax>
      <ymax>109</ymax>
    </bndbox>
  </object>
  <object>
    <name>word</name>
    <difficult>0</difficult>
    <bndbox>
      <xmin>75</xmin>
      <ymin>91</ymin>
      <xmax>102</xmax>
      <ymax>109</ymax>
    </bndbox>
  </object>
  <object>
    <name>word</name>
    <difficult>0</difficult>
    <bndbox>
      <xmin>46</xmin>
      <ymin>142</ymin>
      <xmax>85</xmax>
      <ymax>160</ymax>
    </bndbox>
  </object>
  <object>
    <name>word</name>
    <difficult>0</difficult>
    <bndbox>
      <xmin>91</xmin>
      <ymin>141</ymin>
      <xmax>120</xmax>
      <ymax>163</ymax>
    </bndbox>
  </object>
  <object>
    <name>word</name>
    <difficult>0</difficult>
    <bndbox>
      <xmin>45</xmin>
      <ymin>194</ymin>
      <xmax>92</xmax>
      <ymax>214</ymax>
    </bndbox>
  </object>
  <object>
    <name>word</name>
    <difficult>0</difficult>
    <bndbox>
      <xmin>99</xmin>
      <ymin>196</ymin>
      <xmax>156</xmax>
      <ymax>214</ymax>
    </bndbox>
  </object>
  <object>
    <name>word</name>
    <difficult>0</difficult>
    <bndbox>
      <xmin>161</xmin>
      <ymin>198</ymin>
      <xmax>183</xmax>
      <ymax>211</ymax>
    </bndbox>
  </object>
  <object>
    <name>word</name>
    <difficult>0</difficult>
    <bndbox>
      <xmin>189</xmin>
      <ymin>196</ymin>
      <xmax>246</xmax>
      <ymax>211</ymax>
    </bndbox>
  </object>
  <object>
    <name>word</name>
    <difficult>0</difficult>
    <bndbox>
      <xmin>46</xmin>
      <ymin>221</ymin>
      <xmax>92</xmax>
      <ymax>236</ymax>
    </bndbox>
  </object>
  <object>
    <name>word</name>
    <difficult>0</difficult>
    <bndbox>
      <xmin>98</xmin>
      <ymin>222</ymin>
      <xmax>155</xmax>
      <ymax>239</ymax>
    </bndbox>
  </object>
  <object>
    <name>word</name>
    <difficult>0</difficult>
    <bndbox>
      <xmin>162</xmin>
      <ymin>222</ymin>
      <xmax>183</xmax>
      <ymax>237</ymax>
    </bndbox>
  </object>
  <object>
    <name>word</name>
    <difficult>0</difficult>
    <bndbox>
      <xmin>190</xmin>
      <ymin>221</ymin>
      <xmax>247</xmax>
      <ymax>239</ymax>
    </bndbox>
  </object>
  <object>
    <name>word</name>
    <difficult>0</difficult>
    <bndbox>
      <xmin>41</xmin>
      <ymin>246</ymin>
      <xmax>58</xmax>
      <ymax>266</ymax>
    </bndbox>
  </object>
  <object>
    <name>word</name>
    <difficult>0</difficult>
    <bndbox>
      <xmin>63</xmin>
      <ymin>244</ymin>
      <xmax>137</xmax>
      <ymax>264</ymax>
    </bndbox>
  </object>
  <object>
    <name>word</name>
    <difficult>0</difficult>
    <bndbox>
      <xmin>144</xmin>
      <ymin>246</ymin>
      <xmax>166</xmax>
      <ymax>264</ymax>
    </bndbox>
  </object>
  <object>
    <name>word</name>
    <difficult>0</difficult>
    <bndbox>
      <xmin>172</xmin>
      <ymin>246</ymin>
      <xmax>203</xmax>
      <ymax>263</ymax>
    </bndbox>
  </object>
  <object>
    <name>word</name>
    <difficult>0</difficult>
    <bndbox>
      <xmin>42</xmin>
      <ymin>270</ymin>
      <xmax>94</xmax>
      <ymax>290</ymax>
    </bndbox>
  </object>
  <object>
    <name>word</name>
    <difficult>0</difficult>
    <bndbox>
      <xmin>96</xmin>
      <ymin>272</ymin>
      <xmax>128</xmax>
      <ymax>289</ymax>
    </bndbox>
  </object>
  <object>
    <name>word</name>
    <difficult>0</difficult>
    <bndbox>
      <xmin>256</xmin>
      <ymin>119</ymin>
      <xmax>274</xmax>
      <ymax>134</ymax>
    </bndbox>
  </object>
  <object>
    <name>word</name>
    <difficult>0</difficult>
    <bndbox>
      <xmin>277</xmin>
      <ymin>116</ymin>
      <xmax>295</xmax>
      <ymax>134</ymax>
    </bndbox>
  </object>
  <object>
    <name>word</name>
    <difficult>0</difficult>
    <bndbox>
      <xmin>254</xmin>
      <ymin>191</ymin>
      <xmax>276</xmax>
      <ymax>209</ymax>
    </bndbox>
  </object>
  <object>
    <name>word</name>
    <difficult>0</difficult>
    <bndbox>
      <xmin>277</xmin>
      <ymin>194</ymin>
      <xmax>313</xmax>
      <ymax>211</ymax>
    </bndbox>
  </object>
  <object>
    <name>word</name>
    <difficult>0</difficult>
    <bndbox>
      <xmin>204</xmin>
      <ymin>272</ymin>
      <xmax>279</xmax>
      <ymax>289</ymax>
    </bndbox>
  </object>
  <object>
    <name>word</name>
    <difficult>0</difficult>
    <bndbox>
      <xmin>285</xmin>
      <ymin>272</ymin>
      <xmax>363</xmax>
      <ymax>289</ymax>
    </bndbox>
  </object>
  <object>
    <name>word</name>
    <difficult>0</difficult>
    <bndbox>
      <xmin>42</xmin>
      <ymin>297</ymin>
      <xmax>83</xmax>
      <ymax>317</ymax>
    </bndbox>
  </object>
  <object>
    <name>word</name>
    <difficult>0</difficult>
    <bndbox>
      <xmin>92</xmin>
      <ymin>297</ymin>
      <xmax>112</xmax>
      <ymax>315</ymax>
    </bndbox>
  </object>
  <object>
    <name>word</name>
    <difficult>0</difficult>
    <bndbox>
      <xmin>116</xmin>
      <ymin>299</ymin>
      <xmax>147</xmax>
      <ymax>312</ymax>
    </bndbox>
  </object>
  <object>
    <name>word</name>
    <difficult>0</difficult>
    <bndbox>
      <xmin>43</xmin>
      <ymin>323</ymin>
      <xmax>100</xmax>
      <ymax>343</ymax>
    </bndbox>
  </object>
  <object>
    <name>word</name>
    <difficult>0</difficult>
    <bndbox>
      <xmin>109</xmin>
      <ymin>323</ymin>
      <xmax>131</xmax>
      <ymax>340</ymax>
    </bndbox>
  </object>
  <object>
    <name>word</name>
    <difficult>0</difficult>
    <bndbox>
      <xmin>133</xmin>
      <ymin>323</ymin>
      <xmax>167</xmax>
      <ymax>341</ymax>
    </bndbox>
  </object>
  <object>
    <name>word</name>
    <difficult>0</difficult>
    <bndbox>
      <xmin>237</xmin>
      <ymin>323</ymin>
      <xmax>271</xmax>
      <ymax>344</ymax>
    </bndbox>
  </object>
  <object>
    <name>word</name>
    <difficult>0</difficult>
    <bndbox>
      <xmin>274</xmin>
      <ymin>323</ymin>
      <xmax>305</xmax>
      <ymax>343</ymax>
    </bndbox>
  </object>
  <object>
    <name>word</name>
    <difficult>0</difficult>
    <bndbox>
      <xmin>43</xmin>
      <ymin>348</ymin>
      <xmax>90</xmax>
      <ymax>366</ymax>
    </bndbox>
  </object>
  <object>
    <name>word</name>
    <difficult>0</difficult>
    <bndbox>
      <xmin>98</xmin>
      <ymin>348</ymin>
      <xmax>119</xmax>
      <ymax>366</ymax>
    </bndbox>
  </object>
  <object>
    <name>word</name>
    <difficult>0</difficult>
    <bndbox>
      <xmin>126</xmin>
      <ymin>349</ymin>
      <xmax>155</xmax>
      <ymax>367</ymax>
    </bndbox>
  </object>
  <object>
    <name>word</name>
    <difficult>0</difficult>
    <bndbox>
      <xmin>41</xmin>
      <ymin>374</ymin>
      <xmax>83</xmax>
      <ymax>392</ymax>
    </bndbox>
  </object>
  <object>
    <name>word</name>
    <difficult>0</difficult>
    <bndbox>
      <xmin>91</xmin>
      <ymin>376</ymin>
      <xmax>132</xmax>
      <ymax>396</ymax>
    </bndbox>
  </object>
  <object>
    <name>word</name>
    <difficult>0</difficult>
    <bndbox>
      <xmin>137</xmin>
      <ymin>376</ymin>
      <xmax>155</xmax>
      <ymax>396</ymax>
    </bndbox>
  </object>
  <object>
    <name>word</name>
    <difficult>0</difficult>
    <bndbox>
      <xmin>162</xmin>
      <ymin>373</ymin>
      <xmax>194</xmax>
      <ymax>393</ymax>
    </bndbox>
  </object>
  <object>
    <name>word</name>
    <difficult>0</difficult>
    <bndbox>
      <xmin>251</xmin>
      <ymin>376</ymin>
      <xmax>268</xmax>
      <ymax>391</ymax>
    </bndbox>
  </object>
  <object>
    <name>word</name>
    <difficult>0</difficult>
    <bndbox>
      <xmin>268</xmin>
      <ymin>373</ymin>
      <xmax>293</xmax>
      <ymax>393</ymax>
    </bndbox>
  </object>
  <object>
    <name>word</name>
    <difficult>0</difficult>
    <bndbox>
      <xmin>295</xmin>
      <ymin>373</ymin>
      <xmax>336</xmax>
      <ymax>394</ymax>
    </bndbox>
  </object>
  <object>
    <name>word</name>
    <difficult>0</difficult>
    <bndbox>
      <xmin>339</xmin>
      <ymin>370</ymin>
      <xmax>392</xmax>
      <ymax>394</ymax>
    </bndbox>
  </object>
  <object>
    <name>word</name>
    <difficult>0</difficult>
    <bndbox>
      <xmin>236</xmin>
      <ymin>398</ymin>
      <xmax>258</xmax>
      <ymax>418</ymax>
    </bndbox>
  </object>
  <object>
    <name>word</name>
    <difficult>0</difficult>
    <bndbox>
      <xmin>260</xmin>
      <ymin>397</ymin>
      <xmax>278</xmax>
      <ymax>418</ymax>
    </bndbox>
  </object>
  <object>
    <name>word</name>
    <difficult>0</difficult>
    <bndbox>
      <xmin>285</xmin>
      <ymin>399</ymin>
      <xmax>321</xmax>
      <ymax>420</ymax>
    </bndbox>
  </object>
  <object>
    <name>word</name>
    <difficult>0</difficult>
    <bndbox>
      <xmin>240</xmin>
      <ymin>426</ymin>
      <xmax>261</xmax>
      <ymax>446</ymax>
    </bndbox>
  </object>
  <object>
    <name>word</name>
    <difficult>0</difficult>
    <bndbox>
      <xmin>260</xmin>
      <ymin>426</ymin>
      <xmax>278</xmax>
      <ymax>444</ymax>
    </bndbox>
  </object>
  <object>
    <name>word</name>
    <difficult>0</difficult>
    <bndbox>
      <xmin>284</xmin>
      <ymin>429</ymin>
      <xmax>323</xmax>
      <ymax>446</ymax>
    </bndbox>
  </object>
  <object>
    <name>word</name>
    <difficult>0</difficult>
    <bndbox>
      <xmin>239</xmin>
      <ymin>453</ymin>
      <xmax>260</xmax>
      <ymax>471</ymax>
    </bndbox>
  </object>
  <object>
    <name>word</name>
    <difficult>0</difficult>
    <bndbox>
      <xmin>260</xmin>
      <ymin>451</ymin>
      <xmax>281</xmax>
      <ymax>471</ymax>
    </bndbox>
  </object>
  <object>
    <name>word</name>
    <difficult>0</difficult>
    <bndbox>
      <xmin>285</xmin>
      <ymin>454</ymin>
      <xmax>320</xmax>
      <ymax>475</ymax>
    </bndbox>
  </object>
  <object>
    <name>word</name>
    <difficult>0</difficult>
    <bndbox>
      <xmin>237</xmin>
      <ymin>479</ymin>
      <xmax>258</xmax>
      <ymax>497</ymax>
    </bndbox>
  </object>
  <object>
    <name>word</name>
    <difficult>0</difficult>
    <bndbox>
      <xmin>260</xmin>
      <ymin>479</ymin>
      <xmax>280</xmax>
      <ymax>499</ymax>
    </bndbox>
  </object>
  <object>
    <name>word</name>
    <difficult>0</difficult>
    <bndbox>
      <xmin>284</xmin>
      <ymin>482</ymin>
      <xmax>322</xmax>
      <ymax>499</ymax>
    </bndbox>
  </object>
  <object>
    <name>word</name>
    <difficult>0</difficult>
    <bndbox>
      <xmin>43</xmin>
      <ymin>479</ymin>
      <xmax>117</xmax>
      <ymax>499</ymax>
    </bndbox>
  </object>
  <object>
    <name>word</name>
    <difficult>0</difficult>
    <bndbox>
      <xmin>123</xmin>
      <ymin>480</ymin>
      <xmax>183</xmax>
      <ymax>498</ymax>
    </bndbox>
  </object>
  <object>
    <name>word</name>
    <difficult>0</difficult>
    <bndbox>
      <xmin>45</xmin>
      <ymin>426</ymin>
      <xmax>77</xmax>
      <ymax>446</ymax>
    </bndbox>
  </object>
  <object>
    <name>word</name>
    <difficult>0</difficult>
    <bndbox>
      <xmin>77</xmin>
      <ymin>427</ymin>
      <xmax>108</xmax>
      <ymax>445</ymax>
    </bndbox>
  </object>
  <object>
    <name>word</name>
    <difficult>0</difficult>
    <bndbox>
      <xmin>113</xmin>
      <ymin>426</ymin>
      <xmax>154</xmax>
      <ymax>446</ymax>
    </bndbox>
  </object>
  <object>
    <name>word</name>
    <difficult>0</difficult>
    <bndbox>
      <xmin>161</xmin>
      <ymin>426</ymin>
      <xmax>234</xmax>
      <ymax>446</ymax>
    </bndbox>
  </object>
  <object>
    <name>word</name>
    <difficult>0</difficult>
    <bndbox>
      <xmin>45</xmin>
      <ymin>401</ymin>
      <xmax>76</xmax>
      <ymax>421</ymax>
    </bndbox>
  </object>
  <object>
    <name>word</name>
    <difficult>0</difficult>
    <bndbox>
      <xmin>80</xmin>
      <ymin>399</ymin>
      <xmax>139</xmax>
      <ymax>421</ymax>
    </bndbox>
  </object>
  <object>
    <name>word</name>
    <difficult>0</difficult>
    <bndbox>
      <xmin>140</xmin>
      <ymin>510</ymin>
      <xmax>153</xmax>
      <ymax>523</ymax>
    </bndbox>
  </object>
  <object>
    <name>word</name>
    <difficult>0</difficult>
    <bndbox>
      <xmin>158</xmin>
      <ymin>510</ymin>
      <xmax>222</xmax>
      <ymax>525</ymax>
    </bndbox>
  </object>
  <object>
    <name>word</name>
    <difficult>0</difficult>
    <bndbox>
      <xmin>230</xmin>
      <ymin>510</ymin>
      <xmax>331</xmax>
      <ymax>525</ymax>
    </bndbox>
  </object>
  <object>
    <name>word</name>
    <difficult>0</difficult>
    <bndbox>
      <xmin>339</xmin>
      <ymin>513</ymin>
      <xmax>350</xmax>
      <ymax>523</ymax>
    </bndbox>
  </object>
  <object>
    <name>word</name>
    <difficult>0</difficult>
    <bndbox>
      <xmin>356</xmin>
      <ymin>513</ymin>
      <xmax>366</xmax>
      <ymax>526</ymax>
    </bndbox>
  </object>
  <object>
    <name>word</name>
    <difficult>0</difficult>
    <bndbox>
      <xmin>373</xmin>
      <ymin>513</ymin>
      <xmax>414</xmax>
      <ymax>528</ymax>
    </bndbox>
  </object>
  <object>
    <name>word</name>
    <difficult>0</difficult>
    <bndbox>
      <xmin>419</xmin>
      <ymin>513</ymin>
      <xmax>448</xmax>
      <ymax>526</ymax>
    </bndbox>
  </object>
  <object>
    <name>word</name>
    <difficult>0</difficult>
    <bndbox>
      <xmin>448</xmin>
      <ymin>511</ymin>
      <xmax>473</xmax>
      <ymax>526</ymax>
    </bndbox>
  </object>
  <object>
    <name>word</name>
    <difficult>0</difficult>
    <bndbox>
      <xmin>480</xmin>
      <ymin>514</ymin>
      <xmax>494</xmax>
      <ymax>522</ymax>
    </bndbox>
  </object>
  <object>
    <name>word</name>
    <difficult>0</difficult>
    <bndbox>
      <xmin>500</xmin>
      <ymin>513</ymin>
      <xmax>518</xmax>
      <ymax>527</ymax>
    </bndbox>
  </object>
  <object>
    <name>word</name>
    <difficult>0</difficult>
    <bndbox>
      <xmin>527</xmin>
      <ymin>514</ymin>
      <xmax>573</xmax>
      <ymax>529</ymax>
    </bndbox>
  </object>
  <object>
    <name>word</name>
    <difficult>0</difficult>
    <bndbox>
      <xmin>581</xmin>
      <ymin>513</ymin>
      <xmax>663</xmax>
      <ymax>528</ymax>
    </bndbox>
  </object>
  <object>
    <name>word</name>
    <difficult>0</difficult>
    <bndbox>
      <xmin>673</xmin>
      <ymin>513</ymin>
      <xmax>700</xmax>
      <ymax>527</ymax>
    </bndbox>
  </object>
  <object>
    <name>word</name>
    <difficult>0</difficult>
    <bndbox>
      <xmin>159</xmin>
      <ymin>528</ymin>
      <xmax>205</xmax>
      <ymax>545</ymax>
    </bndbox>
  </object>
  <object>
    <name>word</name>
    <difficult>0</difficult>
    <bndbox>
      <xmin>214</xmin>
      <ymin>528</ymin>
      <xmax>278</xmax>
      <ymax>542</ymax>
    </bndbox>
  </object>
  <object>
    <name>word</name>
    <difficult>0</difficult>
    <bndbox>
      <xmin>285</xmin>
      <ymin>528</ymin>
      <xmax>313</xmax>
      <ymax>542</ymax>
    </bndbox>
  </object>
  <object>
    <name>word</name>
    <difficult>0</difficult>
    <bndbox>
      <xmin>313</xmin>
      <ymin>528</ymin>
      <xmax>341</xmax>
      <ymax>543</ymax>
    </bndbox>
  </object>
  <object>
    <name>word</name>
    <difficult>0</difficult>
    <bndbox>
      <xmin>348</xmin>
      <ymin>529</ymin>
      <xmax>422</xmax>
      <ymax>543</ymax>
    </bndbox>
  </object>
  <object>
    <name>word</name>
    <difficult>0</difficult>
    <bndbox>
      <xmin>432</xmin>
      <ymin>528</ymin>
      <xmax>474</xmax>
      <ymax>546</ymax>
    </bndbox>
  </object>
  <object>
    <name>word</name>
    <difficult>0</difficult>
    <bndbox>
      <xmin>159</xmin>
      <ymin>564</ymin>
      <xmax>215</xmax>
      <ymax>578</ymax>
    </bndbox>
  </object>
  <object>
    <name>word</name>
    <difficult>0</difficult>
    <bndbox>
      <xmin>222</xmin>
      <ymin>563</ymin>
      <xmax>296</xmax>
      <ymax>577</ymax>
    </bndbox>
  </object>
  <object>
    <name>word</name>
    <difficult>0</difficult>
    <bndbox>
      <xmin>303</xmin>
      <ymin>566</ymin>
      <xmax>323</xmax>
      <ymax>577</ymax>
    </bndbox>
  </object>
  <object>
    <name>word</name>
    <difficult>0</difficult>
    <bndbox>
      <xmin>331</xmin>
      <ymin>564</ymin>
      <xmax>356</xmax>
      <ymax>578</ymax>
    </bndbox>
  </object>
  <object>
    <name>word</name>
    <difficult>0</difficult>
    <bndbox>
      <xmin>358</xmin>
      <ymin>563</ymin>
      <xmax>386</xmax>
      <ymax>580</ymax>
    </bndbox>
  </object>
  <object>
    <name>word</name>
    <difficult>0</difficult>
    <bndbox>
      <xmin>391</xmin>
      <ymin>564</ymin>
      <xmax>457</xmax>
      <ymax>578</ymax>
    </bndbox>
  </object>
  <object>
    <name>word</name>
    <difficult>0</difficult>
    <bndbox>
      <xmin>462</xmin>
      <ymin>564</ymin>
      <xmax>482</xmax>
      <ymax>577</ymax>
    </bndbox>
  </object>
  <object>
    <name>word</name>
    <difficult>0</difficult>
    <bndbox>
      <xmin>483</xmin>
      <ymin>563</ymin>
      <xmax>501</xmax>
      <ymax>578</ymax>
    </bndbox>
  </object>
  <object>
    <name>word</name>
    <difficult>0</difficult>
    <bndbox>
      <xmin>501</xmin>
      <ymin>564</ymin>
      <xmax>518</xmax>
      <ymax>577</ymax>
    </bndbox>
  </object>
  <object>
    <name>word</name>
    <difficult>0</difficult>
    <bndbox>
      <xmin>520</xmin>
      <ymin>563</ymin>
      <xmax>555</xmax>
      <ymax>580</ymax>
    </bndbox>
  </object>
  <object>
    <name>word</name>
    <difficult>0</difficult>
    <bndbox>
      <xmin>564</xmin>
      <ymin>566</ymin>
      <xmax>592</xmax>
      <ymax>579</ymax>
    </bndbox>
  </object>
  <object>
    <name>word</name>
    <difficult>0</difficult>
    <bndbox>
      <xmin>598</xmin>
      <ymin>566</ymin>
      <xmax>630</xmax>
      <ymax>579</ymax>
    </bndbox>
  </object>
  <object>
    <name>word</name>
    <difficult>0</difficult>
    <bndbox>
      <xmin>635</xmin>
      <ymin>567</ymin>
      <xmax>673</xmax>
      <ymax>578</ymax>
    </bndbox>
  </object>
  <object>
    <name>word</name>
    <difficult>0</difficult>
    <bndbox>
      <xmin>158</xmin>
      <ymin>581</ymin>
      <xmax>222</xmax>
      <ymax>595</ymax>
    </bndbox>
  </object>
  <object>
    <name>word</name>
    <difficult>0</difficult>
    <bndbox>
      <xmin>232</xmin>
      <ymin>581</ymin>
      <xmax>250</xmax>
      <ymax>594</ymax>
    </bndbox>
  </object>
  <object>
    <name>word</name>
    <difficult>0</difficult>
    <bndbox>
      <xmin>258</xmin>
      <ymin>581</ymin>
      <xmax>275</xmax>
      <ymax>595</ymax>
    </bndbox>
  </object>
  <object>
    <name>word</name>
    <difficult>0</difficult>
    <bndbox>
      <xmin>277</xmin>
      <ymin>581</ymin>
      <xmax>295</xmax>
      <ymax>595</ymax>
    </bndbox>
  </object>
  <object>
    <name>word</name>
    <difficult>0</difficult>
    <bndbox>
      <xmin>295</xmin>
      <ymin>581</ymin>
      <xmax>312</xmax>
      <ymax>595</ymax>
    </bndbox>
  </object>
  <object>
    <name>word</name>
    <difficult>0</difficult>
    <bndbox>
      <xmin>313</xmin>
      <ymin>580</ymin>
      <xmax>351</xmax>
      <ymax>597</ymax>
    </bndbox>
  </object>
  <object>
    <name>word</name>
    <difficult>0</difficult>
    <bndbox>
      <xmin>358</xmin>
      <ymin>582</ymin>
      <xmax>393</xmax>
      <ymax>596</ymax>
    </bndbox>
  </object>
  <object>
    <name>word</name>
    <difficult>0</difficult>
    <bndbox>
      <xmin>566</xmin>
      <ymin>66</ymin>
      <xmax>644</xmax>
      <ymax>86</ymax>
    </bndbox>
  </object>
  <object>
    <name>word</name>
    <difficult>0</difficult>
    <bndbox>
      <xmin>649</xmin>
      <ymin>64</ymin>
      <xmax>726</xmax>
      <ymax>88</ymax>
    </bndbox>
  </object>
  <object>
    <name>word</name>
    <difficult>0</difficult>
    <bndbox>
      <xmin>617</xmin>
      <ymin>91</ymin>
      <xmax>635</xmax>
      <ymax>109</ymax>
    </bndbox>
  </object>
  <object>
    <name>word</name>
    <difficult>0</difficult>
    <bndbox>
      <xmin>635</xmin>
      <ymin>91</ymin>
      <xmax>656</xmax>
      <ymax>112</ymax>
    </bndbox>
  </object>
  <object>
    <name>word</name>
    <difficult>0</difficult>
    <bndbox>
      <xmin>656</xmin>
      <ymin>92</ymin>
      <xmax>684</xmax>
      <ymax>107</ymax>
    </bndbox>
  </object>
  <object>
    <name>word</name>
    <difficult>0</difficult>
    <bndbox>
      <xmin>404</xmin>
      <ymin>112</ymin>
      <xmax>421</xmax>
      <ymax>133</ymax>
    </bndbox>
  </object>
  <object>
    <name>word</name>
    <difficult>0</difficult>
    <bndbox>
      <xmin>423</xmin>
      <ymin>115</ymin>
      <xmax>525</xmax>
      <ymax>136</ymax>
    </bndbox>
  </object>
  <object>
    <name>word</name>
    <difficult>0</difficult>
    <bndbox>
      <xmin>406</xmin>
      <ymin>141</ymin>
      <xmax>479</xmax>
      <ymax>161</ymax>
    </bndbox>
  </object>
  <object>
    <name>word</name>
    <difficult>0</difficult>
    <bndbox>
      <xmin>485</xmin>
      <ymin>141</ymin>
      <xmax>510</xmax>
      <ymax>161</ymax>
    </bndbox>
  </object>
  <object>
    <name>word</name>
    <difficult>0</difficult>
    <bndbox>
      <xmin>515</xmin>
      <ymin>142</ymin>
      <xmax>546</xmax>
      <ymax>162</ymax>
    </bndbox>
  </object>
  <object>
    <name>word</name>
    <difficult>0</difficult>
    <bndbox>
      <xmin>405</xmin>
      <ymin>166</ymin>
      <xmax>471</xmax>
      <ymax>187</ymax>
    </bndbox>
  </object>
  <object>
    <name>word</name>
    <difficult>0</difficult>
    <bndbox>
      <xmin>476</xmin>
      <ymin>168</ymin>
      <xmax>498</xmax>
      <ymax>188</ymax>
    </bndbox>
  </object>
  <object>
    <name>word</name>
    <difficult>0</difficult>
    <bndbox>
      <xmin>504</xmin>
      <ymin>169</ymin>
      <xmax>551</xmax>
      <ymax>189</ymax>
    </bndbox>
  </object>
  <object>
    <name>word</name>
    <difficult>0</difficult>
    <bndbox>
      <xmin>405</xmin>
      <ymin>194</ymin>
      <xmax>451</xmax>
      <ymax>214</ymax>
    </bndbox>
  </object>
  <object>
    <name>word</name>
    <difficult>0</difficult>
    <bndbox>
      <xmin>458</xmin>
      <ymin>194</ymin>
      <xmax>480</xmax>
      <ymax>212</ymax>
    </bndbox>
  </object>
  <object>
    <name>word</name>
    <difficult>0</difficult>
    <bndbox>
      <xmin>487</xmin>
      <ymin>194</ymin>
      <xmax>525</xmax>
      <ymax>215</ymax>
    </bndbox>
  </object>
  <object>
    <name>word</name>
    <difficult>0</difficult>
    <bndbox>
      <xmin>405</xmin>
      <ymin>219</ymin>
      <xmax>441</xmax>
      <ymax>240</ymax>
    </bndbox>
  </object>
  <object>
    <name>word</name>
    <difficult>0</difficult>
    <bndbox>
      <xmin>450</xmin>
      <ymin>219</ymin>
      <xmax>499</xmax>
      <ymax>241</ymax>
    </bndbox>
  </object>
  <object>
    <name>word</name>
    <difficult>0</difficult>
    <bndbox>
      <xmin>401</xmin>
      <ymin>249</ymin>
      <xmax>451</xmax>
      <ymax>264</ymax>
    </bndbox>
  </object>
  <object>
    <name>word</name>
    <difficult>0</difficult>
    <bndbox>
      <xmin>459</xmin>
      <ymin>247</ymin>
      <xmax>479</xmax>
      <ymax>265</ymax>
    </bndbox>
  </object>
  <object>
    <name>word</name>
    <difficult>0</difficult>
    <bndbox>
      <xmin>487</xmin>
      <ymin>249</ymin>
      <xmax>534</xmax>
      <ymax>267</ymax>
    </bndbox>
  </object>
  <object>
    <name>word</name>
    <difficult>0</difficult>
    <bndbox>
      <xmin>541</xmin>
      <ymin>247</ymin>
      <xmax>615</xmax>
      <ymax>268</ymax>
    </bndbox>
  </object>
  <object>
    <name>word</name>
    <difficult>0</difficult>
    <bndbox>
      <xmin>404</xmin>
      <ymin>272</ymin>
      <xmax>443</xmax>
      <ymax>290</ymax>
    </bndbox>
  </object>
  <object>
    <name>word</name>
    <difficult>0</difficult>
    <bndbox>
      <xmin>450</xmin>
      <ymin>275</ymin>
      <xmax>481</xmax>
      <ymax>292</ymax>
    </bndbox>
  </object>
  <object>
    <name>word</name>
    <difficult>0</difficult>
    <bndbox>
      <xmin>487</xmin>
      <ymin>275</ymin>
      <xmax>522</xmax>
      <ymax>292</ymax>
    </bndbox>
  </object>
  <object>
    <name>word</name>
    <difficult>0</difficult>
    <bndbox>
      <xmin>406</xmin>
      <ymin>299</ymin>
      <xmax>444</xmax>
      <ymax>317</ymax>
    </bndbox>
  </object>
  <object>
    <name>word</name>
    <difficult>0</difficult>
    <bndbox>
      <xmin>450</xmin>
      <ymin>300</ymin>
      <xmax>499</xmax>
      <ymax>315</ymax>
    </bndbox>
  </object>
  <object>
    <name>word</name>
    <difficult>0</difficult>
    <bndbox>
      <xmin>406</xmin>
      <ymin>324</ymin>
      <xmax>421</xmax>
      <ymax>345</ymax>
    </bndbox>
  </object>
  <object>
    <name>word</name>
    <difficult>0</difficult>
    <bndbox>
      <xmin>423</xmin>
      <ymin>325</ymin>
      <xmax>440</xmax>
      <ymax>342</ymax>
    </bndbox>
  </object>
  <object>
    <name>word</name>
    <difficult>0</difficult>
    <bndbox>
      <xmin>440</xmin>
      <ymin>325</ymin>
      <xmax>457</xmax>
      <ymax>343</ymax>
    </bndbox>
  </object>
  <object>
    <name>word</name>
    <difficult>0</difficult>
    <bndbox>
      <xmin>468</xmin>
      <ymin>323</ymin>
      <xmax>543</xmax>
      <ymax>345</ymax>
    </bndbox>
  </object>
  <object>
    <name>word</name>
    <difficult>0</difficult>
    <bndbox>
      <xmin>549</xmin>
      <ymin>327</ymin>
      <xmax>605</xmax>
      <ymax>342</ymax>
    </bndbox>
  </object>
  <object>
    <name>word</name>
    <difficult>0</difficult>
    <bndbox>
      <xmin>404</xmin>
      <ymin>351</ymin>
      <xmax>425</xmax>
      <ymax>368</ymax>
    </bndbox>
  </object>
  <object>
    <name>word</name>
    <difficult>0</difficult>
    <bndbox>
      <xmin>423</xmin>
      <ymin>351</ymin>
      <xmax>440</xmax>
      <ymax>368</ymax>
    </bndbox>
  </object>
  <object>
    <name>word</name>
    <difficult>0</difficult>
    <bndbox>
      <xmin>444</xmin>
      <ymin>353</ymin>
      <xmax>457</xmax>
      <ymax>370</ymax>
    </bndbox>
  </object>
  <object>
    <name>word</name>
    <difficult>0</difficult>
    <bndbox>
      <xmin>464</xmin>
      <ymin>351</ymin>
      <xmax>496</xmax>
      <ymax>373</ymax>
    </bndbox>
  </object>
  <object>
    <name>word</name>
    <difficult>0</difficult>
    <bndbox>
      <xmin>501</xmin>
      <ymin>352</ymin>
      <xmax>518</xmax>
      <ymax>369</ymax>
    </bndbox>
  </object>
  <object>
    <name>word</name>
    <difficult>0</difficult>
    <bndbox>
      <xmin>522</xmin>
      <ymin>355</ymin>
      <xmax>579</xmax>
      <ymax>370</ymax>
    </bndbox>
  </object>
  <object>
    <name>word</name>
    <difficult>0</difficult>
    <bndbox>
      <xmin>405</xmin>
      <ymin>376</ymin>
      <xmax>418</xmax>
      <ymax>397</ymax>
    </bndbox>
  </object>
  <object>
    <name>word</name>
    <difficult>0</difficult>
    <bndbox>
      <xmin>422</xmin>
      <ymin>376</ymin>
      <xmax>440</xmax>
      <ymax>396</ymax>
    </bndbox>
  </object>
  <object>
    <name>word</name>
    <difficult>0</difficult>
    <bndbox>
      <xmin>440</xmin>
      <ymin>377</ymin>
      <xmax>460</xmax>
      <ymax>395</ymax>
    </bndbox>
  </object>
  <object>
    <name>word</name>
    <difficult>0</difficult>
    <bndbox>
      <xmin>468</xmin>
      <ymin>380</ymin>
      <xmax>495</xmax>
      <ymax>398</ymax>
    </bndbox>
  </object>
  <object>
    <name>word</name>
    <difficult>0</difficult>
    <bndbox>
      <xmin>501</xmin>
      <ymin>377</ymin>
      <xmax>518</xmax>
      <ymax>392</ymax>
    </bndbox>
  </object>
  <object>
    <name>word</name>
    <difficult>0</difficult>
    <bndbox>
      <xmin>522</xmin>
      <ymin>377</ymin>
      <xmax>578</xmax>
      <ymax>395</ymax>
    </bndbox>
  </object>
  <object>
    <name>word</name>
    <difficult>0</difficult>
    <bndbox>
      <xmin>405</xmin>
      <ymin>404</ymin>
      <xmax>479</xmax>
      <ymax>424</ymax>
    </bndbox>
  </object>
  <object>
    <name>word</name>
    <difficult>0</difficult>
    <bndbox>
      <xmin>487</xmin>
      <ymin>404</ymin>
      <xmax>543</xmax>
      <ymax>424</ymax>
    </bndbox>
  </object>
  <object>
    <name>word</name>
    <difficult>0</difficult>
    <bndbox>
      <xmin>549</xmin>
      <ymin>404</ymin>
      <xmax>588</xmax>
      <ymax>422</ymax>
    </bndbox>
  </object>
  <object>
    <name>word</name>
    <difficult>0</difficult>
    <bndbox>
      <xmin>594</xmin>
      <ymin>402</ymin>
      <xmax>635</xmax>
      <ymax>422</ymax>
    </bndbox>
  </object>
  <object>
    <name>word</name>
    <difficult>0</difficult>
    <bndbox>
      <xmin>626</xmin>
      <ymin>300</ymin>
      <xmax>657</xmax>
      <ymax>317</ymax>
    </bndbox>
  </object>
  <object>
    <name>word</name>
    <difficult>0</difficult>
    <bndbox>
      <xmin>661</xmin>
      <ymin>299</ymin>
      <xmax>681</xmax>
      <ymax>320</ymax>
    </bndbox>
  </object>
  <object>
    <name>word</name>
    <difficult>0</difficult>
    <bndbox>
      <xmin>684</xmin>
      <ymin>299</ymin>
      <xmax>697</xmax>
      <ymax>317</ymax>
    </bndbox>
  </object>
  <object>
    <name>word</name>
    <difficult>0</difficult>
    <bndbox>
      <xmin>698</xmin>
      <ymin>299</ymin>
      <xmax>715</xmax>
      <ymax>320</ymax>
    </bndbox>
  </object>
  <object>
    <name>word</name>
    <difficult>0</difficult>
    <bndbox>
      <xmin>624</xmin>
      <ymin>325</ymin>
      <xmax>652</xmax>
      <ymax>340</ymax>
    </bndbox>
  </object>
  <object>
    <name>word</name>
    <difficult>0</difficult>
    <bndbox>
      <xmin>655</xmin>
      <ymin>324</ymin>
      <xmax>673</xmax>
      <ymax>345</ymax>
    </bndbox>
  </object>
  <object>
    <name>word</name>
    <difficult>0</difficult>
    <bndbox>
      <xmin>626</xmin>
      <ymin>351</ymin>
      <xmax>654</xmax>
      <ymax>369</ymax>
    </bndbox>
  </object>
  <object>
    <name>word</name>
    <difficult>0</difficult>
    <bndbox>
      <xmin>654</xmin>
      <ymin>353</ymin>
      <xmax>676</xmax>
      <ymax>367</ymax>
    </bndbox>
  </object>
  <object>
    <name>word</name>
    <difficult>0</difficult>
    <bndbox>
      <xmin>628</xmin>
      <ymin>376</ymin>
      <xmax>655</xmax>
      <ymax>391</ymax>
    </bndbox>
  </object>
  <object>
    <name>word</name>
    <difficult>0</difficult>
    <bndbox>
      <xmin>656</xmin>
      <ymin>373</ymin>
      <xmax>674</xmax>
      <ymax>393</ymax>
    </bndbox>
  </object>
  <object>
    <name>word</name>
    <difficult>0</difficult>
    <bndbox>
      <xmin>642</xmin>
      <ymin>430</ymin>
      <xmax>655</xmax>
      <ymax>444</ymax>
    </bndbox>
  </object>
  <object>
    <name>word</name>
    <difficult>0</difficult>
    <bndbox>
      <xmin>654</xmin>
      <ymin>429</ymin>
      <xmax>693</xmax>
      <ymax>444</ymax>
    </bndbox>
  </object>
  <object>
    <name>word</name>
    <difficult>0</difficult>
    <bndbox>
      <xmin>626</xmin>
      <ymin>454</ymin>
      <xmax>655</xmax>
      <ymax>474</ymax>
    </bndbox>
  </object>
  <object>
    <name>word</name>
    <difficult>0</difficult>
    <bndbox>
      <xmin>662</xmin>
      <ymin>455</ymin>
      <xmax>701</xmax>
      <ymax>475</ymax>
    </bndbox>
  </object>
  <object>
    <name>word</name>
    <difficult>0</difficult>
    <bndbox>
      <xmin>634</xmin>
      <ymin>482</ymin>
      <xmax>656</xmax>
      <ymax>500</ymax>
    </bndbox>
  </object>
  <object>
    <name>word</name>
    <difficult>0</difficult>
    <bndbox>
      <xmin>661</xmin>
      <ymin>482</ymin>
      <xmax>702</xmax>
      <ymax>502</ymax>
    </bndbox>
  </object>
  <object>
    <name>word</name>
    <difficult>0</difficult>
    <bndbox>
      <xmin>404</xmin>
      <ymin>479</ymin>
      <xmax>481</xmax>
      <ymax>500</ymax>
    </bndbox>
  </object>
  <object>
    <name>word</name>
    <difficult>0</difficult>
    <bndbox>
      <xmin>487</xmin>
      <ymin>479</ymin>
      <xmax>507</xmax>
      <ymax>501</ymax>
    </bndbox>
  </object>
  <object>
    <name>word</name>
    <difficult>0</difficult>
    <bndbox>
      <xmin>513</xmin>
      <ymin>480</ymin>
      <xmax>542</xmax>
      <ymax>500</ymax>
    </bndbox>
  </object>
  <object>
    <name>word</name>
    <difficult>0</difficult>
    <bndbox>
      <xmin>550</xmin>
      <ymin>480</ymin>
      <xmax>582</xmax>
      <ymax>501</ymax>
    </bndbox>
  </object>
  <object>
    <name>word</name>
    <difficult>0</difficult>
    <bndbox>
      <xmin>406</xmin>
      <ymin>454</ymin>
      <xmax>445</xmax>
      <ymax>475</ymax>
    </bndbox>
  </object>
  <object>
    <name>word</name>
    <difficult>0</difficult>
    <bndbox>
      <xmin>451</xmin>
      <ymin>457</ymin>
      <xmax>507</xmax>
      <ymax>474</ymax>
    </bndbox>
  </object>
  <object>
    <name>word</name>
    <difficult>0</difficult>
    <bndbox>
      <xmin>513</xmin>
      <ymin>458</ymin>
      <xmax>552</xmax>
      <ymax>473</ymax>
    </bndbox>
  </object>
  <object>
    <name>word</name>
    <difficult>0</difficult>
    <bndbox>
      <xmin>559</xmin>
      <ymin>457</ymin>
      <xmax>615</xmax>
      <ymax>477</ymax>
    </bndbox>
  </object>
  <object>
    <name>word</name>
    <difficult>0</difficult>
    <bndbox>
      <xmin>404</xmin>
      <ymin>429</ymin>
      <xmax>432</xmax>
      <ymax>449</ymax>
    </bndbox>
  </object>
  <object>
    <name>word</name>
    <difficult>0</difficult>
    <bndbox>
      <xmin>440</xmin>
      <ymin>429</ymin>
      <xmax>454</xmax>
      <ymax>449</ymax>
    </bndbox>
  </object>
  <object>
    <name>word</name>
    <difficult>0</difficult>
    <bndbox>
      <xmin>459</xmin>
      <ymin>430</ymin>
      <xmax>515</xmax>
      <ymax>451</ymax>
    </bndbox>
  </object>
  <object>
    <name>word</name>
    <difficult>0</difficult>
    <bndbox>
      <xmin>524</xmin>
      <ymin>432</ymin>
      <xmax>563</xmax>
      <ymax>449</ymax>
    </bndbox>
  </object>
  <object>
    <name>word</name>
    <difficult>0</difficult>
    <bndbox>
      <xmin>568</xmin>
      <ymin>427</ymin>
      <xmax>607</xmax>
      <ymax>451</ymax>
    </bndbox>
  </object>
  <object>
    <name>word</name>
    <difficult>0</difficult>
    <bndbox>
      <xmin>45</xmin>
      <ymin>712</ymin>
      <xmax>84</xmax>
      <ymax>732</ymax>
    </bndbox>
  </object>
  <object>
    <name>word</name>
    <difficult>0</difficult>
    <bndbox>
      <xmin>88</xmin>
      <ymin>714</ymin>
      <xmax>129</xmax>
      <ymax>734</ymax>
    </bndbox>
  </object>
  <object>
    <name>word</name>
    <difficult>0</difficult>
    <bndbox>
      <xmin>131</xmin>
      <ymin>712</ymin>
      <xmax>149</xmax>
      <ymax>730</ymax>
    </bndbox>
  </object>
  <object>
    <name>word</name>
    <difficult>0</difficult>
    <bndbox>
      <xmin>148</xmin>
      <ymin>712</ymin>
      <xmax>170</xmax>
      <ymax>733</ymax>
    </bndbox>
  </object>
  <object>
    <name>word</name>
    <difficult>0</difficult>
    <bndbox>
      <xmin>168</xmin>
      <ymin>714</ymin>
      <xmax>195</xmax>
      <ymax>735</ymax>
    </bndbox>
  </object>
  <object>
    <name>word</name>
    <difficult>0</difficult>
    <bndbox>
      <xmin>226</xmin>
      <ymin>714</ymin>
      <xmax>289</xmax>
      <ymax>734</ymax>
    </bndbox>
  </object>
  <object>
    <name>word</name>
    <difficult>0</difficult>
    <bndbox>
      <xmin>299</xmin>
      <ymin>715</ymin>
      <xmax>338</xmax>
      <ymax>733</ymax>
    </bndbox>
  </object>
  <object>
    <name>word</name>
    <difficult>0</difficult>
    <bndbox>
      <xmin>439</xmin>
      <ymin>714</ymin>
      <xmax>498</xmax>
      <ymax>734</ymax>
    </bndbox>
  </object>
  <object>
    <name>word</name>
    <difficult>0</difficult>
    <bndbox>
      <xmin>506</xmin>
      <ymin>712</ymin>
      <xmax>528</xmax>
      <ymax>733</ymax>
    </bndbox>
  </object>
  <object>
    <name>word</name>
    <difficult>0</difficult>
    <bndbox>
      <xmin>531</xmin>
      <ymin>715</ymin>
      <xmax>623</xmax>
      <ymax>737</ymax>
    </bndbox>
  </object>
  <object>
    <name>word</name>
    <difficult>0</difficult>
    <bndbox>
      <xmin>41</xmin>
      <ymin>736</ymin>
      <xmax>59</xmax>
      <ymax>760</ymax>
    </bndbox>
  </object>
  <object>
    <name>word</name>
    <difficult>0</difficult>
    <bndbox>
      <xmin>61</xmin>
      <ymin>740</ymin>
      <xmax>135</xmax>
      <ymax>760</ymax>
    </bndbox>
  </object>
  <object>
    <name>word</name>
    <difficult>0</difficult>
    <bndbox>
      <xmin>142</xmin>
      <ymin>740</ymin>
      <xmax>164</xmax>
      <ymax>758</ymax>
    </bndbox>
  </object>
  <object>
    <name>word</name>
    <difficult>0</difficult>
    <bndbox>
      <xmin>169</xmin>
      <ymin>739</ymin>
      <xmax>237</xmax>
      <ymax>759</ymax>
    </bndbox>
  </object>
  <object>
    <name>word</name>
    <difficult>0</difficult>
    <bndbox>
      <xmin>394</xmin>
      <ymin>742</ymin>
      <xmax>425</xmax>
      <ymax>757</ymax>
    </bndbox>
  </object>
  <object>
    <name>word</name>
    <difficult>0</difficult>
    <bndbox>
      <xmin>432</xmin>
      <ymin>742</ymin>
      <xmax>454</xmax>
      <ymax>759</ymax>
    </bndbox>
  </object>
  <object>
    <name>word</name>
    <difficult>0</difficult>
    <bndbox>
      <xmin>459</xmin>
      <ymin>737</ymin>
      <xmax>548</xmax>
      <ymax>759</ymax>
    </bndbox>
  </object>
  <object>
    <name>word</name>
    <difficult>0</difficult>
    <bndbox>
      <xmin>547</xmin>
      <ymin>739</ymin>
      <xmax>572</xmax>
      <ymax>761</ymax>
    </bndbox>
  </object>
  <object>
    <name>word</name>
    <difficult>0</difficult>
    <bndbox>
      <xmin>574</xmin>
      <ymin>742</ymin>
      <xmax>605</xmax>
      <ymax>762</ymax>
    </bndbox>
  </object>
  <object>
    <name>word</name>
    <difficult>0</difficult>
    <bndbox>
      <xmin>42</xmin>
      <ymin>764</ymin>
      <xmax>84</xmax>
      <ymax>786</ymax>
    </bndbox>
  </object>
  <object>
    <name>word</name>
    <difficult>0</difficult>
    <bndbox>
      <xmin>89</xmin>
      <ymin>767</ymin>
      <xmax>111</xmax>
      <ymax>785</ymax>
    </bndbox>
  </object>
  <object>
    <name>word</name>
    <difficult>0</difficult>
    <bndbox>
      <xmin>116</xmin>
      <ymin>765</ymin>
      <xmax>162</xmax>
      <ymax>783</ymax>
    </bndbox>
  </object>
  <object>
    <name>word</name>
    <difficult>0</difficult>
    <bndbox>
      <xmin>394</xmin>
      <ymin>768</ymin>
      <xmax>435</xmax>
      <ymax>786</ymax>
    </bndbox>
  </object>
  <object>
    <name>word</name>
    <difficult>0</difficult>
    <bndbox>
      <xmin>441</xmin>
      <ymin>767</ymin>
      <xmax>461</xmax>
      <ymax>787</ymax>
    </bndbox>
  </object>
  <object>
    <name>word</name>
    <difficult>0</difficult>
    <bndbox>
      <xmin>468</xmin>
      <ymin>767</ymin>
      <xmax>525</xmax>
      <ymax>789</ymax>
    </bndbox>
  </object>
  <object>
    <name>word</name>
    <difficult>0</difficult>
    <bndbox>
      <xmin>42</xmin>
      <ymin>825</ymin>
      <xmax>112</xmax>
      <ymax>845</ymax>
    </bndbox>
  </object>
  <object>
    <name>word</name>
    <difficult>0</difficult>
    <bndbox>
      <xmin>113</xmin>
      <ymin>825</ymin>
      <xmax>186</xmax>
      <ymax>845</ymax>
    </bndbox>
  </object>
  <object>
    <name>word</name>
    <difficult>0</difficult>
    <bndbox>
      <xmin>194</xmin>
      <ymin>825</ymin>
      <xmax>232</xmax>
      <ymax>842</ymax>
    </bndbox>
  </object>
  <object>
    <name>word</name>
    <difficult>0</difficult>
    <bndbox>
      <xmin>244</xmin>
      <ymin>827</ymin>
      <xmax>259</xmax>
      <ymax>844</ymax>
    </bndbox>
  </object>
  <object>
    <name>word</name>
    <difficult>0</difficult>
    <bndbox>
      <xmin>260</xmin>
      <ymin>828</ymin>
      <xmax>298</xmax>
      <ymax>845</ymax>
    </bndbox>
  </object>
  <object>
    <name>word</name>
    <difficult>0</difficult>
    <bndbox>
      <xmin>311</xmin>
      <ymin>824</ymin>
      <xmax>339</xmax>
      <ymax>844</ymax>
    </bndbox>
  </object>
  <object>
    <name>word</name>
    <difficult>0</difficult>
    <bndbox>
      <xmin>358</xmin>
      <ymin>827</ymin>
      <xmax>385</xmax>
      <ymax>844</ymax>
    </bndbox>
  </object>
  <object>
    <name>word</name>
    <difficult>0</difficult>
    <bndbox>
      <xmin>409</xmin>
      <ymin>827</ymin>
      <xmax>429</xmax>
      <ymax>845</ymax>
    </bndbox>
  </object>
  <object>
    <name>word</name>
    <difficult>0</difficult>
    <bndbox>
      <xmin>429</xmin>
      <ymin>824</ymin>
      <xmax>451</xmax>
      <ymax>848</ymax>
    </bndbox>
  </object>
  <object>
    <name>word</name>
    <difficult>0</difficult>
    <bndbox>
      <xmin>469</xmin>
      <ymin>827</ymin>
      <xmax>484</xmax>
      <ymax>845</ymax>
    </bndbox>
  </object>
  <object>
    <name>word</name>
    <difficult>0</difficult>
    <bndbox>
      <xmin>485</xmin>
      <ymin>825</ymin>
      <xmax>505</xmax>
      <ymax>846</ymax>
    </bndbox>
  </object>
  <object>
    <name>word</name>
    <difficult>0</difficult>
    <bndbox>
      <xmin>524</xmin>
      <ymin>825</ymin>
      <xmax>544</xmax>
      <ymax>843</ymax>
    </bndbox>
  </object>
  <object>
    <name>word</name>
    <difficult>0</difficult>
    <bndbox>
      <xmin>546</xmin>
      <ymin>824</ymin>
      <xmax>564</xmax>
      <ymax>845</ymax>
    </bndbox>
  </object>
  <object>
    <name>word</name>
    <difficult>0</difficult>
    <bndbox>
      <xmin>574</xmin>
      <ymin>825</ymin>
      <xmax>591</xmax>
      <ymax>845</ymax>
    </bndbox>
  </object>
  <object>
    <name>word</name>
    <difficult>0</difficult>
    <bndbox>
      <xmin>589</xmin>
      <ymin>825</ymin>
      <xmax>618</xmax>
      <ymax>845</ymax>
    </bndbox>
  </object>
  <object>
    <name>word</name>
    <difficult>0</difficult>
    <bndbox>
      <xmin>633</xmin>
      <ymin>825</ymin>
      <xmax>661</xmax>
      <ymax>845</ymax>
    </bndbox>
  </object>
  <object>
    <name>word</name>
    <difficult>0</difficult>
    <bndbox>
      <xmin>689</xmin>
      <ymin>827</ymin>
      <xmax>709</xmax>
      <ymax>845</ymax>
    </bndbox>
  </object>
  <object>
    <name>word</name>
    <difficult>0</difficult>
    <bndbox>
      <xmin>709</xmin>
      <ymin>825</ymin>
      <xmax>726</xmax>
      <ymax>849</ymax>
    </bndbox>
  </object>
  <object>
    <name>word</name>
    <difficult>0</difficult>
    <bndbox>
      <xmin>128</xmin>
      <ymin>859</ymin>
      <xmax>226</xmax>
      <ymax>881</ymax>
    </bndbox>
  </object>
  <object>
    <name>word</name>
    <difficult>0</difficult>
    <bndbox>
      <xmin>232</xmin>
      <ymin>862</ymin>
      <xmax>327</xmax>
      <ymax>882</ymax>
    </bndbox>
  </object>
  <object>
    <name>word</name>
    <difficult>0</difficult>
    <bndbox>
      <xmin>332</xmin>
      <ymin>862</ymin>
      <xmax>359</xmax>
      <ymax>882</ymax>
    </bndbox>
  </object>
  <object>
    <name>word</name>
    <difficult>0</difficult>
    <bndbox>
      <xmin>370</xmin>
      <ymin>849</ymin>
      <xmax>528</xmax>
      <ymax>881</ymax>
    </bndbox>
  </object>
  <object>
    <name>word</name>
    <difficult>0</difficult>
    <bndbox>
      <xmin>549</xmin>
      <ymin>849</ymin>
      <xmax>711</xmax>
      <ymax>887</ymax>
    </bndbox>
  </object>
  <object>
    <name>word</name>
    <difficult>0</difficult>
    <bndbox>
      <xmin>404</xmin>
      <ymin>887</ymin>
      <xmax>479</xmax>
      <ymax>932</ymax>
    </bndbox>
  </object>
  <object>
    <name>word</name>
    <difficult>0</difficult>
    <bndbox>
      <xmin>486</xmin>
      <ymin>890</ymin>
      <xmax>588</xmax>
      <ymax>921</ymax>
    </bndbox>
  </object>
  <object>
    <name>word</name>
    <difficult>0</difficult>
    <bndbox>
      <xmin>459</xmin>
      <ymin>915</ymin>
      <xmax>536</xmax>
      <ymax>933</ymax>
    </bndbox>
  </object>
  <object>
    <name>word</name>
    <difficult>0</difficult>
    <bndbox>
      <xmin>541</xmin>
      <ymin>913</ymin>
      <xmax>614</xmax>
      <ymax>934</ymax>
    </bndbox>
  </object>
  <object>
    <name>word</name>
    <difficult>0</difficult>
    <bndbox>
      <xmin>138</xmin>
      <ymin>901</ymin>
      <xmax>166</xmax>
      <ymax>918</ymax>
    </bndbox>
  </object>
  <object>
    <name>word</name>
    <difficult>0</difficult>
    <bndbox>
      <xmin>175</xmin>
      <ymin>902</ymin>
      <xmax>195</xmax>
      <ymax>916</ymax>
    </bndbox>
  </object>
  <object>
    <name>word</name>
    <difficult>0</difficult>
    <bndbox>
      <xmin>203</xmin>
      <ymin>902</ymin>
      <xmax>223</xmax>
      <ymax>916</ymax>
    </bndbox>
  </object>
  <object>
    <name>word</name>
    <difficult>0</difficult>
    <bndbox>
      <xmin>228</xmin>
      <ymin>899</ymin>
      <xmax>287</xmax>
      <ymax>917</ymax>
    </bndbox>
  </object>
  <object>
    <name>word</name>
    <difficult>0</difficult>
    <bndbox>
      <xmin>137</xmin>
      <ymin>919</ymin>
      <xmax>171</xmax>
      <ymax>934</ymax>
    </bndbox>
  </object>
  <object>
    <name>word</name>
    <difficult>0</difficult>
    <bndbox>
      <xmin>175</xmin>
      <ymin>918</ymin>
      <xmax>196</xmax>
      <ymax>932</ymax>
    </bndbox>
  </object>
  <object>
    <name>word</name>
    <difficult>0</difficult>
    <bndbox>
      <xmin>200</xmin>
      <ymin>920</ymin>
      <xmax>222</xmax>
      <ymax>933</ymax>
    </bndbox>
  </object>
  <object>
    <name>word</name>
    <difficult>0</difficult>
    <bndbox>
      <xmin>229</xmin>
      <ymin>918</ymin>
      <xmax>289</xmax>
      <ymax>933</ymax>
    </bndbox>
  </object>
  <object>
    <name>word</name>
    <difficult>0</difficult>
    <bndbox>
      <xmin>138</xmin>
      <ymin>934</ymin>
      <xmax>166</xmax>
      <ymax>951</ymax>
    </bndbox>
  </object>
  <object>
    <name>word</name>
    <difficult>0</difficult>
    <bndbox>
      <xmin>175</xmin>
      <ymin>934</ymin>
      <xmax>197</xmax>
      <ymax>949</ymax>
    </bndbox>
  </object>
  <object>
    <name>word</name>
    <difficult>0</difficult>
    <bndbox>
      <xmin>204</xmin>
      <ymin>932</ymin>
      <xmax>258</xmax>
      <ymax>949</ymax>
    </bndbox>
  </object>
  <object>
    <name>word</name>
    <difficult>0</difficult>
    <bndbox>
      <xmin>137</xmin>
      <ymin>951</ymin>
      <xmax>169</xmax>
      <ymax>968</ymax>
    </bndbox>
  </object>
  <object>
    <name>word</name>
    <difficult>0</difficult>
    <bndbox>
      <xmin>175</xmin>
      <ymin>948</ymin>
      <xmax>197</xmax>
      <ymax>965</ymax>
    </bndbox>
  </object>
  <object>
    <name>word</name>
    <difficult>0</difficult>
    <bndbox>
      <xmin>204</xmin>
      <ymin>950</ymin>
      <xmax>226</xmax>
      <ymax>967</ymax>
    </bndbox>
  </object>
  <object>
    <name>word</name>
    <difficult>0</difficult>
    <bndbox>
      <xmin>236</xmin>
      <ymin>953</ymin>
      <xmax>300</xmax>
      <ymax>968</ymax>
    </bndbox>
  </object>
  <object>
    <name>word</name>
    <difficult>0</difficult>
    <bndbox>
      <xmin>42</xmin>
      <ymin>898</ymin>
      <xmax>101</xmax>
      <ymax>919</ymax>
    </bndbox>
  </object>
  <object>
    <name>word</name>
    <difficult>0</difficult>
    <bndbox>
      <xmin>106</xmin>
      <ymin>901</ymin>
      <xmax>134</xmax>
      <ymax>918</ymax>
    </bndbox>
  </object>
  <object>
    <name>word</name>
    <difficult>0</difficult>
    <bndbox>
      <xmin>41</xmin>
      <ymin>451</ymin>
      <xmax>75</xmax>
      <ymax>471</ymax>
    </bndbox>
  </object>
  <object>
    <name>word</name>
    <difficult>0</difficult>
    <bndbox>
      <xmin>81</xmin>
      <ymin>454</ymin>
      <xmax>138</xmax>
      <ymax>472</ymax>
    </bndbox>
  </object>
</annotation>
