<annotation>
  <folder>VOC2007</folder>
  <filename>12825369.json</filename>
  <owner>
    <name>HengTian</name>
  </owner>
  <size>
    <width>762</width>
    <height>1000</height>
    <depth>1</depth>
  </size>
  <segmented>0</segmented>
  <object>
    <name>word</name>
    <difficult>0</difficult>
    <bndbox>
      <xmin>59</xmin>
      <ymin>135</ymin>
      <xmax>106</xmax>
      <ymax>149</ymax>
    </bndbox>
  </object>
  <object>
    <name>word</name>
    <difficult>0</difficult>
    <bndbox>
      <xmin>59</xmin>
      <ymin>165</ymin>
      <xmax>126</xmax>
      <ymax>179</ymax>
    </bndbox>
  </object>
  <object>
    <name>word</name>
    <difficult>0</difficult>
    <bndbox>
      <xmin>56</xmin>
      <ymin>194</ymin>
      <xmax>116</xmax>
      <ymax>208</ymax>
    </bndbox>
  </object>
  <object>
    <name>word</name>
    <difficult>0</difficult>
    <bndbox>
      <xmin>367</xmin>
      <ymin>134</ymin>
      <xmax>406</xmax>
      <ymax>147</ymax>
    </bndbox>
  </object>
  <object>
    <name>word</name>
    <difficult>0</difficult>
    <bndbox>
      <xmin>367</xmin>
      <ymin>163</ymin>
      <xmax>426</xmax>
      <ymax>177</ymax>
    </bndbox>
  </object>
  <object>
    <name>word</name>
    <difficult>0</difficult>
    <bndbox>
      <xmin>367</xmin>
      <ymin>196</ymin>
      <xmax>461</xmax>
      <ymax>210</ymax>
    </bndbox>
  </object>
  <object>
    <name>word</name>
    <difficult>0</difficult>
    <bndbox>
      <xmin>367</xmin>
      <ymin>226</ymin>
      <xmax>459</xmax>
      <ymax>237</ymax>
    </bndbox>
  </object>
  <object>
    <name>word</name>
    <difficult>0</difficult>
    <bndbox>
      <xmin>119</xmin>
      <ymin>131</ymin>
      <xmax>268</xmax>
      <ymax>146</ymax>
    </bndbox>
  </object>
  <object>
    <name>word</name>
    <difficult>0</difficult>
    <bndbox>
      <xmin>427</xmin>
      <ymin>130</ymin>
      <xmax>465</xmax>
      <ymax>144</ymax>
    </bndbox>
  </object>
  <object>
    <name>word</name>
    <difficult>0</difficult>
    <bndbox>
      <xmin>539</xmin>
      <ymin>194</ymin>
      <xmax>606</xmax>
      <ymax>208</ymax>
    </bndbox>
  </object>
  <object>
    <name>word</name>
    <difficult>0</difficult>
    <bndbox>
      <xmin>324</xmin>
      <ymin>250</ymin>
      <xmax>427</xmax>
      <ymax>267</ymax>
    </bndbox>
  </object>
  <object>
    <name>word</name>
    <difficult>0</difficult>
    <bndbox>
      <xmin>177</xmin>
      <ymin>286</ymin>
      <xmax>252</xmax>
      <ymax>301</ymax>
    </bndbox>
  </object>
  <object>
    <name>word</name>
    <difficult>0</difficult>
    <bndbox>
      <xmin>56</xmin>
      <ymin>351</ymin>
      <xmax>106</xmax>
      <ymax>362</ymax>
    </bndbox>
  </object>
  <object>
    <name>word</name>
    <difficult>0</difficult>
    <bndbox>
      <xmin>59</xmin>
      <ymin>420</ymin>
      <xmax>181</xmax>
      <ymax>437</ymax>
    </bndbox>
  </object>
  <object>
    <name>word</name>
    <difficult>0</difficult>
    <bndbox>
      <xmin>427</xmin>
      <ymin>317</ymin>
      <xmax>444</xmax>
      <ymax>332</ymax>
    </bndbox>
  </object>
  <object>
    <name>word</name>
    <difficult>0</difficult>
    <bndbox>
      <xmin>384</xmin>
      <ymin>316</ymin>
      <xmax>425</xmax>
      <ymax>334</ymax>
    </bndbox>
  </object>
  <object>
    <name>word</name>
    <difficult>0</difficult>
    <bndbox>
      <xmin>246</xmin>
      <ymin>391</ymin>
      <xmax>267</xmax>
      <ymax>404</ymax>
    </bndbox>
  </object>
  <object>
    <name>word</name>
    <difficult>0</difficult>
    <bndbox>
      <xmin>216</xmin>
      <ymin>388</ymin>
      <xmax>244</xmax>
      <ymax>406</ymax>
    </bndbox>
  </object>
  <object>
    <name>word</name>
    <difficult>0</difficult>
    <bndbox>
      <xmin>57</xmin>
      <ymin>493</ymin>
      <xmax>131</xmax>
      <ymax>508</ymax>
    </bndbox>
  </object>
  <object>
    <name>word</name>
    <difficult>0</difficult>
    <bndbox>
      <xmin>59</xmin>
      <ymin>689</ymin>
      <xmax>194</xmax>
      <ymax>706</ymax>
    </bndbox>
  </object>
  <object>
    <name>word</name>
    <difficult>0</difficult>
    <bndbox>
      <xmin>545</xmin>
      <ymin>888</ymin>
      <xmax>627</xmax>
      <ymax>902</ymax>
    </bndbox>
  </object>
  <object>
    <name>word</name>
    <difficult>0</difficult>
    <bndbox>
      <xmin>496</xmin>
      <ymin>844</ymin>
      <xmax>705</xmax>
      <ymax>915</ymax>
    </bndbox>
  </object>
  <object>
    <name>word</name>
    <difficult>0</difficult>
    <bndbox>
      <xmin>165</xmin>
      <ymin>49</ymin>
      <xmax>270</xmax>
      <ymax>71</ymax>
    </bndbox>
  </object>
  <object>
    <name>word</name>
    <difficult>0</difficult>
    <bndbox>
      <xmin>275</xmin>
      <ymin>49</ymin>
      <xmax>369</xmax>
      <ymax>71</ymax>
    </bndbox>
  </object>
  <object>
    <name>word</name>
    <difficult>0</difficult>
    <bndbox>
      <xmin>377</xmin>
      <ymin>47</ymin>
      <xmax>424</xmax>
      <ymax>74</ymax>
    </bndbox>
  </object>
  <object>
    <name>word</name>
    <difficult>0</difficult>
    <bndbox>
      <xmin>432</xmin>
      <ymin>49</ymin>
      <xmax>449</xmax>
      <ymax>71</ymax>
    </bndbox>
  </object>
  <object>
    <name>word</name>
    <difficult>0</difficult>
    <bndbox>
      <xmin>454</xmin>
      <ymin>49</ymin>
      <xmax>538</xmax>
      <ymax>70</ymax>
    </bndbox>
  </object>
  <object>
    <name>word</name>
    <difficult>0</difficult>
    <bndbox>
      <xmin>545</xmin>
      <ymin>47</ymin>
      <xmax>583</xmax>
      <ymax>71</ymax>
    </bndbox>
  </object>
  <object>
    <name>word</name>
    <difficult>0</difficult>
    <bndbox>
      <xmin>214</xmin>
      <ymin>74</ymin>
      <xmax>281</xmax>
      <ymax>91</ymax>
    </bndbox>
  </object>
  <object>
    <name>word</name>
    <difficult>0</difficult>
    <bndbox>
      <xmin>286</xmin>
      <ymin>74</ymin>
      <xmax>389</xmax>
      <ymax>92</ymax>
    </bndbox>
  </object>
  <object>
    <name>word</name>
    <difficult>0</difficult>
    <bndbox>
      <xmin>390</xmin>
      <ymin>75</ymin>
      <xmax>475</xmax>
      <ymax>92</ymax>
    </bndbox>
  </object>
  <object>
    <name>word</name>
    <difficult>0</difficult>
    <bndbox>
      <xmin>473</xmin>
      <ymin>75</ymin>
      <xmax>536</xmax>
      <ymax>92</ymax>
    </bndbox>
  </object>
  <object>
    <name>word</name>
    <difficult>0</difficult>
    <bndbox>
      <xmin>154</xmin>
      <ymin>159</ymin>
      <xmax>183</xmax>
      <ymax>176</ymax>
    </bndbox>
  </object>
  <object>
    <name>word</name>
    <difficult>0</difficult>
    <bndbox>
      <xmin>182</xmin>
      <ymin>161</ymin>
      <xmax>204</xmax>
      <ymax>176</ymax>
    </bndbox>
  </object>
  <object>
    <name>word</name>
    <difficult>0</difficult>
    <bndbox>
      <xmin>141</xmin>
      <ymin>186</ymin>
      <xmax>162</xmax>
      <ymax>200</ymax>
    </bndbox>
  </object>
  <object>
    <name>word</name>
    <difficult>0</difficult>
    <bndbox>
      <xmin>168</xmin>
      <ymin>186</ymin>
      <xmax>202</xmax>
      <ymax>203</ymax>
    </bndbox>
  </object>
  <object>
    <name>word</name>
    <difficult>0</difficult>
    <bndbox>
      <xmin>211</xmin>
      <ymin>189</ymin>
      <xmax>243</xmax>
      <ymax>203</ymax>
    </bndbox>
  </object>
  <object>
    <name>word</name>
    <difficult>0</difficult>
    <bndbox>
      <xmin>433</xmin>
      <ymin>159</ymin>
      <xmax>451</xmax>
      <ymax>177</ymax>
    </bndbox>
  </object>
  <object>
    <name>word</name>
    <difficult>0</difficult>
    <bndbox>
      <xmin>450</xmin>
      <ymin>161</ymin>
      <xmax>465</xmax>
      <ymax>175</ymax>
    </bndbox>
  </object>
  <object>
    <name>word</name>
    <difficult>0</difficult>
    <bndbox>
      <xmin>471</xmin>
      <ymin>162</ymin>
      <xmax>479</xmax>
      <ymax>176</ymax>
    </bndbox>
  </object>
  <object>
    <name>word</name>
    <difficult>0</difficult>
    <bndbox>
      <xmin>485</xmin>
      <ymin>162</ymin>
      <xmax>499</xmax>
      <ymax>176</ymax>
    </bndbox>
  </object>
  <object>
    <name>word</name>
    <difficult>0</difficult>
    <bndbox>
      <xmin>499</xmin>
      <ymin>163</ymin>
      <xmax>517</xmax>
      <ymax>176</ymax>
    </bndbox>
  </object>
  <object>
    <name>word</name>
    <difficult>0</difficult>
    <bndbox>
      <xmin>589</xmin>
      <ymin>159</ymin>
      <xmax>602</xmax>
      <ymax>177</ymax>
    </bndbox>
  </object>
  <object>
    <name>word</name>
    <difficult>0</difficult>
    <bndbox>
      <xmin>603</xmin>
      <ymin>162</ymin>
      <xmax>624</xmax>
      <ymax>176</ymax>
    </bndbox>
  </object>
  <object>
    <name>word</name>
    <difficult>0</difficult>
    <bndbox>
      <xmin>624</xmin>
      <ymin>161</ymin>
      <xmax>644</xmax>
      <ymax>174</ymax>
    </bndbox>
  </object>
  <object>
    <name>word</name>
    <difficult>0</difficult>
    <bndbox>
      <xmin>57</xmin>
      <ymin>313</ymin>
      <xmax>106</xmax>
      <ymax>334</ymax>
    </bndbox>
  </object>
  <object>
    <name>word</name>
    <difficult>0</difficult>
    <bndbox>
      <xmin>109</xmin>
      <ymin>316</ymin>
      <xmax>126</xmax>
      <ymax>333</ymax>
    </bndbox>
  </object>
  <object>
    <name>word</name>
    <difficult>0</difficult>
    <bndbox>
      <xmin>180</xmin>
      <ymin>316</ymin>
      <xmax>207</xmax>
      <ymax>334</ymax>
    </bndbox>
  </object>
  <object>
    <name>word</name>
    <difficult>0</difficult>
    <bndbox>
      <xmin>211</xmin>
      <ymin>316</ymin>
      <xmax>225</xmax>
      <ymax>333</ymax>
    </bndbox>
  </object>
  <object>
    <name>word</name>
    <difficult>0</difficult>
    <bndbox>
      <xmin>141</xmin>
      <ymin>345</ymin>
      <xmax>161</xmax>
      <ymax>362</ymax>
    </bndbox>
  </object>
  <object>
    <name>word</name>
    <difficult>0</difficult>
    <bndbox>
      <xmin>169</xmin>
      <ymin>349</ymin>
      <xmax>225</xmax>
      <ymax>360</ymax>
    </bndbox>
  </object>
  <object>
    <name>word</name>
    <difficult>0</difficult>
    <bndbox>
      <xmin>232</xmin>
      <ymin>346</ymin>
      <xmax>261</xmax>
      <ymax>361</ymax>
    </bndbox>
  </object>
  <object>
    <name>word</name>
    <difficult>0</difficult>
    <bndbox>
      <xmin>383</xmin>
      <ymin>351</ymin>
      <xmax>400</xmax>
      <ymax>365</ymax>
    </bndbox>
  </object>
  <object>
    <name>word</name>
    <difficult>0</difficult>
    <bndbox>
      <xmin>404</xmin>
      <ymin>346</ymin>
      <xmax>418</xmax>
      <ymax>361</ymax>
    </bndbox>
  </object>
  <object>
    <name>word</name>
    <difficult>0</difficult>
    <bndbox>
      <xmin>418</xmin>
      <ymin>351</ymin>
      <xmax>468</xmax>
      <ymax>366</ymax>
    </bndbox>
  </object>
  <object>
    <name>word</name>
    <difficult>0</difficult>
    <bndbox>
      <xmin>508</xmin>
      <ymin>351</ymin>
      <xmax>519</xmax>
      <ymax>364</ymax>
    </bndbox>
  </object>
  <object>
    <name>word</name>
    <difficult>0</difficult>
    <bndbox>
      <xmin>524</xmin>
      <ymin>351</ymin>
      <xmax>542</xmax>
      <ymax>368</ymax>
    </bndbox>
  </object>
  <object>
    <name>word</name>
    <difficult>0</difficult>
    <bndbox>
      <xmin>539</xmin>
      <ymin>390</ymin>
      <xmax>567</xmax>
      <ymax>405</ymax>
    </bndbox>
  </object>
  <object>
    <name>word</name>
    <difficult>0</difficult>
    <bndbox>
      <xmin>568</xmin>
      <ymin>390</ymin>
      <xmax>588</xmax>
      <ymax>408</ymax>
    </bndbox>
  </object>
  <object>
    <name>word</name>
    <difficult>0</difficult>
    <bndbox>
      <xmin>385</xmin>
      <ymin>383</ymin>
      <xmax>428</xmax>
      <ymax>397</ymax>
    </bndbox>
  </object>
  <object>
    <name>word</name>
    <difficult>0</difficult>
    <bndbox>
      <xmin>432</xmin>
      <ymin>383</ymin>
      <xmax>463</xmax>
      <ymax>396</ymax>
    </bndbox>
  </object>
  <object>
    <name>word</name>
    <difficult>0</difficult>
    <bndbox>
      <xmin>385</xmin>
      <ymin>395</ymin>
      <xmax>438</xmax>
      <ymax>406</ymax>
    </bndbox>
  </object>
  <object>
    <name>word</name>
    <difficult>0</difficult>
    <bndbox>
      <xmin>440</xmin>
      <ymin>394</ymin>
      <xmax>506</xmax>
      <ymax>409</ymax>
    </bndbox>
  </object>
  <object>
    <name>word</name>
    <difficult>0</difficult>
    <bndbox>
      <xmin>56</xmin>
      <ymin>383</ymin>
      <xmax>84</xmax>
      <ymax>394</ymax>
    </bndbox>
  </object>
  <object>
    <name>word</name>
    <difficult>0</difficult>
    <bndbox>
      <xmin>59</xmin>
      <ymin>395</ymin>
      <xmax>111</xmax>
      <ymax>409</ymax>
    </bndbox>
  </object>
  <object>
    <name>word</name>
    <difficult>0</difficult>
    <bndbox>
      <xmin>112</xmin>
      <ymin>392</ymin>
      <xmax>178</xmax>
      <ymax>413</ymax>
    </bndbox>
  </object>
  <object>
    <name>word</name>
    <difficult>0</difficult>
    <bndbox>
      <xmin>183</xmin>
      <ymin>422</ymin>
      <xmax>236</xmax>
      <ymax>436</ymax>
    </bndbox>
  </object>
  <object>
    <name>word</name>
    <difficult>0</difficult>
    <bndbox>
      <xmin>237</xmin>
      <ymin>419</ymin>
      <xmax>261</xmax>
      <ymax>434</ymax>
    </bndbox>
  </object>
  <object>
    <name>word</name>
    <difficult>0</difficult>
    <bndbox>
      <xmin>263</xmin>
      <ymin>423</ymin>
      <xmax>313</xmax>
      <ymax>437</ymax>
    </bndbox>
  </object>
  <object>
    <name>word</name>
    <difficult>0</difficult>
    <bndbox>
      <xmin>314</xmin>
      <ymin>419</ymin>
      <xmax>327</xmax>
      <ymax>436</ymax>
    </bndbox>
  </object>
  <object>
    <name>word</name>
    <difficult>0</difficult>
    <bndbox>
      <xmin>327</xmin>
      <ymin>419</ymin>
      <xmax>361</xmax>
      <ymax>437</ymax>
    </bndbox>
  </object>
  <object>
    <name>word</name>
    <difficult>0</difficult>
    <bndbox>
      <xmin>133</xmin>
      <ymin>490</ymin>
      <xmax>196</xmax>
      <ymax>507</ymax>
    </bndbox>
  </object>
  <object>
    <name>word</name>
    <difficult>0</difficult>
    <bndbox>
      <xmin>198</xmin>
      <ymin>494</ymin>
      <xmax>212</xmax>
      <ymax>505</ymax>
    </bndbox>
  </object>
  <object>
    <name>word</name>
    <difficult>0</difficult>
    <bndbox>
      <xmin>212</xmin>
      <ymin>494</ymin>
      <xmax>255</xmax>
      <ymax>508</ymax>
    </bndbox>
  </object>
  <object>
    <name>word</name>
    <difficult>0</difficult>
    <bndbox>
      <xmin>256</xmin>
      <ymin>494</ymin>
      <xmax>270</xmax>
      <ymax>507</ymax>
    </bndbox>
  </object>
  <object>
    <name>word</name>
    <difficult>0</difficult>
    <bndbox>
      <xmin>272</xmin>
      <ymin>493</ymin>
      <xmax>306</xmax>
      <ymax>511</ymax>
    </bndbox>
  </object>
  <object>
    <name>word</name>
    <difficult>0</difficult>
    <bndbox>
      <xmin>309</xmin>
      <ymin>493</ymin>
      <xmax>337</xmax>
      <ymax>508</ymax>
    </bndbox>
  </object>
  <object>
    <name>word</name>
    <difficult>0</difficult>
    <bndbox>
      <xmin>337</xmin>
      <ymin>493</ymin>
      <xmax>371</xmax>
      <ymax>510</ymax>
    </bndbox>
  </object>
  <object>
    <name>word</name>
    <difficult>0</difficult>
    <bndbox>
      <xmin>370</xmin>
      <ymin>493</ymin>
      <xmax>420</xmax>
      <ymax>511</ymax>
    </bndbox>
  </object>
  <object>
    <name>word</name>
    <difficult>0</difficult>
    <bndbox>
      <xmin>422</xmin>
      <ymin>494</ymin>
      <xmax>490</xmax>
      <ymax>512</ymax>
    </bndbox>
  </object>
  <object>
    <name>word</name>
    <difficult>0</difficult>
    <bndbox>
      <xmin>54</xmin>
      <ymin>513</ymin>
      <xmax>83</xmax>
      <ymax>530</ymax>
    </bndbox>
  </object>
  <object>
    <name>word</name>
    <difficult>0</difficult>
    <bndbox>
      <xmin>91</xmin>
      <ymin>511</ymin>
      <xmax>104</xmax>
      <ymax>526</ymax>
    </bndbox>
  </object>
  <object>
    <name>word</name>
    <difficult>0</difficult>
    <bndbox>
      <xmin>110</xmin>
      <ymin>515</ymin>
      <xmax>118</xmax>
      <ymax>528</ymax>
    </bndbox>
  </object>
  <object>
    <name>word</name>
    <difficult>0</difficult>
    <bndbox>
      <xmin>126</xmin>
      <ymin>517</ymin>
      <xmax>220</xmax>
      <ymax>528</ymax>
    </bndbox>
  </object>
  <object>
    <name>word</name>
    <difficult>0</difficult>
    <bndbox>
      <xmin>225</xmin>
      <ymin>513</ymin>
      <xmax>253</xmax>
      <ymax>530</ymax>
    </bndbox>
  </object>
  <object>
    <name>word</name>
    <difficult>0</difficult>
    <bndbox>
      <xmin>257</xmin>
      <ymin>514</ymin>
      <xmax>300</xmax>
      <ymax>532</ymax>
    </bndbox>
  </object>
  <object>
    <name>word</name>
    <difficult>0</difficult>
    <bndbox>
      <xmin>309</xmin>
      <ymin>514</ymin>
      <xmax>324</xmax>
      <ymax>531</ymax>
    </bndbox>
  </object>
  <object>
    <name>word</name>
    <difficult>0</difficult>
    <bndbox>
      <xmin>328</xmin>
      <ymin>515</ymin>
      <xmax>371</xmax>
      <ymax>530</ymax>
    </bndbox>
  </object>
  <object>
    <name>word</name>
    <difficult>0</difficult>
    <bndbox>
      <xmin>383</xmin>
      <ymin>515</ymin>
      <xmax>404</xmax>
      <ymax>532</ymax>
    </bndbox>
  </object>
  <object>
    <name>word</name>
    <difficult>0</difficult>
    <bndbox>
      <xmin>406</xmin>
      <ymin>517</ymin>
      <xmax>420</xmax>
      <ymax>534</ymax>
    </bndbox>
  </object>
  <object>
    <name>word</name>
    <difficult>0</difficult>
    <bndbox>
      <xmin>427</xmin>
      <ymin>518</ymin>
      <xmax>458</xmax>
      <ymax>532</ymax>
    </bndbox>
  </object>
  <object>
    <name>word</name>
    <difficult>0</difficult>
    <bndbox>
      <xmin>461</xmin>
      <ymin>517</ymin>
      <xmax>492</xmax>
      <ymax>532</ymax>
    </bndbox>
  </object>
  <object>
    <name>word</name>
    <difficult>0</difficult>
    <bndbox>
      <xmin>494</xmin>
      <ymin>515</ymin>
      <xmax>511</xmax>
      <ymax>532</ymax>
    </bndbox>
  </object>
  <object>
    <name>word</name>
    <difficult>0</difficult>
    <bndbox>
      <xmin>517</xmin>
      <ymin>518</ymin>
      <xmax>548</xmax>
      <ymax>532</ymax>
    </bndbox>
  </object>
  <object>
    <name>word</name>
    <difficult>0</difficult>
    <bndbox>
      <xmin>553</xmin>
      <ymin>517</ymin>
      <xmax>581</xmax>
      <ymax>531</ymax>
    </bndbox>
  </object>
  <object>
    <name>word</name>
    <difficult>0</difficult>
    <bndbox>
      <xmin>589</xmin>
      <ymin>517</ymin>
      <xmax>624</xmax>
      <ymax>532</ymax>
    </bndbox>
  </object>
  <object>
    <name>word</name>
    <difficult>0</difficult>
    <bndbox>
      <xmin>54</xmin>
      <ymin>529</ymin>
      <xmax>110</xmax>
      <ymax>542</ymax>
    </bndbox>
  </object>
  <object>
    <name>word</name>
    <difficult>0</difficult>
    <bndbox>
      <xmin>122</xmin>
      <ymin>529</ymin>
      <xmax>151</xmax>
      <ymax>540</ymax>
    </bndbox>
  </object>
  <object>
    <name>word</name>
    <difficult>0</difficult>
    <bndbox>
      <xmin>152</xmin>
      <ymin>529</ymin>
      <xmax>220</xmax>
      <ymax>544</ymax>
    </bndbox>
  </object>
  <object>
    <name>word</name>
    <difficult>0</difficult>
    <bndbox>
      <xmin>222</xmin>
      <ymin>532</ymin>
      <xmax>246</xmax>
      <ymax>543</ymax>
    </bndbox>
  </object>
  <object>
    <name>word</name>
    <difficult>0</difficult>
    <bndbox>
      <xmin>249</xmin>
      <ymin>534</ymin>
      <xmax>270</xmax>
      <ymax>542</ymax>
    </bndbox>
  </object>
  <object>
    <name>word</name>
    <difficult>0</difficult>
    <bndbox>
      <xmin>271</xmin>
      <ymin>532</ymin>
      <xmax>309</xmax>
      <ymax>547</ymax>
    </bndbox>
  </object>
  <object>
    <name>word</name>
    <difficult>0</difficult>
    <bndbox>
      <xmin>314</xmin>
      <ymin>532</ymin>
      <xmax>350</xmax>
      <ymax>545</ymax>
    </bndbox>
  </object>
  <object>
    <name>word</name>
    <difficult>0</difficult>
    <bndbox>
      <xmin>356</xmin>
      <ymin>532</ymin>
      <xmax>412</xmax>
      <ymax>545</ymax>
    </bndbox>
  </object>
  <object>
    <name>word</name>
    <difficult>0</difficult>
    <bndbox>
      <xmin>420</xmin>
      <ymin>532</ymin>
      <xmax>445</xmax>
      <ymax>542</ymax>
    </bndbox>
  </object>
  <object>
    <name>word</name>
    <difficult>0</difficult>
    <bndbox>
      <xmin>447</xmin>
      <ymin>534</ymin>
      <xmax>465</xmax>
      <ymax>545</ymax>
    </bndbox>
  </object>
  <object>
    <name>word</name>
    <difficult>0</difficult>
    <bndbox>
      <xmin>466</xmin>
      <ymin>532</ymin>
      <xmax>494</xmax>
      <ymax>545</ymax>
    </bndbox>
  </object>
  <object>
    <name>word</name>
    <difficult>0</difficult>
    <bndbox>
      <xmin>56</xmin>
      <ymin>543</ymin>
      <xmax>74</xmax>
      <ymax>554</ymax>
    </bndbox>
  </object>
  <object>
    <name>word</name>
    <difficult>0</difficult>
    <bndbox>
      <xmin>496</xmin>
      <ymin>532</ymin>
      <xmax>564</xmax>
      <ymax>549</ymax>
    </bndbox>
  </object>
  <object>
    <name>word</name>
    <difficult>0</difficult>
    <bndbox>
      <xmin>564</xmin>
      <ymin>532</ymin>
      <xmax>589</xmax>
      <ymax>549</ymax>
    </bndbox>
  </object>
  <object>
    <name>word</name>
    <difficult>0</difficult>
    <bndbox>
      <xmin>589</xmin>
      <ymin>534</ymin>
      <xmax>617</xmax>
      <ymax>549</ymax>
    </bndbox>
  </object>
  <object>
    <name>word</name>
    <difficult>0</difficult>
    <bndbox>
      <xmin>616</xmin>
      <ymin>532</ymin>
      <xmax>652</xmax>
      <ymax>550</ymax>
    </bndbox>
  </object>
  <object>
    <name>word</name>
    <difficult>0</difficult>
    <bndbox>
      <xmin>77</xmin>
      <ymin>546</ymin>
      <xmax>127</xmax>
      <ymax>554</ymax>
    </bndbox>
  </object>
  <object>
    <name>word</name>
    <difficult>0</difficult>
    <bndbox>
      <xmin>131</xmin>
      <ymin>545</ymin>
      <xmax>165</xmax>
      <ymax>558</ymax>
    </bndbox>
  </object>
  <object>
    <name>word</name>
    <difficult>0</difficult>
    <bndbox>
      <xmin>165</xmin>
      <ymin>543</ymin>
      <xmax>203</xmax>
      <ymax>557</ymax>
    </bndbox>
  </object>
  <object>
    <name>word</name>
    <difficult>0</difficult>
    <bndbox>
      <xmin>216</xmin>
      <ymin>543</ymin>
      <xmax>250</xmax>
      <ymax>558</ymax>
    </bndbox>
  </object>
  <object>
    <name>word</name>
    <difficult>0</difficult>
    <bndbox>
      <xmin>251</xmin>
      <ymin>543</ymin>
      <xmax>289</xmax>
      <ymax>557</ymax>
    </bndbox>
  </object>
  <object>
    <name>word</name>
    <difficult>0</difficult>
    <bndbox>
      <xmin>293</xmin>
      <ymin>547</ymin>
      <xmax>314</xmax>
      <ymax>560</ymax>
    </bndbox>
  </object>
  <object>
    <name>word</name>
    <difficult>0</difficult>
    <bndbox>
      <xmin>314</xmin>
      <ymin>546</ymin>
      <xmax>364</xmax>
      <ymax>560</ymax>
    </bndbox>
  </object>
  <object>
    <name>word</name>
    <difficult>0</difficult>
    <bndbox>
      <xmin>370</xmin>
      <ymin>545</ymin>
      <xmax>429</xmax>
      <ymax>560</ymax>
    </bndbox>
  </object>
  <object>
    <name>word</name>
    <difficult>0</difficult>
    <bndbox>
      <xmin>433</xmin>
      <ymin>545</ymin>
      <xmax>457</xmax>
      <ymax>560</ymax>
    </bndbox>
  </object>
  <object>
    <name>word</name>
    <difficult>0</difficult>
    <bndbox>
      <xmin>462</xmin>
      <ymin>547</ymin>
      <xmax>504</xmax>
      <ymax>561</ymax>
    </bndbox>
  </object>
  <object>
    <name>word</name>
    <difficult>0</difficult>
    <bndbox>
      <xmin>503</xmin>
      <ymin>547</ymin>
      <xmax>538</xmax>
      <ymax>562</ymax>
    </bndbox>
  </object>
  <object>
    <name>word</name>
    <difficult>0</difficult>
    <bndbox>
      <xmin>538</xmin>
      <ymin>549</ymin>
      <xmax>583</xmax>
      <ymax>560</ymax>
    </bndbox>
  </object>
  <object>
    <name>word</name>
    <difficult>0</difficult>
    <bndbox>
      <xmin>585</xmin>
      <ymin>545</ymin>
      <xmax>612</xmax>
      <ymax>560</ymax>
    </bndbox>
  </object>
  <object>
    <name>word</name>
    <difficult>0</difficult>
    <bndbox>
      <xmin>54</xmin>
      <ymin>557</ymin>
      <xmax>99</xmax>
      <ymax>570</ymax>
    </bndbox>
  </object>
  <object>
    <name>word</name>
    <difficult>0</difficult>
    <bndbox>
      <xmin>105</xmin>
      <ymin>557</ymin>
      <xmax>154</xmax>
      <ymax>572</ymax>
    </bndbox>
  </object>
  <object>
    <name>word</name>
    <difficult>0</difficult>
    <bndbox>
      <xmin>161</xmin>
      <ymin>560</ymin>
      <xmax>204</xmax>
      <ymax>571</ymax>
    </bndbox>
  </object>
  <object>
    <name>word</name>
    <difficult>0</difficult>
    <bndbox>
      <xmin>211</xmin>
      <ymin>557</ymin>
      <xmax>232</xmax>
      <ymax>574</ymax>
    </bndbox>
  </object>
  <object>
    <name>word</name>
    <difficult>0</difficult>
    <bndbox>
      <xmin>237</xmin>
      <ymin>557</ymin>
      <xmax>314</xmax>
      <ymax>570</ymax>
    </bndbox>
  </object>
  <object>
    <name>word</name>
    <difficult>0</difficult>
    <bndbox>
      <xmin>615</xmin>
      <ymin>549</ymin>
      <xmax>643</xmax>
      <ymax>566</ymax>
    </bndbox>
  </object>
  <object>
    <name>word</name>
    <difficult>0</difficult>
    <bndbox>
      <xmin>52</xmin>
      <ymin>582</ymin>
      <xmax>76</xmax>
      <ymax>600</ymax>
    </bndbox>
  </object>
  <object>
    <name>word</name>
    <difficult>0</difficult>
    <bndbox>
      <xmin>82</xmin>
      <ymin>582</ymin>
      <xmax>110</xmax>
      <ymax>597</ymax>
    </bndbox>
  </object>
  <object>
    <name>word</name>
    <difficult>0</difficult>
    <bndbox>
      <xmin>116</xmin>
      <ymin>584</ymin>
      <xmax>150</xmax>
      <ymax>599</ymax>
    </bndbox>
  </object>
  <object>
    <name>word</name>
    <difficult>0</difficult>
    <bndbox>
      <xmin>159</xmin>
      <ymin>584</ymin>
      <xmax>209</xmax>
      <ymax>599</ymax>
    </bndbox>
  </object>
  <object>
    <name>word</name>
    <difficult>0</difficult>
    <bndbox>
      <xmin>215</xmin>
      <ymin>582</ymin>
      <xmax>232</xmax>
      <ymax>599</ymax>
    </bndbox>
  </object>
  <object>
    <name>word</name>
    <difficult>0</difficult>
    <bndbox>
      <xmin>237</xmin>
      <ymin>584</ymin>
      <xmax>259</xmax>
      <ymax>599</ymax>
    </bndbox>
  </object>
  <object>
    <name>word</name>
    <difficult>0</difficult>
    <bndbox>
      <xmin>265</xmin>
      <ymin>585</ymin>
      <xmax>306</xmax>
      <ymax>600</ymax>
    </bndbox>
  </object>
  <object>
    <name>word</name>
    <difficult>0</difficult>
    <bndbox>
      <xmin>313</xmin>
      <ymin>585</ymin>
      <xmax>337</xmax>
      <ymax>600</ymax>
    </bndbox>
  </object>
  <object>
    <name>word</name>
    <difficult>0</difficult>
    <bndbox>
      <xmin>344</xmin>
      <ymin>588</ymin>
      <xmax>352</xmax>
      <ymax>599</ymax>
    </bndbox>
  </object>
  <object>
    <name>word</name>
    <difficult>0</difficult>
    <bndbox>
      <xmin>356</xmin>
      <ymin>585</ymin>
      <xmax>412</xmax>
      <ymax>600</ymax>
    </bndbox>
  </object>
  <object>
    <name>word</name>
    <difficult>0</difficult>
    <bndbox>
      <xmin>418</xmin>
      <ymin>585</ymin>
      <xmax>432</xmax>
      <ymax>600</ymax>
    </bndbox>
  </object>
  <object>
    <name>word</name>
    <difficult>0</difficult>
    <bndbox>
      <xmin>433</xmin>
      <ymin>584</ymin>
      <xmax>467</xmax>
      <ymax>601</ymax>
    </bndbox>
  </object>
  <object>
    <name>word</name>
    <difficult>0</difficult>
    <bndbox>
      <xmin>475</xmin>
      <ymin>585</ymin>
      <xmax>497</xmax>
      <ymax>603</ymax>
    </bndbox>
  </object>
  <object>
    <name>word</name>
    <difficult>0</difficult>
    <bndbox>
      <xmin>501</xmin>
      <ymin>585</ymin>
      <xmax>525</xmax>
      <ymax>602</ymax>
    </bndbox>
  </object>
  <object>
    <name>word</name>
    <difficult>0</difficult>
    <bndbox>
      <xmin>531</xmin>
      <ymin>585</ymin>
      <xmax>597</xmax>
      <ymax>602</ymax>
    </bndbox>
  </object>
  <object>
    <name>word</name>
    <difficult>0</difficult>
    <bndbox>
      <xmin>602</xmin>
      <ymin>585</ymin>
      <xmax>652</xmax>
      <ymax>606</ymax>
    </bndbox>
  </object>
  <object>
    <name>word</name>
    <difficult>0</difficult>
    <bndbox>
      <xmin>53</xmin>
      <ymin>598</ymin>
      <xmax>96</xmax>
      <ymax>615</ymax>
    </bndbox>
  </object>
  <object>
    <name>word</name>
    <difficult>0</difficult>
    <bndbox>
      <xmin>197</xmin>
      <ymin>690</ymin>
      <xmax>253</xmax>
      <ymax>707</ymax>
    </bndbox>
  </object>
  <object>
    <name>word</name>
    <difficult>0</difficult>
    <bndbox>
      <xmin>256</xmin>
      <ymin>689</ymin>
      <xmax>312</xmax>
      <ymax>703</ymax>
    </bndbox>
  </object>
  <object>
    <name>word</name>
    <difficult>0</difficult>
    <bndbox>
      <xmin>314</xmin>
      <ymin>689</ymin>
      <xmax>359</xmax>
      <ymax>706</ymax>
    </bndbox>
  </object>
  <object>
    <name>word</name>
    <difficult>0</difficult>
    <bndbox>
      <xmin>359</xmin>
      <ymin>689</ymin>
      <xmax>393</xmax>
      <ymax>706</ymax>
    </bndbox>
  </object>
  <object>
    <name>word</name>
    <difficult>0</difficult>
    <bndbox>
      <xmin>394</xmin>
      <ymin>689</ymin>
      <xmax>439</xmax>
      <ymax>707</ymax>
    </bndbox>
  </object>
  <object>
    <name>word</name>
    <difficult>0</difficult>
    <bndbox>
      <xmin>439</xmin>
      <ymin>689</ymin>
      <xmax>507</xmax>
      <ymax>704</ymax>
    </bndbox>
  </object>
  <object>
    <name>word</name>
    <difficult>0</difficult>
    <bndbox>
      <xmin>510</xmin>
      <ymin>691</ymin>
      <xmax>535</xmax>
      <ymax>702</ymax>
    </bndbox>
  </object>
  <object>
    <name>word</name>
    <difficult>0</difficult>
    <bndbox>
      <xmin>53</xmin>
      <ymin>708</ymin>
      <xmax>77</xmax>
      <ymax>723</ymax>
    </bndbox>
  </object>
  <object>
    <name>word</name>
    <difficult>0</difficult>
    <bndbox>
      <xmin>81</xmin>
      <ymin>708</ymin>
      <xmax>119</xmax>
      <ymax>725</ymax>
    </bndbox>
  </object>
  <object>
    <name>word</name>
    <difficult>0</difficult>
    <bndbox>
      <xmin>122</xmin>
      <ymin>709</ymin>
      <xmax>140</xmax>
      <ymax>722</ymax>
    </bndbox>
  </object>
  <object>
    <name>word</name>
    <difficult>0</difficult>
    <bndbox>
      <xmin>145</xmin>
      <ymin>709</ymin>
      <xmax>174</xmax>
      <ymax>723</ymax>
    </bndbox>
  </object>
  <object>
    <name>word</name>
    <difficult>0</difficult>
    <bndbox>
      <xmin>180</xmin>
      <ymin>711</ymin>
      <xmax>251</xmax>
      <ymax>724</ymax>
    </bndbox>
  </object>
  <object>
    <name>word</name>
    <difficult>0</difficult>
    <bndbox>
      <xmin>258</xmin>
      <ymin>709</ymin>
      <xmax>279</xmax>
      <ymax>724</ymax>
    </bndbox>
  </object>
  <object>
    <name>word</name>
    <difficult>0</difficult>
    <bndbox>
      <xmin>286</xmin>
      <ymin>711</ymin>
      <xmax>328</xmax>
      <ymax>725</ymax>
    </bndbox>
  </object>
  <object>
    <name>word</name>
    <difficult>0</difficult>
    <bndbox>
      <xmin>334</xmin>
      <ymin>711</ymin>
      <xmax>355</xmax>
      <ymax>725</ymax>
    </bndbox>
  </object>
  <object>
    <name>word</name>
    <difficult>0</difficult>
    <bndbox>
      <xmin>365</xmin>
      <ymin>711</ymin>
      <xmax>400</xmax>
      <ymax>725</ymax>
    </bndbox>
  </object>
  <object>
    <name>word</name>
    <difficult>0</difficult>
    <bndbox>
      <xmin>405</xmin>
      <ymin>712</ymin>
      <xmax>422</xmax>
      <ymax>729</ymax>
    </bndbox>
  </object>
  <object>
    <name>word</name>
    <difficult>0</difficult>
    <bndbox>
      <xmin>426</xmin>
      <ymin>712</ymin>
      <xmax>446</xmax>
      <ymax>726</ymax>
    </bndbox>
  </object>
  <object>
    <name>word</name>
    <difficult>0</difficult>
    <bndbox>
      <xmin>453</xmin>
      <ymin>714</ymin>
      <xmax>502</xmax>
      <ymax>728</ymax>
    </bndbox>
  </object>
  <object>
    <name>word</name>
    <difficult>0</difficult>
    <bndbox>
      <xmin>517</xmin>
      <ymin>711</ymin>
      <xmax>552</xmax>
      <ymax>726</ymax>
    </bndbox>
  </object>
  <object>
    <name>word</name>
    <difficult>0</difficult>
    <bndbox>
      <xmin>560</xmin>
      <ymin>709</ymin>
      <xmax>594</xmax>
      <ymax>727</ymax>
    </bndbox>
  </object>
  <object>
    <name>word</name>
    <difficult>0</difficult>
    <bndbox>
      <xmin>602</xmin>
      <ymin>711</ymin>
      <xmax>629</xmax>
      <ymax>726</ymax>
    </bndbox>
  </object>
  <object>
    <name>word</name>
    <difficult>0</difficult>
    <bndbox>
      <xmin>635</xmin>
      <ymin>712</ymin>
      <xmax>648</xmax>
      <ymax>727</ymax>
    </bndbox>
  </object>
  <object>
    <name>word</name>
    <difficult>0</difficult>
    <bndbox>
      <xmin>52</xmin>
      <ymin>725</ymin>
      <xmax>83</xmax>
      <ymax>739</ymax>
    </bndbox>
  </object>
  <object>
    <name>word</name>
    <difficult>0</difficult>
    <bndbox>
      <xmin>88</xmin>
      <ymin>723</ymin>
      <xmax>138</xmax>
      <ymax>738</ymax>
    </bndbox>
  </object>
  <object>
    <name>word</name>
    <difficult>0</difficult>
    <bndbox>
      <xmin>144</xmin>
      <ymin>723</ymin>
      <xmax>180</xmax>
      <ymax>741</ymax>
    </bndbox>
  </object>
  <object>
    <name>word</name>
    <difficult>0</difficult>
    <bndbox>
      <xmin>186</xmin>
      <ymin>725</ymin>
      <xmax>239</xmax>
      <ymax>739</ymax>
    </bndbox>
  </object>
  <object>
    <name>word</name>
    <difficult>0</difficult>
    <bndbox>
      <xmin>243</xmin>
      <ymin>725</ymin>
      <xmax>253</xmax>
      <ymax>739</ymax>
    </bndbox>
  </object>
  <object>
    <name>word</name>
    <difficult>0</difficult>
    <bndbox>
      <xmin>256</xmin>
      <ymin>725</ymin>
      <xmax>292</xmax>
      <ymax>742</ymax>
    </bndbox>
  </object>
  <object>
    <name>word</name>
    <difficult>0</difficult>
    <bndbox>
      <xmin>293</xmin>
      <ymin>726</ymin>
      <xmax>342</xmax>
      <ymax>741</ymax>
    </bndbox>
  </object>
  <object>
    <name>word</name>
    <difficult>0</difficult>
    <bndbox>
      <xmin>468</xmin>
      <ymin>729</ymin>
      <xmax>513</xmax>
      <ymax>744</ymax>
    </bndbox>
  </object>
  <object>
    <name>word</name>
    <difficult>0</difficult>
    <bndbox>
      <xmin>580</xmin>
      <ymin>730</ymin>
      <xmax>608</xmax>
      <ymax>741</ymax>
    </bndbox>
  </object>
  <object>
    <name>word</name>
    <difficult>0</difficult>
    <bndbox>
      <xmin>54</xmin>
      <ymin>737</ymin>
      <xmax>110</xmax>
      <ymax>751</ymax>
    </bndbox>
  </object>
  <object>
    <name>word</name>
    <difficult>0</difficult>
    <bndbox>
      <xmin>133</xmin>
      <ymin>739</ymin>
      <xmax>153</xmax>
      <ymax>750</ymax>
    </bndbox>
  </object>
  <object>
    <name>word</name>
    <difficult>0</difficult>
    <bndbox>
      <xmin>348</xmin>
      <ymin>725</ymin>
      <xmax>422</xmax>
      <ymax>745</ymax>
    </bndbox>
  </object>
  <object>
    <name>word</name>
    <difficult>0</difficult>
    <bndbox>
      <xmin>426</xmin>
      <ymin>725</ymin>
      <xmax>465</xmax>
      <ymax>745</ymax>
    </bndbox>
  </object>
  <object>
    <name>word</name>
    <difficult>0</difficult>
    <bndbox>
      <xmin>517</xmin>
      <ymin>728</ymin>
      <xmax>573</xmax>
      <ymax>745</ymax>
    </bndbox>
  </object>
  <object>
    <name>word</name>
    <difficult>0</difficult>
    <bndbox>
      <xmin>113</xmin>
      <ymin>742</ymin>
      <xmax>127</xmax>
      <ymax>750</ymax>
    </bndbox>
  </object>
  <object>
    <name>word</name>
    <difficult>0</difficult>
    <bndbox>
      <xmin>156</xmin>
      <ymin>742</ymin>
      <xmax>178</xmax>
      <ymax>753</ymax>
    </bndbox>
  </object>
  <object>
    <name>word</name>
    <difficult>0</difficult>
    <bndbox>
      <xmin>182</xmin>
      <ymin>740</ymin>
      <xmax>216</xmax>
      <ymax>753</ymax>
    </bndbox>
  </object>
  <object>
    <name>word</name>
    <difficult>0</difficult>
    <bndbox>
      <xmin>219</xmin>
      <ymin>742</ymin>
      <xmax>304</xmax>
      <ymax>753</ymax>
    </bndbox>
  </object>
  <object>
    <name>word</name>
    <difficult>0</difficult>
    <bndbox>
      <xmin>31</xmin>
      <ymin>892</ymin>
      <xmax>56</xmax>
      <ymax>902</ymax>
    </bndbox>
  </object>
  <object>
    <name>word</name>
    <difficult>0</difficult>
    <bndbox>
      <xmin>56</xmin>
      <ymin>890</ymin>
      <xmax>71</xmax>
      <ymax>904</ymax>
    </bndbox>
  </object>
  <object>
    <name>word</name>
    <difficult>0</difficult>
    <bndbox>
      <xmin>70</xmin>
      <ymin>890</ymin>
      <xmax>84</xmax>
      <ymax>905</ymax>
    </bndbox>
  </object>
  <object>
    <name>word</name>
    <difficult>0</difficult>
    <bndbox>
      <xmin>85</xmin>
      <ymin>891</ymin>
      <xmax>100</xmax>
      <ymax>905</ymax>
    </bndbox>
  </object>
  <object>
    <name>word</name>
    <difficult>0</difficult>
    <bndbox>
      <xmin>0</xmin>
      <ymin>951</ymin>
      <xmax>77</xmax>
      <ymax>966</ymax>
    </bndbox>
  </object>
  <object>
    <name>word</name>
    <difficult>0</difficult>
    <bndbox>
      <xmin>0</xmin>
      <ymin>969</ymin>
      <xmax>71</xmax>
      <ymax>983</ymax>
    </bndbox>
  </object>
  <object>
    <name>word</name>
    <difficult>0</difficult>
    <bndbox>
      <xmin>80</xmin>
      <ymin>968</ymin>
      <xmax>119</xmax>
      <ymax>985</ymax>
    </bndbox>
  </object>
  <object>
    <name>word</name>
    <difficult>0</difficult>
    <bndbox>
      <xmin>124</xmin>
      <ymin>969</ymin>
      <xmax>151</xmax>
      <ymax>982</ymax>
    </bndbox>
  </object>
  <object>
    <name>word</name>
    <difficult>0</difficult>
    <bndbox>
      <xmin>158</xmin>
      <ymin>966</ymin>
      <xmax>187</xmax>
      <ymax>983</ymax>
    </bndbox>
  </object>
  <object>
    <name>word</name>
    <difficult>0</difficult>
    <bndbox>
      <xmin>196</xmin>
      <ymin>968</ymin>
      <xmax>231</xmax>
      <ymax>981</ymax>
    </bndbox>
  </object>
</annotation>
