<annotation>
  <folder>VOC2007</folder>
  <filename>81186212.json</filename>
  <owner>
    <name>HengTian</name>
  </owner>
  <size>
    <width>781</width>
    <height>1000</height>
    <depth>1</depth>
  </size>
  <segmented>0</segmented>
  <object>
    <name>word</name>
    <difficult>0</difficult>
    <bndbox>
      <xmin>89</xmin>
      <ymin>232</ymin>
      <xmax>135</xmax>
      <ymax>250</ymax>
    </bndbox>
  </object>
  <object>
    <name>word</name>
    <difficult>0</difficult>
    <bndbox>
      <xmin>690</xmin>
      <ymin>775</ymin>
      <xmax>710</xmax>
      <ymax>874</ymax>
    </bndbox>
  </object>
  <object>
    <name>word</name>
    <difficult>0</difficult>
    <bndbox>
      <xmin>89</xmin>
      <ymin>943</ymin>
      <xmax>128</xmax>
      <ymax>961</ymax>
    </bndbox>
  </object>
  <object>
    <name>word</name>
    <difficult>0</difficult>
    <bndbox>
      <xmin>254</xmin>
      <ymin>57</ymin>
      <xmax>285</xmax>
      <ymax>74</ymax>
    </bndbox>
  </object>
  <object>
    <name>word</name>
    <difficult>0</difficult>
    <bndbox>
      <xmin>292</xmin>
      <ymin>56</ymin>
      <xmax>394</xmax>
      <ymax>71</ymax>
    </bndbox>
  </object>
  <object>
    <name>word</name>
    <difficult>0</difficult>
    <bndbox>
      <xmin>401</xmin>
      <ymin>59</ymin>
      <xmax>478</xmax>
      <ymax>76</ymax>
    </bndbox>
  </object>
  <object>
    <name>word</name>
    <difficult>0</difficult>
    <bndbox>
      <xmin>89</xmin>
      <ymin>112</ymin>
      <xmax>148</xmax>
      <ymax>129</ymax>
    </bndbox>
  </object>
  <object>
    <name>word</name>
    <difficult>0</difficult>
    <bndbox>
      <xmin>156</xmin>
      <ymin>109</ymin>
      <xmax>191</xmax>
      <ymax>129</ymax>
    </bndbox>
  </object>
  <object>
    <name>word</name>
    <difficult>0</difficult>
    <bndbox>
      <xmin>198</xmin>
      <ymin>109</ymin>
      <xmax>219</xmax>
      <ymax>127</ymax>
    </bndbox>
  </object>
  <object>
    <name>word</name>
    <difficult>0</difficult>
    <bndbox>
      <xmin>229</xmin>
      <ymin>109</ymin>
      <xmax>261</xmax>
      <ymax>126</ymax>
    </bndbox>
  </object>
  <object>
    <name>word</name>
    <difficult>0</difficult>
    <bndbox>
      <xmin>267</xmin>
      <ymin>110</ymin>
      <xmax>349</xmax>
      <ymax>127</ymax>
    </bndbox>
  </object>
  <object>
    <name>word</name>
    <difficult>0</difficult>
    <bndbox>
      <xmin>356</xmin>
      <ymin>110</ymin>
      <xmax>462</xmax>
      <ymax>127</ymax>
    </bndbox>
  </object>
  <object>
    <name>word</name>
    <difficult>0</difficult>
    <bndbox>
      <xmin>472</xmin>
      <ymin>110</ymin>
      <xmax>497</xmax>
      <ymax>130</ymax>
    </bndbox>
  </object>
  <object>
    <name>word</name>
    <difficult>0</difficult>
    <bndbox>
      <xmin>497</xmin>
      <ymin>113</ymin>
      <xmax>605</xmax>
      <ymax>130</ymax>
    </bndbox>
  </object>
  <object>
    <name>word</name>
    <difficult>0</difficult>
    <bndbox>
      <xmin>610</xmin>
      <ymin>115</ymin>
      <xmax>646</xmax>
      <ymax>129</ymax>
    </bndbox>
  </object>
  <object>
    <name>word</name>
    <difficult>0</difficult>
    <bndbox>
      <xmin>89</xmin>
      <ymin>131</ymin>
      <xmax>130</xmax>
      <ymax>146</ymax>
    </bndbox>
  </object>
  <object>
    <name>word</name>
    <difficult>0</difficult>
    <bndbox>
      <xmin>138</xmin>
      <ymin>130</ymin>
      <xmax>155</xmax>
      <ymax>148</ymax>
    </bndbox>
  </object>
  <object>
    <name>word</name>
    <difficult>0</difficult>
    <bndbox>
      <xmin>162</xmin>
      <ymin>130</ymin>
      <xmax>180</xmax>
      <ymax>145</ymax>
    </bndbox>
  </object>
  <object>
    <name>word</name>
    <difficult>0</difficult>
    <bndbox>
      <xmin>189</xmin>
      <ymin>130</ymin>
      <xmax>210</xmax>
      <ymax>145</ymax>
    </bndbox>
  </object>
  <object>
    <name>word</name>
    <difficult>0</difficult>
    <bndbox>
      <xmin>218</xmin>
      <ymin>128</ymin>
      <xmax>261</xmax>
      <ymax>145</ymax>
    </bndbox>
  </object>
  <object>
    <name>word</name>
    <difficult>0</difficult>
    <bndbox>
      <xmin>274</xmin>
      <ymin>130</ymin>
      <xmax>356</xmax>
      <ymax>145</ymax>
    </bndbox>
  </object>
  <object>
    <name>word</name>
    <difficult>0</difficult>
    <bndbox>
      <xmin>366</xmin>
      <ymin>131</ymin>
      <xmax>440</xmax>
      <ymax>145</ymax>
    </bndbox>
  </object>
  <object>
    <name>word</name>
    <difficult>0</difficult>
    <bndbox>
      <xmin>446</xmin>
      <ymin>130</ymin>
      <xmax>528</xmax>
      <ymax>145</ymax>
    </bndbox>
  </object>
  <object>
    <name>word</name>
    <difficult>0</difficult>
    <bndbox>
      <xmin>535</xmin>
      <ymin>133</ymin>
      <xmax>560</xmax>
      <ymax>144</ymax>
    </bndbox>
  </object>
  <object>
    <name>word</name>
    <difficult>0</difficult>
    <bndbox>
      <xmin>567</xmin>
      <ymin>133</ymin>
      <xmax>596</xmax>
      <ymax>147</ymax>
    </bndbox>
  </object>
  <object>
    <name>word</name>
    <difficult>0</difficult>
    <bndbox>
      <xmin>87</xmin>
      <ymin>147</ymin>
      <xmax>121</xmax>
      <ymax>162</ymax>
    </bndbox>
  </object>
  <object>
    <name>word</name>
    <difficult>0</difficult>
    <bndbox>
      <xmin>127</xmin>
      <ymin>148</ymin>
      <xmax>166</xmax>
      <ymax>162</ymax>
    </bndbox>
  </object>
  <object>
    <name>word</name>
    <difficult>0</difficult>
    <bndbox>
      <xmin>172</xmin>
      <ymin>147</ymin>
      <xmax>235</xmax>
      <ymax>162</ymax>
    </bndbox>
  </object>
  <object>
    <name>word</name>
    <difficult>0</difficult>
    <bndbox>
      <xmin>256</xmin>
      <ymin>149</ymin>
      <xmax>345</xmax>
      <ymax>163</ymax>
    </bndbox>
  </object>
  <object>
    <name>word</name>
    <difficult>0</difficult>
    <bndbox>
      <xmin>85</xmin>
      <ymin>198</ymin>
      <xmax>167</xmax>
      <ymax>215</ymax>
    </bndbox>
  </object>
  <object>
    <name>word</name>
    <difficult>0</difficult>
    <bndbox>
      <xmin>175</xmin>
      <ymin>198</ymin>
      <xmax>200</xmax>
      <ymax>215</ymax>
    </bndbox>
  </object>
  <object>
    <name>word</name>
    <difficult>0</difficult>
    <bndbox>
      <xmin>92</xmin>
      <ymin>267</ymin>
      <xmax>202</xmax>
      <ymax>284</ymax>
    </bndbox>
  </object>
  <object>
    <name>word</name>
    <difficult>0</difficult>
    <bndbox>
      <xmin>209</xmin>
      <ymin>270</ymin>
      <xmax>223</xmax>
      <ymax>284</ymax>
    </bndbox>
  </object>
  <object>
    <name>word</name>
    <difficult>0</difficult>
    <bndbox>
      <xmin>228</xmin>
      <ymin>267</ymin>
      <xmax>282</xmax>
      <ymax>284</ymax>
    </bndbox>
  </object>
  <object>
    <name>word</name>
    <difficult>0</difficult>
    <bndbox>
      <xmin>89</xmin>
      <ymin>303</ymin>
      <xmax>131</xmax>
      <ymax>320</ymax>
    </bndbox>
  </object>
  <object>
    <name>word</name>
    <difficult>0</difficult>
    <bndbox>
      <xmin>137</xmin>
      <ymin>303</ymin>
      <xmax>157</xmax>
      <ymax>317</ymax>
    </bndbox>
  </object>
  <object>
    <name>word</name>
    <difficult>0</difficult>
    <bndbox>
      <xmin>163</xmin>
      <ymin>306</ymin>
      <xmax>234</xmax>
      <ymax>319</ymax>
    </bndbox>
  </object>
  <object>
    <name>word</name>
    <difficult>0</difficult>
    <bndbox>
      <xmin>243</xmin>
      <ymin>306</ymin>
      <xmax>306</xmax>
      <ymax>321</ymax>
    </bndbox>
  </object>
  <object>
    <name>word</name>
    <difficult>0</difficult>
    <bndbox>
      <xmin>316</xmin>
      <ymin>304</ymin>
      <xmax>334</xmax>
      <ymax>318</ymax>
    </bndbox>
  </object>
  <object>
    <name>word</name>
    <difficult>0</difficult>
    <bndbox>
      <xmin>339</xmin>
      <ymin>303</ymin>
      <xmax>374</xmax>
      <ymax>320</ymax>
    </bndbox>
  </object>
  <object>
    <name>word</name>
    <difficult>0</difficult>
    <bndbox>
      <xmin>381</xmin>
      <ymin>303</ymin>
      <xmax>438</xmax>
      <ymax>320</ymax>
    </bndbox>
  </object>
  <object>
    <name>word</name>
    <difficult>0</difficult>
    <bndbox>
      <xmin>91</xmin>
      <ymin>411</ymin>
      <xmax>150</xmax>
      <ymax>425</ymax>
    </bndbox>
  </object>
  <object>
    <name>word</name>
    <difficult>0</difficult>
    <bndbox>
      <xmin>154</xmin>
      <ymin>408</ymin>
      <xmax>178</xmax>
      <ymax>423</ymax>
    </bndbox>
  </object>
  <object>
    <name>word</name>
    <difficult>0</difficult>
    <bndbox>
      <xmin>182</xmin>
      <ymin>409</ymin>
      <xmax>301</xmax>
      <ymax>424</ymax>
    </bndbox>
  </object>
  <object>
    <name>word</name>
    <difficult>0</difficult>
    <bndbox>
      <xmin>91</xmin>
      <ymin>515</ymin>
      <xmax>196</xmax>
      <ymax>529</ymax>
    </bndbox>
  </object>
  <object>
    <name>word</name>
    <difficult>0</difficult>
    <bndbox>
      <xmin>200</xmin>
      <ymin>515</ymin>
      <xmax>232</xmax>
      <ymax>528</ymax>
    </bndbox>
  </object>
  <object>
    <name>word</name>
    <difficult>0</difficult>
    <bndbox>
      <xmin>237</xmin>
      <ymin>515</ymin>
      <xmax>304</xmax>
      <ymax>529</ymax>
    </bndbox>
  </object>
  <object>
    <name>word</name>
    <difficult>0</difficult>
    <bndbox>
      <xmin>310</xmin>
      <ymin>514</ymin>
      <xmax>352</xmax>
      <ymax>529</ymax>
    </bndbox>
  </object>
  <object>
    <name>word</name>
    <difficult>0</difficult>
    <bndbox>
      <xmin>356</xmin>
      <ymin>515</ymin>
      <xmax>426</xmax>
      <ymax>529</ymax>
    </bndbox>
  </object>
  <object>
    <name>word</name>
    <difficult>0</difficult>
    <bndbox>
      <xmin>430</xmin>
      <ymin>515</ymin>
      <xmax>510</xmax>
      <ymax>530</ymax>
    </bndbox>
  </object>
  <object>
    <name>word</name>
    <difficult>0</difficult>
    <bndbox>
      <xmin>92</xmin>
      <ymin>686</ymin>
      <xmax>159</xmax>
      <ymax>701</ymax>
    </bndbox>
  </object>
  <object>
    <name>word</name>
    <difficult>0</difficult>
    <bndbox>
      <xmin>165</xmin>
      <ymin>686</ymin>
      <xmax>266</xmax>
      <ymax>700</ymax>
    </bndbox>
  </object>
  <object>
    <name>word</name>
    <difficult>0</difficult>
    <bndbox>
      <xmin>277</xmin>
      <ymin>686</ymin>
      <xmax>338</xmax>
      <ymax>703</ymax>
    </bndbox>
  </object>
  <object>
    <name>word</name>
    <difficult>0</difficult>
    <bndbox>
      <xmin>345</xmin>
      <ymin>687</ymin>
      <xmax>406</xmax>
      <ymax>701</ymax>
    </bndbox>
  </object>
  <object>
    <name>word</name>
    <difficult>0</difficult>
    <bndbox>
      <xmin>411</xmin>
      <ymin>687</ymin>
      <xmax>440</xmax>
      <ymax>702</ymax>
    </bndbox>
  </object>
  <object>
    <name>word</name>
    <difficult>0</difficult>
    <bndbox>
      <xmin>447</xmin>
      <ymin>684</ymin>
      <xmax>522</xmax>
      <ymax>704</ymax>
    </bndbox>
  </object>
  <object>
    <name>word</name>
    <difficult>0</difficult>
    <bndbox>
      <xmin>527</xmin>
      <ymin>686</ymin>
      <xmax>621</xmax>
      <ymax>704</ymax>
    </bndbox>
  </object>
  <object>
    <name>word</name>
    <difficult>0</difficult>
    <bndbox>
      <xmin>89</xmin>
      <ymin>705</ymin>
      <xmax>127</xmax>
      <ymax>716</ymax>
    </bndbox>
  </object>
  <object>
    <name>word</name>
    <difficult>0</difficult>
    <bndbox>
      <xmin>135</xmin>
      <ymin>703</ymin>
      <xmax>244</xmax>
      <ymax>718</ymax>
    </bndbox>
  </object>
  <object>
    <name>word</name>
    <difficult>0</difficult>
    <bndbox>
      <xmin>254</xmin>
      <ymin>704</ymin>
      <xmax>345</xmax>
      <ymax>718</ymax>
    </bndbox>
  </object>
  <object>
    <name>word</name>
    <difficult>0</difficult>
    <bndbox>
      <xmin>355</xmin>
      <ymin>704</ymin>
      <xmax>409</xmax>
      <ymax>719</ymax>
    </bndbox>
  </object>
</annotation>
