<annotation>
  <folder>VOC2007</folder>
  <filename>87533049.json</filename>
  <owner>
    <name>HengTian</name>
  </owner>
  <size>
    <width>754</width>
    <height>1000</height>
    <depth>1</depth>
  </size>
  <segmented>0</segmented>
  <object>
    <name>word</name>
    <difficult>0</difficult>
    <bndbox>
      <xmin>138</xmin>
      <ymin>137</ymin>
      <xmax>177</xmax>
      <ymax>150</ymax>
    </bndbox>
  </object>
  <object>
    <name>word</name>
    <difficult>0</difficult>
    <bndbox>
      <xmin>137</xmin>
      <ymin>173</ymin>
      <xmax>162</xmax>
      <ymax>187</ymax>
    </bndbox>
  </object>
  <object>
    <name>word</name>
    <difficult>0</difficult>
    <bndbox>
      <xmin>138</xmin>
      <ymin>214</ymin>
      <xmax>160</xmax>
      <ymax>225</ymax>
    </bndbox>
  </object>
  <object>
    <name>word</name>
    <difficult>0</difficult>
    <bndbox>
      <xmin>423</xmin>
      <ymin>258</ymin>
      <xmax>454</xmax>
      <ymax>271</ymax>
    </bndbox>
  </object>
  <object>
    <name>word</name>
    <difficult>0</difficult>
    <bndbox>
      <xmin>425</xmin>
      <ymin>309</ymin>
      <xmax>446</xmax>
      <ymax>323</ymax>
    </bndbox>
  </object>
  <object>
    <name>word</name>
    <difficult>0</difficult>
    <bndbox>
      <xmin>425</xmin>
      <ymin>335</ymin>
      <xmax>446</xmax>
      <ymax>349</ymax>
    </bndbox>
  </object>
  <object>
    <name>word</name>
    <difficult>0</difficult>
    <bndbox>
      <xmin>425</xmin>
      <ymin>362</ymin>
      <xmax>446</xmax>
      <ymax>373</ymax>
    </bndbox>
  </object>
  <object>
    <name>word</name>
    <difficult>0</difficult>
    <bndbox>
      <xmin>425</xmin>
      <ymin>487</ymin>
      <xmax>459</xmax>
      <ymax>500</ymax>
    </bndbox>
  </object>
  <object>
    <name>word</name>
    <difficult>0</difficult>
    <bndbox>
      <xmin>423</xmin>
      <ymin>515</ymin>
      <xmax>466</xmax>
      <ymax>525</ymax>
    </bndbox>
  </object>
  <object>
    <name>word</name>
    <difficult>0</difficult>
    <bndbox>
      <xmin>415</xmin>
      <ymin>549</ymin>
      <xmax>637</xmax>
      <ymax>599</ymax>
    </bndbox>
  </object>
  <object>
    <name>word</name>
    <difficult>0</difficult>
    <bndbox>
      <xmin>137</xmin>
      <ymin>663</ymin>
      <xmax>221</xmax>
      <ymax>674</ymax>
    </bndbox>
  </object>
  <object>
    <name>word</name>
    <difficult>0</difficult>
    <bndbox>
      <xmin>228</xmin>
      <ymin>663</ymin>
      <xmax>331</xmax>
      <ymax>674</ymax>
    </bndbox>
  </object>
  <object>
    <name>word</name>
    <difficult>0</difficult>
    <bndbox>
      <xmin>655</xmin>
      <ymin>750</ymin>
      <xmax>672</xmax>
      <ymax>830</ymax>
    </bndbox>
  </object>
  <object>
    <name>word</name>
    <difficult>0</difficult>
    <bndbox>
      <xmin>415</xmin>
      <ymin>774</ymin>
      <xmax>509</xmax>
      <ymax>798</ymax>
    </bndbox>
  </object>
  <object>
    <name>word</name>
    <difficult>0</difficult>
    <bndbox>
      <xmin>420</xmin>
      <ymin>802</ymin>
      <xmax>486</xmax>
      <ymax>823</ymax>
    </bndbox>
  </object>
  <object>
    <name>word</name>
    <difficult>0</difficult>
    <bndbox>
      <xmin>268</xmin>
      <ymin>87</ymin>
      <xmax>317</xmax>
      <ymax>100</ymax>
    </bndbox>
  </object>
  <object>
    <name>word</name>
    <difficult>0</difficult>
    <bndbox>
      <xmin>323</xmin>
      <ymin>87</ymin>
      <xmax>358</xmax>
      <ymax>100</ymax>
    </bndbox>
  </object>
  <object>
    <name>word</name>
    <difficult>0</difficult>
    <bndbox>
      <xmin>363</xmin>
      <ymin>87</ymin>
      <xmax>462</xmax>
      <ymax>98</ymax>
    </bndbox>
  </object>
  <object>
    <name>word</name>
    <difficult>0</difficult>
    <bndbox>
      <xmin>468</xmin>
      <ymin>85</ymin>
      <xmax>503</xmax>
      <ymax>96</ymax>
    </bndbox>
  </object>
  <object>
    <name>word</name>
    <difficult>0</difficult>
    <bndbox>
      <xmin>225</xmin>
      <ymin>133</ymin>
      <xmax>239</xmax>
      <ymax>147</ymax>
    </bndbox>
  </object>
  <object>
    <name>word</name>
    <difficult>0</difficult>
    <bndbox>
      <xmin>246</xmin>
      <ymin>131</ymin>
      <xmax>261</xmax>
      <ymax>146</ymax>
    </bndbox>
  </object>
  <object>
    <name>word</name>
    <difficult>0</difficult>
    <bndbox>
      <xmin>265</xmin>
      <ymin>133</ymin>
      <xmax>300</xmax>
      <ymax>147</ymax>
    </bndbox>
  </object>
  <object>
    <name>word</name>
    <difficult>0</difficult>
    <bndbox>
      <xmin>219</xmin>
      <ymin>173</ymin>
      <xmax>233</xmax>
      <ymax>186</ymax>
    </bndbox>
  </object>
  <object>
    <name>word</name>
    <difficult>0</difficult>
    <bndbox>
      <xmin>240</xmin>
      <ymin>173</ymin>
      <xmax>258</xmax>
      <ymax>186</ymax>
    </bndbox>
  </object>
  <object>
    <name>word</name>
    <difficult>0</difficult>
    <bndbox>
      <xmin>267</xmin>
      <ymin>170</ymin>
      <xmax>349</xmax>
      <ymax>185</ymax>
    </bndbox>
  </object>
  <object>
    <name>word</name>
    <difficult>0</difficult>
    <bndbox>
      <xmin>219</xmin>
      <ymin>212</ymin>
      <xmax>233</xmax>
      <ymax>223</ymax>
    </bndbox>
  </object>
  <object>
    <name>word</name>
    <difficult>0</difficult>
    <bndbox>
      <xmin>242</xmin>
      <ymin>211</ymin>
      <xmax>259</xmax>
      <ymax>222</ymax>
    </bndbox>
  </object>
  <object>
    <name>word</name>
    <difficult>0</difficult>
    <bndbox>
      <xmin>267</xmin>
      <ymin>211</ymin>
      <xmax>302</xmax>
      <ymax>225</ymax>
    </bndbox>
  </object>
  <object>
    <name>word</name>
    <difficult>0</difficult>
    <bndbox>
      <xmin>218</xmin>
      <ymin>225</ymin>
      <xmax>246</xmax>
      <ymax>242</ymax>
    </bndbox>
  </object>
  <object>
    <name>word</name>
    <difficult>0</difficult>
    <bndbox>
      <xmin>251</xmin>
      <ymin>225</ymin>
      <xmax>307</xmax>
      <ymax>243</ymax>
    </bndbox>
  </object>
  <object>
    <name>word</name>
    <difficult>0</difficult>
    <bndbox>
      <xmin>186</xmin>
      <ymin>261</ymin>
      <xmax>228</xmax>
      <ymax>275</ymax>
    </bndbox>
  </object>
  <object>
    <name>word</name>
    <difficult>0</difficult>
    <bndbox>
      <xmin>230</xmin>
      <ymin>261</ymin>
      <xmax>251</xmax>
      <ymax>276</ymax>
    </bndbox>
  </object>
  <object>
    <name>word</name>
    <difficult>0</difficult>
    <bndbox>
      <xmin>260</xmin>
      <ymin>261</ymin>
      <xmax>344</xmax>
      <ymax>274</ymax>
    </bndbox>
  </object>
  <object>
    <name>word</name>
    <difficult>0</difficult>
    <bndbox>
      <xmin>187</xmin>
      <ymin>286</ymin>
      <xmax>228</xmax>
      <ymax>300</ymax>
    </bndbox>
  </object>
  <object>
    <name>word</name>
    <difficult>0</difficult>
    <bndbox>
      <xmin>235</xmin>
      <ymin>288</ymin>
      <xmax>269</xmax>
      <ymax>299</ymax>
    </bndbox>
  </object>
  <object>
    <name>word</name>
    <difficult>0</difficult>
    <bndbox>
      <xmin>187</xmin>
      <ymin>311</ymin>
      <xmax>228</xmax>
      <ymax>325</ymax>
    </bndbox>
  </object>
  <object>
    <name>word</name>
    <difficult>0</difficult>
    <bndbox>
      <xmin>235</xmin>
      <ymin>311</ymin>
      <xmax>269</xmax>
      <ymax>324</ymax>
    </bndbox>
  </object>
  <object>
    <name>word</name>
    <difficult>0</difficult>
    <bndbox>
      <xmin>179</xmin>
      <ymin>337</ymin>
      <xmax>187</xmax>
      <ymax>350</ymax>
    </bndbox>
  </object>
  <object>
    <name>word</name>
    <difficult>0</difficult>
    <bndbox>
      <xmin>189</xmin>
      <ymin>337</ymin>
      <xmax>230</xmax>
      <ymax>350</ymax>
    </bndbox>
  </object>
  <object>
    <name>word</name>
    <difficult>0</difficult>
    <bndbox>
      <xmin>235</xmin>
      <ymin>337</ymin>
      <xmax>309</xmax>
      <ymax>350</ymax>
    </bndbox>
  </object>
  <object>
    <name>word</name>
    <difficult>0</difficult>
    <bndbox>
      <xmin>309</xmin>
      <ymin>338</ymin>
      <xmax>317</xmax>
      <ymax>349</ymax>
    </bndbox>
  </object>
  <object>
    <name>word</name>
    <difficult>0</difficult>
    <bndbox>
      <xmin>317</xmin>
      <ymin>337</ymin>
      <xmax>349</xmax>
      <ymax>350</ymax>
    </bndbox>
  </object>
  <object>
    <name>word</name>
    <difficult>0</difficult>
    <bndbox>
      <xmin>180</xmin>
      <ymin>363</ymin>
      <xmax>187</xmax>
      <ymax>376</ymax>
    </bndbox>
  </object>
  <object>
    <name>word</name>
    <difficult>0</difficult>
    <bndbox>
      <xmin>187</xmin>
      <ymin>363</ymin>
      <xmax>228</xmax>
      <ymax>374</ymax>
    </bndbox>
  </object>
  <object>
    <name>word</name>
    <difficult>0</difficult>
    <bndbox>
      <xmin>228</xmin>
      <ymin>362</ymin>
      <xmax>235</xmax>
      <ymax>375</ymax>
    </bndbox>
  </object>
  <object>
    <name>word</name>
    <difficult>0</difficult>
    <bndbox>
      <xmin>235</xmin>
      <ymin>363</ymin>
      <xmax>278</xmax>
      <ymax>374</ymax>
    </bndbox>
  </object>
  <object>
    <name>word</name>
    <difficult>0</difficult>
    <bndbox>
      <xmin>189</xmin>
      <ymin>387</ymin>
      <xmax>236</xmax>
      <ymax>400</ymax>
    </bndbox>
  </object>
  <object>
    <name>word</name>
    <difficult>0</difficult>
    <bndbox>
      <xmin>243</xmin>
      <ymin>387</ymin>
      <xmax>286</xmax>
      <ymax>398</ymax>
    </bndbox>
  </object>
  <object>
    <name>word</name>
    <difficult>0</difficult>
    <bndbox>
      <xmin>292</xmin>
      <ymin>387</ymin>
      <xmax>326</xmax>
      <ymax>398</ymax>
    </bndbox>
  </object>
  <object>
    <name>word</name>
    <difficult>0</difficult>
    <bndbox>
      <xmin>187</xmin>
      <ymin>413</ymin>
      <xmax>237</xmax>
      <ymax>426</ymax>
    </bndbox>
  </object>
  <object>
    <name>word</name>
    <difficult>0</difficult>
    <bndbox>
      <xmin>243</xmin>
      <ymin>412</ymin>
      <xmax>324</xmax>
      <ymax>425</ymax>
    </bndbox>
  </object>
  <object>
    <name>word</name>
    <difficult>0</difficult>
    <bndbox>
      <xmin>332</xmin>
      <ymin>411</ymin>
      <xmax>364</xmax>
      <ymax>422</ymax>
    </bndbox>
  </object>
  <object>
    <name>word</name>
    <difficult>0</difficult>
    <bndbox>
      <xmin>187</xmin>
      <ymin>436</ymin>
      <xmax>276</xmax>
      <ymax>450</ymax>
    </bndbox>
  </object>
  <object>
    <name>word</name>
    <difficult>0</difficult>
    <bndbox>
      <xmin>288</xmin>
      <ymin>437</ymin>
      <xmax>306</xmax>
      <ymax>450</ymax>
    </bndbox>
  </object>
  <object>
    <name>word</name>
    <difficult>0</difficult>
    <bndbox>
      <xmin>189</xmin>
      <ymin>462</ymin>
      <xmax>285</xmax>
      <ymax>476</ymax>
    </bndbox>
  </object>
  <object>
    <name>word</name>
    <difficult>0</difficult>
    <bndbox>
      <xmin>291</xmin>
      <ymin>461</ymin>
      <xmax>325</xmax>
      <ymax>474</ymax>
    </bndbox>
  </object>
  <object>
    <name>word</name>
    <difficult>0</difficult>
    <bndbox>
      <xmin>328</xmin>
      <ymin>461</ymin>
      <xmax>346</xmax>
      <ymax>476</ymax>
    </bndbox>
  </object>
  <object>
    <name>word</name>
    <difficult>0</difficult>
    <bndbox>
      <xmin>189</xmin>
      <ymin>487</ymin>
      <xmax>236</xmax>
      <ymax>502</ymax>
    </bndbox>
  </object>
  <object>
    <name>word</name>
    <difficult>0</difficult>
    <bndbox>
      <xmin>244</xmin>
      <ymin>487</ymin>
      <xmax>285</xmax>
      <ymax>498</ymax>
    </bndbox>
  </object>
  <object>
    <name>word</name>
    <difficult>0</difficult>
    <bndbox>
      <xmin>189</xmin>
      <ymin>514</ymin>
      <xmax>221</xmax>
      <ymax>525</ymax>
    </bndbox>
  </object>
  <object>
    <name>word</name>
    <difficult>0</difficult>
    <bndbox>
      <xmin>229</xmin>
      <ymin>514</ymin>
      <xmax>251</xmax>
      <ymax>525</ymax>
    </bndbox>
  </object>
  <object>
    <name>word</name>
    <difficult>0</difficult>
    <bndbox>
      <xmin>253</xmin>
      <ymin>515</ymin>
      <xmax>261</xmax>
      <ymax>525</ymax>
    </bndbox>
  </object>
  <object>
    <name>word</name>
    <difficult>0</difficult>
    <bndbox>
      <xmin>261</xmin>
      <ymin>514</ymin>
      <xmax>278</xmax>
      <ymax>525</ymax>
    </bndbox>
  </object>
  <object>
    <name>word</name>
    <difficult>0</difficult>
    <bndbox>
      <xmin>285</xmin>
      <ymin>513</ymin>
      <xmax>341</xmax>
      <ymax>524</ymax>
    </bndbox>
  </object>
  <object>
    <name>word</name>
    <difficult>0</difficult>
    <bndbox>
      <xmin>180</xmin>
      <ymin>538</ymin>
      <xmax>187</xmax>
      <ymax>551</ymax>
    </bndbox>
  </object>
  <object>
    <name>word</name>
    <difficult>0</difficult>
    <bndbox>
      <xmin>190</xmin>
      <ymin>538</ymin>
      <xmax>277</xmax>
      <ymax>552</ymax>
    </bndbox>
  </object>
  <object>
    <name>word</name>
    <difficult>0</difficult>
    <bndbox>
      <xmin>284</xmin>
      <ymin>539</ymin>
      <xmax>350</xmax>
      <ymax>550</ymax>
    </bndbox>
  </object>
  <object>
    <name>word</name>
    <difficult>0</difficult>
    <bndbox>
      <xmin>358</xmin>
      <ymin>538</ymin>
      <xmax>399</xmax>
      <ymax>549</ymax>
    </bndbox>
  </object>
  <object>
    <name>word</name>
    <difficult>0</difficult>
    <bndbox>
      <xmin>179</xmin>
      <ymin>588</ymin>
      <xmax>253</xmax>
      <ymax>602</ymax>
    </bndbox>
  </object>
  <object>
    <name>word</name>
    <difficult>0</difficult>
    <bndbox>
      <xmin>261</xmin>
      <ymin>587</ymin>
      <xmax>278</xmax>
      <ymax>601</ymax>
    </bndbox>
  </object>
  <object>
    <name>word</name>
    <difficult>0</difficult>
    <bndbox>
      <xmin>284</xmin>
      <ymin>588</ymin>
      <xmax>359</xmax>
      <ymax>599</ymax>
    </bndbox>
  </object>
  <object>
    <name>word</name>
    <difficult>0</difficult>
    <bndbox>
      <xmin>179</xmin>
      <ymin>612</ymin>
      <xmax>214</xmax>
      <ymax>626</ymax>
    </bndbox>
  </object>
  <object>
    <name>word</name>
    <difficult>0</difficult>
    <bndbox>
      <xmin>219</xmin>
      <ymin>613</ymin>
      <xmax>293</xmax>
      <ymax>624</ymax>
    </bndbox>
  </object>
  <object>
    <name>word</name>
    <difficult>0</difficult>
    <bndbox>
      <xmin>422</xmin>
      <ymin>613</ymin>
      <xmax>444</xmax>
      <ymax>624</ymax>
    </bndbox>
  </object>
  <object>
    <name>word</name>
    <difficult>0</difficult>
    <bndbox>
      <xmin>448</xmin>
      <ymin>612</ymin>
      <xmax>463</xmax>
      <ymax>626</ymax>
    </bndbox>
  </object>
  <object>
    <name>word</name>
    <difficult>0</difficult>
    <bndbox>
      <xmin>469</xmin>
      <ymin>613</ymin>
      <xmax>498</xmax>
      <ymax>624</ymax>
    </bndbox>
  </object>
  <object>
    <name>word</name>
    <difficult>0</difficult>
    <bndbox>
      <xmin>423</xmin>
      <ymin>285</ymin>
      <xmax>438</xmax>
      <ymax>296</ymax>
    </bndbox>
  </object>
  <object>
    <name>word</name>
    <difficult>0</difficult>
    <bndbox>
      <xmin>439</xmin>
      <ymin>285</ymin>
      <xmax>446</xmax>
      <ymax>296</ymax>
    </bndbox>
  </object>
  <object>
    <name>word</name>
    <difficult>0</difficult>
    <bndbox>
      <xmin>446</xmin>
      <ymin>285</ymin>
      <xmax>487</xmax>
      <ymax>298</ymax>
    </bndbox>
  </object>
  <object>
    <name>word</name>
    <difficult>0</difficult>
    <bndbox>
      <xmin>492</xmin>
      <ymin>286</ymin>
      <xmax>538</xmax>
      <ymax>296</ymax>
    </bndbox>
  </object>
  <object>
    <name>word</name>
    <difficult>0</difficult>
    <bndbox>
      <xmin>543</xmin>
      <ymin>285</ymin>
      <xmax>611</xmax>
      <ymax>296</ymax>
    </bndbox>
  </object>
  <object>
    <name>word</name>
    <difficult>0</difficult>
    <bndbox>
      <xmin>425</xmin>
      <ymin>383</ymin>
      <xmax>438</xmax>
      <ymax>396</ymax>
    </bndbox>
  </object>
  <object>
    <name>word</name>
    <difficult>0</difficult>
    <bndbox>
      <xmin>439</xmin>
      <ymin>383</ymin>
      <xmax>445</xmax>
      <ymax>397</ymax>
    </bndbox>
  </object>
  <object>
    <name>word</name>
    <difficult>0</difficult>
    <bndbox>
      <xmin>444</xmin>
      <ymin>384</ymin>
      <xmax>458</xmax>
      <ymax>397</ymax>
    </bndbox>
  </object>
  <object>
    <name>word</name>
    <difficult>0</difficult>
    <bndbox>
      <xmin>423</xmin>
      <ymin>409</ymin>
      <xmax>430</xmax>
      <ymax>422</ymax>
    </bndbox>
  </object>
  <object>
    <name>word</name>
    <difficult>0</difficult>
    <bndbox>
      <xmin>432</xmin>
      <ymin>409</ymin>
      <xmax>438</xmax>
      <ymax>422</ymax>
    </bndbox>
  </object>
  <object>
    <name>word</name>
    <difficult>0</difficult>
    <bndbox>
      <xmin>437</xmin>
      <ymin>409</ymin>
      <xmax>450</xmax>
      <ymax>420</ymax>
    </bndbox>
  </object>
  <object>
    <name>word</name>
    <difficult>0</difficult>
    <bndbox>
      <xmin>451</xmin>
      <ymin>409</ymin>
      <xmax>458</xmax>
      <ymax>420</ymax>
    </bndbox>
  </object>
  <object>
    <name>word</name>
    <difficult>0</difficult>
    <bndbox>
      <xmin>458</xmin>
      <ymin>408</ymin>
      <xmax>471</xmax>
      <ymax>422</ymax>
    </bndbox>
  </object>
  <object>
    <name>word</name>
    <difficult>0</difficult>
    <bndbox>
      <xmin>425</xmin>
      <ymin>436</ymin>
      <xmax>436</xmax>
      <ymax>447</ymax>
    </bndbox>
  </object>
  <object>
    <name>word</name>
    <difficult>0</difficult>
    <bndbox>
      <xmin>439</xmin>
      <ymin>437</ymin>
      <xmax>463</xmax>
      <ymax>447</ymax>
    </bndbox>
  </object>
  <object>
    <name>word</name>
    <difficult>0</difficult>
    <bndbox>
      <xmin>465</xmin>
      <ymin>436</ymin>
      <xmax>485</xmax>
      <ymax>447</ymax>
    </bndbox>
  </object>
  <object>
    <name>word</name>
    <difficult>0</difficult>
    <bndbox>
      <xmin>423</xmin>
      <ymin>461</ymin>
      <xmax>476</xmax>
      <ymax>474</ymax>
    </bndbox>
  </object>
  <object>
    <name>word</name>
    <difficult>0</difficult>
    <bndbox>
      <xmin>425</xmin>
      <ymin>535</ymin>
      <xmax>452</xmax>
      <ymax>549</ymax>
    </bndbox>
  </object>
  <object>
    <name>word</name>
    <difficult>0</difficult>
    <bndbox>
      <xmin>457</xmin>
      <ymin>535</ymin>
      <xmax>498</xmax>
      <ymax>548</ymax>
    </bndbox>
  </object>
  <object>
    <name>word</name>
    <difficult>0</difficult>
    <bndbox>
      <xmin>503</xmin>
      <ymin>535</ymin>
      <xmax>532</xmax>
      <ymax>549</ymax>
    </bndbox>
  </object>
  <object>
    <name>word</name>
    <difficult>0</difficult>
    <bndbox>
      <xmin>536</xmin>
      <ymin>536</ymin>
      <xmax>577</xmax>
      <ymax>546</ymax>
    </bndbox>
  </object>
  <object>
    <name>word</name>
    <difficult>0</difficult>
    <bndbox>
      <xmin>349</xmin>
      <ymin>659</ymin>
      <xmax>384</xmax>
      <ymax>670</ymax>
    </bndbox>
  </object>
  <object>
    <name>word</name>
    <difficult>0</difficult>
    <bndbox>
      <xmin>384</xmin>
      <ymin>659</ymin>
      <xmax>390</xmax>
      <ymax>669</ymax>
    </bndbox>
  </object>
  <object>
    <name>word</name>
    <difficult>0</difficult>
    <bndbox>
      <xmin>391</xmin>
      <ymin>661</ymin>
      <xmax>412</xmax>
      <ymax>669</ymax>
    </bndbox>
  </object>
  <object>
    <name>word</name>
    <difficult>0</difficult>
    <bndbox>
      <xmin>416</xmin>
      <ymin>659</ymin>
      <xmax>483</xmax>
      <ymax>672</ymax>
    </bndbox>
  </object>
  <object>
    <name>word</name>
    <difficult>0</difficult>
    <bndbox>
      <xmin>489</xmin>
      <ymin>661</ymin>
      <xmax>504</xmax>
      <ymax>672</ymax>
    </bndbox>
  </object>
  <object>
    <name>word</name>
    <difficult>0</difficult>
    <bndbox>
      <xmin>510</xmin>
      <ymin>659</ymin>
      <xmax>556</xmax>
      <ymax>672</ymax>
    </bndbox>
  </object>
  <object>
    <name>word</name>
    <difficult>0</difficult>
    <bndbox>
      <xmin>563</xmin>
      <ymin>661</ymin>
      <xmax>577</xmax>
      <ymax>671</ymax>
    </bndbox>
  </object>
  <object>
    <name>word</name>
    <difficult>0</difficult>
    <bndbox>
      <xmin>582</xmin>
      <ymin>659</ymin>
      <xmax>643</xmax>
      <ymax>670</ymax>
    </bndbox>
  </object>
  <object>
    <name>word</name>
    <difficult>0</difficult>
    <bndbox>
      <xmin>300</xmin>
      <ymin>761</ymin>
      <xmax>325</xmax>
      <ymax>775</ymax>
    </bndbox>
  </object>
  <object>
    <name>word</name>
    <difficult>0</difficult>
    <bndbox>
      <xmin>334</xmin>
      <ymin>761</ymin>
      <xmax>391</xmax>
      <ymax>774</ymax>
    </bndbox>
  </object>
  <object>
    <name>word</name>
    <difficult>0</difficult>
    <bndbox>
      <xmin>395</xmin>
      <ymin>761</ymin>
      <xmax>422</xmax>
      <ymax>774</ymax>
    </bndbox>
  </object>
  <object>
    <name>word</name>
    <difficult>0</difficult>
    <bndbox>
      <xmin>429</xmin>
      <ymin>760</ymin>
      <xmax>463</xmax>
      <ymax>775</ymax>
    </bndbox>
  </object>
  <object>
    <name>word</name>
    <difficult>0</difficult>
    <bndbox>
      <xmin>464</xmin>
      <ymin>761</ymin>
      <xmax>468</xmax>
      <ymax>774</ymax>
    </bndbox>
  </object>
  <object>
    <name>word</name>
    <difficult>0</difficult>
    <bndbox>
      <xmin>300</xmin>
      <ymin>785</ymin>
      <xmax>334</xmax>
      <ymax>798</ymax>
    </bndbox>
  </object>
  <object>
    <name>word</name>
    <difficult>0</difficult>
    <bndbox>
      <xmin>341</xmin>
      <ymin>785</ymin>
      <xmax>405</xmax>
      <ymax>799</ymax>
    </bndbox>
  </object>
  <object>
    <name>word</name>
    <difficult>0</difficult>
    <bndbox>
      <xmin>300</xmin>
      <ymin>811</ymin>
      <xmax>325</xmax>
      <ymax>822</ymax>
    </bndbox>
  </object>
  <object>
    <name>word</name>
    <difficult>0</difficult>
    <bndbox>
      <xmin>332</xmin>
      <ymin>811</ymin>
      <xmax>382</xmax>
      <ymax>824</ymax>
    </bndbox>
  </object>
  <object>
    <name>word</name>
    <difficult>0</difficult>
    <bndbox>
      <xmin>142</xmin>
      <ymin>862</ymin>
      <xmax>188</xmax>
      <ymax>873</ymax>
    </bndbox>
  </object>
  <object>
    <name>word</name>
    <difficult>0</difficult>
    <bndbox>
      <xmin>194</xmin>
      <ymin>862</ymin>
      <xmax>204</xmax>
      <ymax>873</ymax>
    </bndbox>
  </object>
  <object>
    <name>word</name>
    <difficult>0</difficult>
    <bndbox>
      <xmin>218</xmin>
      <ymin>860</ymin>
      <xmax>245</xmax>
      <ymax>873</ymax>
    </bndbox>
  </object>
  <object>
    <name>word</name>
    <difficult>0</difficult>
    <bndbox>
      <xmin>257</xmin>
      <ymin>862</ymin>
      <xmax>278</xmax>
      <ymax>873</ymax>
    </bndbox>
  </object>
</annotation>
