<annotation>
  <folder>VOC2007</folder>
  <filename>91372360.json</filename>
  <owner>
    <name>HengTian</name>
  </owner>
  <size>
    <width>814</width>
    <height>1000</height>
    <depth>1</depth>
  </size>
  <segmented>0</segmented>
  <object>
    <name>word</name>
    <difficult>0</difficult>
    <bndbox>
      <xmin>156</xmin>
      <ymin>270</ymin>
      <xmax>211</xmax>
      <ymax>290</ymax>
    </bndbox>
  </object>
  <object>
    <name>word</name>
    <difficult>0</difficult>
    <bndbox>
      <xmin>360</xmin>
      <ymin>271</ymin>
      <xmax>403</xmax>
      <ymax>290</ymax>
    </bndbox>
  </object>
  <object>
    <name>word</name>
    <difficult>0</difficult>
    <bndbox>
      <xmin>160</xmin>
      <ymin>380</ymin>
      <xmax>215</xmax>
      <ymax>399</ymax>
    </bndbox>
  </object>
  <object>
    <name>word</name>
    <difficult>0</difficult>
    <bndbox>
      <xmin>158</xmin>
      <ymin>406</ymin>
      <xmax>228</xmax>
      <ymax>429</ymax>
    </bndbox>
  </object>
  <object>
    <name>word</name>
    <difficult>0</difficult>
    <bndbox>
      <xmin>156</xmin>
      <ymin>516</ymin>
      <xmax>216</xmax>
      <ymax>536</ymax>
    </bndbox>
  </object>
  <object>
    <name>word</name>
    <difficult>0</difficult>
    <bndbox>
      <xmin>156</xmin>
      <ymin>540</ymin>
      <xmax>224</xmax>
      <ymax>564</ymax>
    </bndbox>
  </object>
  <object>
    <name>word</name>
    <difficult>0</difficult>
    <bndbox>
      <xmin>235</xmin>
      <ymin>273</ymin>
      <xmax>295</xmax>
      <ymax>286</ymax>
    </bndbox>
  </object>
  <object>
    <name>word</name>
    <difficult>0</difficult>
    <bndbox>
      <xmin>155</xmin>
      <ymin>611</ymin>
      <xmax>266</xmax>
      <ymax>627</ymax>
    </bndbox>
  </object>
  <object>
    <name>word</name>
    <difficult>0</difficult>
    <bndbox>
      <xmin>285</xmin>
      <ymin>786</ymin>
      <xmax>308</xmax>
      <ymax>799</ymax>
    </bndbox>
  </object>
  <object>
    <name>word</name>
    <difficult>0</difficult>
    <bndbox>
      <xmin>754</xmin>
      <ymin>745</ymin>
      <xmax>775</xmax>
      <ymax>820</ymax>
    </bndbox>
  </object>
  <object>
    <name>word</name>
    <difficult>0</difficult>
    <bndbox>
      <xmin>120</xmin>
      <ymin>84</ymin>
      <xmax>350</xmax>
      <ymax>150</ymax>
    </bndbox>
  </object>
  <object>
    <name>word</name>
    <difficult>0</difficult>
    <bndbox>
      <xmin>210</xmin>
      <ymin>136</ymin>
      <xmax>270</xmax>
      <ymax>152</ymax>
    </bndbox>
  </object>
  <object>
    <name>word</name>
    <difficult>0</difficult>
    <bndbox>
      <xmin>273</xmin>
      <ymin>139</ymin>
      <xmax>334</xmax>
      <ymax>151</ymax>
    </bndbox>
  </object>
  <object>
    <name>word</name>
    <difficult>0</difficult>
    <bndbox>
      <xmin>104</xmin>
      <ymin>33</ymin>
      <xmax>131</xmax>
      <ymax>45</ymax>
    </bndbox>
  </object>
  <object>
    <name>word</name>
    <difficult>0</difficult>
    <bndbox>
      <xmin>140</xmin>
      <ymin>31</ymin>
      <xmax>149</xmax>
      <ymax>44</ymax>
    </bndbox>
  </object>
  <object>
    <name>word</name>
    <difficult>0</difficult>
    <bndbox>
      <xmin>155</xmin>
      <ymin>29</ymin>
      <xmax>174</xmax>
      <ymax>44</ymax>
    </bndbox>
  </object>
  <object>
    <name>word</name>
    <difficult>0</difficult>
    <bndbox>
      <xmin>180</xmin>
      <ymin>29</ymin>
      <xmax>213</xmax>
      <ymax>42</ymax>
    </bndbox>
  </object>
  <object>
    <name>word</name>
    <difficult>0</difficult>
    <bndbox>
      <xmin>297</xmin>
      <ymin>31</ymin>
      <xmax>338</xmax>
      <ymax>43</ymax>
    </bndbox>
  </object>
  <object>
    <name>word</name>
    <difficult>0</difficult>
    <bndbox>
      <xmin>340</xmin>
      <ymin>29</ymin>
      <xmax>363</xmax>
      <ymax>44</ymax>
    </bndbox>
  </object>
  <object>
    <name>word</name>
    <difficult>0</difficult>
    <bndbox>
      <xmin>366</xmin>
      <ymin>29</ymin>
      <xmax>390</xmax>
      <ymax>41</ymax>
    </bndbox>
  </object>
  <object>
    <name>word</name>
    <difficult>0</difficult>
    <bndbox>
      <xmin>690</xmin>
      <ymin>23</ymin>
      <xmax>709</xmax>
      <ymax>42</ymax>
    </bndbox>
  </object>
  <object>
    <name>word</name>
    <difficult>0</difficult>
    <bndbox>
      <xmin>715</xmin>
      <ymin>19</ymin>
      <xmax>727</xmax>
      <ymax>42</ymax>
    </bndbox>
  </object>
  <object>
    <name>word</name>
    <difficult>0</difficult>
    <bndbox>
      <xmin>116</xmin>
      <ymin>154</ymin>
      <xmax>124</xmax>
      <ymax>166</ymax>
    </bndbox>
  </object>
  <object>
    <name>word</name>
    <difficult>0</difficult>
    <bndbox>
      <xmin>124</xmin>
      <ymin>154</ymin>
      <xmax>137</xmax>
      <ymax>166</ymax>
    </bndbox>
  </object>
  <object>
    <name>word</name>
    <difficult>0</difficult>
    <bndbox>
      <xmin>140</xmin>
      <ymin>154</ymin>
      <xmax>151</xmax>
      <ymax>165</ymax>
    </bndbox>
  </object>
  <object>
    <name>word</name>
    <difficult>0</difficult>
    <bndbox>
      <xmin>152</xmin>
      <ymin>154</ymin>
      <xmax>195</xmax>
      <ymax>163</ymax>
    </bndbox>
  </object>
  <object>
    <name>word</name>
    <difficult>0</difficult>
    <bndbox>
      <xmin>199</xmin>
      <ymin>154</ymin>
      <xmax>224</xmax>
      <ymax>165</ymax>
    </bndbox>
  </object>
  <object>
    <name>word</name>
    <difficult>0</difficult>
    <bndbox>
      <xmin>227</xmin>
      <ymin>155</ymin>
      <xmax>254</xmax>
      <ymax>166</ymax>
    </bndbox>
  </object>
  <object>
    <name>word</name>
    <difficult>0</difficult>
    <bndbox>
      <xmin>259</xmin>
      <ymin>154</ymin>
      <xmax>276</xmax>
      <ymax>166</ymax>
    </bndbox>
  </object>
  <object>
    <name>word</name>
    <difficult>0</difficult>
    <bndbox>
      <xmin>278</xmin>
      <ymin>152</ymin>
      <xmax>331</xmax>
      <ymax>164</ymax>
    </bndbox>
  </object>
  <object>
    <name>word</name>
    <difficult>0</difficult>
    <bndbox>
      <xmin>334</xmin>
      <ymin>152</ymin>
      <xmax>354</xmax>
      <ymax>164</ymax>
    </bndbox>
  </object>
  <object>
    <name>word</name>
    <difficult>0</difficult>
    <bndbox>
      <xmin>358</xmin>
      <ymin>152</ymin>
      <xmax>374</xmax>
      <ymax>163</ymax>
    </bndbox>
  </object>
  <object>
    <name>word</name>
    <difficult>0</difficult>
    <bndbox>
      <xmin>377</xmin>
      <ymin>154</ymin>
      <xmax>401</xmax>
      <ymax>166</ymax>
    </bndbox>
  </object>
  <object>
    <name>word</name>
    <difficult>0</difficult>
    <bndbox>
      <xmin>404</xmin>
      <ymin>155</ymin>
      <xmax>456</xmax>
      <ymax>166</ymax>
    </bndbox>
  </object>
  <object>
    <name>word</name>
    <difficult>0</difficult>
    <bndbox>
      <xmin>460</xmin>
      <ymin>155</ymin>
      <xmax>481</xmax>
      <ymax>166</ymax>
    </bndbox>
  </object>
  <object>
    <name>word</name>
    <difficult>0</difficult>
    <bndbox>
      <xmin>484</xmin>
      <ymin>156</ymin>
      <xmax>504</xmax>
      <ymax>167</ymax>
    </bndbox>
  </object>
  <object>
    <name>word</name>
    <difficult>0</difficult>
    <bndbox>
      <xmin>503</xmin>
      <ymin>156</ymin>
      <xmax>523</xmax>
      <ymax>167</ymax>
    </bndbox>
  </object>
  <object>
    <name>word</name>
    <difficult>0</difficult>
    <bndbox>
      <xmin>525</xmin>
      <ymin>156</ymin>
      <xmax>536</xmax>
      <ymax>167</ymax>
    </bndbox>
  </object>
  <object>
    <name>word</name>
    <difficult>0</difficult>
    <bndbox>
      <xmin>539</xmin>
      <ymin>154</ymin>
      <xmax>559</xmax>
      <ymax>166</ymax>
    </bndbox>
  </object>
  <object>
    <name>word</name>
    <difficult>0</difficult>
    <bndbox>
      <xmin>318</xmin>
      <ymin>215</ymin>
      <xmax>409</xmax>
      <ymax>232</ymax>
    </bndbox>
  </object>
  <object>
    <name>word</name>
    <difficult>0</difficult>
    <bndbox>
      <xmin>413</xmin>
      <ymin>214</ymin>
      <xmax>473</xmax>
      <ymax>233</ymax>
    </bndbox>
  </object>
  <object>
    <name>word</name>
    <difficult>0</difficult>
    <bndbox>
      <xmin>475</xmin>
      <ymin>219</ymin>
      <xmax>524</xmax>
      <ymax>235</ymax>
    </bndbox>
  </object>
  <object>
    <name>word</name>
    <difficult>0</difficult>
    <bndbox>
      <xmin>428</xmin>
      <ymin>273</ymin>
      <xmax>461</xmax>
      <ymax>285</ymax>
    </bndbox>
  </object>
  <object>
    <name>word</name>
    <difficult>0</difficult>
    <bndbox>
      <xmin>467</xmin>
      <ymin>273</ymin>
      <xmax>494</xmax>
      <ymax>286</ymax>
    </bndbox>
  </object>
  <object>
    <name>word</name>
    <difficult>0</difficult>
    <bndbox>
      <xmin>160</xmin>
      <ymin>298</ymin>
      <xmax>191</xmax>
      <ymax>315</ymax>
    </bndbox>
  </object>
  <object>
    <name>word</name>
    <difficult>0</difficult>
    <bndbox>
      <xmin>198</xmin>
      <ymin>298</ymin>
      <xmax>272</xmax>
      <ymax>319</ymax>
    </bndbox>
  </object>
  <object>
    <name>word</name>
    <difficult>0</difficult>
    <bndbox>
      <xmin>273</xmin>
      <ymin>298</ymin>
      <xmax>356</xmax>
      <ymax>318</ymax>
    </bndbox>
  </object>
  <object>
    <name>word</name>
    <difficult>0</difficult>
    <bndbox>
      <xmin>362</xmin>
      <ymin>301</ymin>
      <xmax>428</xmax>
      <ymax>320</ymax>
    </bndbox>
  </object>
  <object>
    <name>word</name>
    <difficult>0</difficult>
    <bndbox>
      <xmin>434</xmin>
      <ymin>302</ymin>
      <xmax>475</xmax>
      <ymax>318</ymax>
    </bndbox>
  </object>
  <object>
    <name>word</name>
    <difficult>0</difficult>
    <bndbox>
      <xmin>481</xmin>
      <ymin>302</ymin>
      <xmax>518</xmax>
      <ymax>318</ymax>
    </bndbox>
  </object>
  <object>
    <name>word</name>
    <difficult>0</difficult>
    <bndbox>
      <xmin>523</xmin>
      <ymin>299</ymin>
      <xmax>538</xmax>
      <ymax>318</ymax>
    </bndbox>
  </object>
  <object>
    <name>word</name>
    <difficult>0</difficult>
    <bndbox>
      <xmin>549</xmin>
      <ymin>303</ymin>
      <xmax>562</xmax>
      <ymax>318</ymax>
    </bndbox>
  </object>
  <object>
    <name>word</name>
    <difficult>0</difficult>
    <bndbox>
      <xmin>566</xmin>
      <ymin>302</ymin>
      <xmax>611</xmax>
      <ymax>318</ymax>
    </bndbox>
  </object>
  <object>
    <name>word</name>
    <difficult>0</difficult>
    <bndbox>
      <xmin>616</xmin>
      <ymin>301</ymin>
      <xmax>653</xmax>
      <ymax>318</ymax>
    </bndbox>
  </object>
  <object>
    <name>word</name>
    <difficult>0</difficult>
    <bndbox>
      <xmin>156</xmin>
      <ymin>338</ymin>
      <xmax>224</xmax>
      <ymax>355</ymax>
    </bndbox>
  </object>
  <object>
    <name>word</name>
    <difficult>0</difficult>
    <bndbox>
      <xmin>235</xmin>
      <ymin>337</ymin>
      <xmax>322</xmax>
      <ymax>356</ymax>
    </bndbox>
  </object>
  <object>
    <name>word</name>
    <difficult>0</difficult>
    <bndbox>
      <xmin>329</xmin>
      <ymin>340</ymin>
      <xmax>372</xmax>
      <ymax>356</ymax>
    </bndbox>
  </object>
  <object>
    <name>word</name>
    <difficult>0</difficult>
    <bndbox>
      <xmin>376</xmin>
      <ymin>342</ymin>
      <xmax>471</xmax>
      <ymax>355</ymax>
    </bndbox>
  </object>
  <object>
    <name>word</name>
    <difficult>0</difficult>
    <bndbox>
      <xmin>479</xmin>
      <ymin>340</ymin>
      <xmax>507</xmax>
      <ymax>356</ymax>
    </bndbox>
  </object>
  <object>
    <name>word</name>
    <difficult>0</difficult>
    <bndbox>
      <xmin>249</xmin>
      <ymin>382</ymin>
      <xmax>274</xmax>
      <ymax>395</ymax>
    </bndbox>
  </object>
  <object>
    <name>word</name>
    <difficult>0</difficult>
    <bndbox>
      <xmin>282</xmin>
      <ymin>382</ymin>
      <xmax>301</xmax>
      <ymax>395</ymax>
    </bndbox>
  </object>
  <object>
    <name>word</name>
    <difficult>0</difficult>
    <bndbox>
      <xmin>305</xmin>
      <ymin>382</ymin>
      <xmax>324</xmax>
      <ymax>397</ymax>
    </bndbox>
  </object>
  <object>
    <name>word</name>
    <difficult>0</difficult>
    <bndbox>
      <xmin>333</xmin>
      <ymin>382</ymin>
      <xmax>392</xmax>
      <ymax>398</ymax>
    </bndbox>
  </object>
  <object>
    <name>word</name>
    <difficult>0</difficult>
    <bndbox>
      <xmin>249</xmin>
      <ymin>406</ymin>
      <xmax>273</xmax>
      <ymax>423</ymax>
    </bndbox>
  </object>
  <object>
    <name>word</name>
    <difficult>0</difficult>
    <bndbox>
      <xmin>282</xmin>
      <ymin>406</ymin>
      <xmax>335</xmax>
      <ymax>425</ymax>
    </bndbox>
  </object>
  <object>
    <name>word</name>
    <difficult>0</difficult>
    <bndbox>
      <xmin>338</xmin>
      <ymin>408</ymin>
      <xmax>383</xmax>
      <ymax>424</ymax>
    </bndbox>
  </object>
  <object>
    <name>word</name>
    <difficult>0</difficult>
    <bndbox>
      <xmin>390</xmin>
      <ymin>408</ymin>
      <xmax>458</xmax>
      <ymax>424</ymax>
    </bndbox>
  </object>
  <object>
    <name>word</name>
    <difficult>0</difficult>
    <bndbox>
      <xmin>365</xmin>
      <ymin>436</ymin>
      <xmax>389</xmax>
      <ymax>453</ymax>
    </bndbox>
  </object>
  <object>
    <name>word</name>
    <difficult>0</difficult>
    <bndbox>
      <xmin>405</xmin>
      <ymin>436</ymin>
      <xmax>440</xmax>
      <ymax>455</ymax>
    </bndbox>
  </object>
  <object>
    <name>word</name>
    <difficult>0</difficult>
    <bndbox>
      <xmin>439</xmin>
      <ymin>436</ymin>
      <xmax>475</xmax>
      <ymax>453</ymax>
    </bndbox>
  </object>
  <object>
    <name>word</name>
    <difficult>0</difficult>
    <bndbox>
      <xmin>159</xmin>
      <ymin>434</ymin>
      <xmax>195</xmax>
      <ymax>451</ymax>
    </bndbox>
  </object>
  <object>
    <name>word</name>
    <difficult>0</difficult>
    <bndbox>
      <xmin>201</xmin>
      <ymin>437</ymin>
      <xmax>258</xmax>
      <ymax>452</ymax>
    </bndbox>
  </object>
  <object>
    <name>word</name>
    <difficult>0</difficult>
    <bndbox>
      <xmin>267</xmin>
      <ymin>434</ymin>
      <xmax>342</xmax>
      <ymax>454</ymax>
    </bndbox>
  </object>
  <object>
    <name>word</name>
    <difficult>0</difficult>
    <bndbox>
      <xmin>160</xmin>
      <ymin>476</ymin>
      <xmax>200</xmax>
      <ymax>492</ymax>
    </bndbox>
  </object>
  <object>
    <name>word</name>
    <difficult>0</difficult>
    <bndbox>
      <xmin>205</xmin>
      <ymin>476</ymin>
      <xmax>304</xmax>
      <ymax>493</ymax>
    </bndbox>
  </object>
  <object>
    <name>word</name>
    <difficult>0</difficult>
    <bndbox>
      <xmin>311</xmin>
      <ymin>477</ymin>
      <xmax>327</xmax>
      <ymax>492</ymax>
    </bndbox>
  </object>
  <object>
    <name>word</name>
    <difficult>0</difficult>
    <bndbox>
      <xmin>332</xmin>
      <ymin>477</ymin>
      <xmax>385</xmax>
      <ymax>493</ymax>
    </bndbox>
  </object>
  <object>
    <name>word</name>
    <difficult>0</difficult>
    <bndbox>
      <xmin>253</xmin>
      <ymin>523</ymin>
      <xmax>268</xmax>
      <ymax>534</ymax>
    </bndbox>
  </object>
  <object>
    <name>word</name>
    <difficult>0</difficult>
    <bndbox>
      <xmin>274</xmin>
      <ymin>523</ymin>
      <xmax>291</xmax>
      <ymax>534</ymax>
    </bndbox>
  </object>
  <object>
    <name>word</name>
    <difficult>0</difficult>
    <bndbox>
      <xmin>302</xmin>
      <ymin>519</ymin>
      <xmax>349</xmax>
      <ymax>535</ymax>
    </bndbox>
  </object>
  <object>
    <name>word</name>
    <difficult>0</difficult>
    <bndbox>
      <xmin>226</xmin>
      <ymin>545</ymin>
      <xmax>308</xmax>
      <ymax>562</ymax>
    </bndbox>
  </object>
  <object>
    <name>word</name>
    <difficult>0</difficult>
    <bndbox>
      <xmin>314</xmin>
      <ymin>544</ymin>
      <xmax>349</xmax>
      <ymax>561</ymax>
    </bndbox>
  </object>
  <object>
    <name>word</name>
    <difficult>0</difficult>
    <bndbox>
      <xmin>354</xmin>
      <ymin>544</ymin>
      <xmax>383</xmax>
      <ymax>561</ymax>
    </bndbox>
  </object>
  <object>
    <name>word</name>
    <difficult>0</difficult>
    <bndbox>
      <xmin>154</xmin>
      <ymin>575</ymin>
      <xmax>194</xmax>
      <ymax>590</ymax>
    </bndbox>
  </object>
  <object>
    <name>word</name>
    <difficult>0</difficult>
    <bndbox>
      <xmin>198</xmin>
      <ymin>571</ymin>
      <xmax>261</xmax>
      <ymax>588</ymax>
    </bndbox>
  </object>
  <object>
    <name>word</name>
    <difficult>0</difficult>
    <bndbox>
      <xmin>261</xmin>
      <ymin>574</ymin>
      <xmax>345</xmax>
      <ymax>590</ymax>
    </bndbox>
  </object>
  <object>
    <name>word</name>
    <difficult>0</difficult>
    <bndbox>
      <xmin>349</xmin>
      <ymin>572</ymin>
      <xmax>389</xmax>
      <ymax>589</ymax>
    </bndbox>
  </object>
  <object>
    <name>word</name>
    <difficult>0</difficult>
    <bndbox>
      <xmin>394</xmin>
      <ymin>572</ymin>
      <xmax>431</xmax>
      <ymax>591</ymax>
    </bndbox>
  </object>
  <object>
    <name>word</name>
    <difficult>0</difficult>
    <bndbox>
      <xmin>433</xmin>
      <ymin>574</ymin>
      <xmax>472</xmax>
      <ymax>589</ymax>
    </bndbox>
  </object>
  <object>
    <name>word</name>
    <difficult>0</difficult>
    <bndbox>
      <xmin>287</xmin>
      <ymin>611</ymin>
      <xmax>310</xmax>
      <ymax>627</ymax>
    </bndbox>
  </object>
  <object>
    <name>word</name>
    <difficult>0</difficult>
    <bndbox>
      <xmin>320</xmin>
      <ymin>614</ymin>
      <xmax>388</xmax>
      <ymax>630</ymax>
    </bndbox>
  </object>
  <object>
    <name>word</name>
    <difficult>0</difficult>
    <bndbox>
      <xmin>394</xmin>
      <ymin>612</ymin>
      <xmax>485</xmax>
      <ymax>628</ymax>
    </bndbox>
  </object>
  <object>
    <name>word</name>
    <difficult>0</difficult>
    <bndbox>
      <xmin>497</xmin>
      <ymin>615</ymin>
      <xmax>588</xmax>
      <ymax>630</ymax>
    </bndbox>
  </object>
  <object>
    <name>word</name>
    <difficult>0</difficult>
    <bndbox>
      <xmin>285</xmin>
      <ymin>642</ymin>
      <xmax>312</xmax>
      <ymax>654</ymax>
    </bndbox>
  </object>
  <object>
    <name>word</name>
    <difficult>0</difficult>
    <bndbox>
      <xmin>318</xmin>
      <ymin>640</ymin>
      <xmax>375</xmax>
      <ymax>656</ymax>
    </bndbox>
  </object>
  <object>
    <name>word</name>
    <difficult>0</difficult>
    <bndbox>
      <xmin>385</xmin>
      <ymin>640</ymin>
      <xmax>405</xmax>
      <ymax>656</ymax>
    </bndbox>
  </object>
  <object>
    <name>word</name>
    <difficult>0</difficult>
    <bndbox>
      <xmin>412</xmin>
      <ymin>640</ymin>
      <xmax>479</xmax>
      <ymax>656</ymax>
    </bndbox>
  </object>
  <object>
    <name>word</name>
    <difficult>0</difficult>
    <bndbox>
      <xmin>487</xmin>
      <ymin>642</ymin>
      <xmax>536</xmax>
      <ymax>658</ymax>
    </bndbox>
  </object>
  <object>
    <name>word</name>
    <difficult>0</difficult>
    <bndbox>
      <xmin>287</xmin>
      <ymin>672</ymin>
      <xmax>308</xmax>
      <ymax>685</ymax>
    </bndbox>
  </object>
  <object>
    <name>word</name>
    <difficult>0</difficult>
    <bndbox>
      <xmin>313</xmin>
      <ymin>671</ymin>
      <xmax>338</xmax>
      <ymax>688</ymax>
    </bndbox>
  </object>
  <object>
    <name>word</name>
    <difficult>0</difficult>
    <bndbox>
      <xmin>345</xmin>
      <ymin>671</ymin>
      <xmax>396</xmax>
      <ymax>687</ymax>
    </bndbox>
  </object>
  <object>
    <name>word</name>
    <difficult>0</difficult>
    <bndbox>
      <xmin>405</xmin>
      <ymin>672</ymin>
      <xmax>434</xmax>
      <ymax>685</ymax>
    </bndbox>
  </object>
  <object>
    <name>word</name>
    <difficult>0</difficult>
    <bndbox>
      <xmin>443</xmin>
      <ymin>674</ymin>
      <xmax>471</xmax>
      <ymax>689</ymax>
    </bndbox>
  </object>
  <object>
    <name>word</name>
    <difficult>0</difficult>
    <bndbox>
      <xmin>477</xmin>
      <ymin>672</ymin>
      <xmax>560</xmax>
      <ymax>684</ymax>
    </bndbox>
  </object>
  <object>
    <name>word</name>
    <difficult>0</difficult>
    <bndbox>
      <xmin>154</xmin>
      <ymin>709</ymin>
      <xmax>171</xmax>
      <ymax>728</ymax>
    </bndbox>
  </object>
  <object>
    <name>word</name>
    <difficult>0</difficult>
    <bndbox>
      <xmin>172</xmin>
      <ymin>713</ymin>
      <xmax>203</xmax>
      <ymax>725</ymax>
    </bndbox>
  </object>
  <object>
    <name>word</name>
    <difficult>0</difficult>
    <bndbox>
      <xmin>205</xmin>
      <ymin>713</ymin>
      <xmax>226</xmax>
      <ymax>725</ymax>
    </bndbox>
  </object>
  <object>
    <name>word</name>
    <difficult>0</difficult>
    <bndbox>
      <xmin>227</xmin>
      <ymin>713</ymin>
      <xmax>264</xmax>
      <ymax>726</ymax>
    </bndbox>
  </object>
  <object>
    <name>word</name>
    <difficult>0</difficult>
    <bndbox>
      <xmin>275</xmin>
      <ymin>714</ymin>
      <xmax>320</xmax>
      <ymax>727</ymax>
    </bndbox>
  </object>
  <object>
    <name>word</name>
    <difficult>0</difficult>
    <bndbox>
      <xmin>324</xmin>
      <ymin>714</ymin>
      <xmax>349</xmax>
      <ymax>727</ymax>
    </bndbox>
  </object>
  <object>
    <name>word</name>
    <difficult>0</difficult>
    <bndbox>
      <xmin>354</xmin>
      <ymin>711</ymin>
      <xmax>381</xmax>
      <ymax>726</ymax>
    </bndbox>
  </object>
  <object>
    <name>word</name>
    <difficult>0</difficult>
    <bndbox>
      <xmin>384</xmin>
      <ymin>710</ymin>
      <xmax>439</xmax>
      <ymax>727</ymax>
    </bndbox>
  </object>
  <object>
    <name>word</name>
    <difficult>0</difficult>
    <bndbox>
      <xmin>443</xmin>
      <ymin>713</ymin>
      <xmax>463</xmax>
      <ymax>726</ymax>
    </bndbox>
  </object>
  <object>
    <name>word</name>
    <difficult>0</difficult>
    <bndbox>
      <xmin>467</xmin>
      <ymin>714</ymin>
      <xmax>495</xmax>
      <ymax>727</ymax>
    </bndbox>
  </object>
  <object>
    <name>word</name>
    <difficult>0</difficult>
    <bndbox>
      <xmin>497</xmin>
      <ymin>711</ymin>
      <xmax>521</xmax>
      <ymax>727</ymax>
    </bndbox>
  </object>
  <object>
    <name>word</name>
    <difficult>0</difficult>
    <bndbox>
      <xmin>524</xmin>
      <ymin>714</ymin>
      <xmax>552</xmax>
      <ymax>729</ymax>
    </bndbox>
  </object>
  <object>
    <name>word</name>
    <difficult>0</difficult>
    <bndbox>
      <xmin>555</xmin>
      <ymin>711</ymin>
      <xmax>608</xmax>
      <ymax>727</ymax>
    </bndbox>
  </object>
  <object>
    <name>word</name>
    <difficult>0</difficult>
    <bndbox>
      <xmin>618</xmin>
      <ymin>711</ymin>
      <xmax>633</xmax>
      <ymax>727</ymax>
    </bndbox>
  </object>
  <object>
    <name>word</name>
    <difficult>0</difficult>
    <bndbox>
      <xmin>156</xmin>
      <ymin>727</ymin>
      <xmax>209</xmax>
      <ymax>743</ymax>
    </bndbox>
  </object>
  <object>
    <name>word</name>
    <difficult>0</difficult>
    <bndbox>
      <xmin>213</xmin>
      <ymin>727</ymin>
      <xmax>261</xmax>
      <ymax>740</ymax>
    </bndbox>
  </object>
  <object>
    <name>word</name>
    <difficult>0</difficult>
    <bndbox>
      <xmin>267</xmin>
      <ymin>726</ymin>
      <xmax>291</xmax>
      <ymax>741</ymax>
    </bndbox>
  </object>
  <object>
    <name>word</name>
    <difficult>0</difficult>
    <bndbox>
      <xmin>298</xmin>
      <ymin>726</ymin>
      <xmax>329</xmax>
      <ymax>741</ymax>
    </bndbox>
  </object>
  <object>
    <name>word</name>
    <difficult>0</difficult>
    <bndbox>
      <xmin>334</xmin>
      <ymin>726</ymin>
      <xmax>375</xmax>
      <ymax>741</ymax>
    </bndbox>
  </object>
  <object>
    <name>word</name>
    <difficult>0</difficult>
    <bndbox>
      <xmin>380</xmin>
      <ymin>725</ymin>
      <xmax>396</xmax>
      <ymax>740</ymax>
    </bndbox>
  </object>
  <object>
    <name>word</name>
    <difficult>0</difficult>
    <bndbox>
      <xmin>401</xmin>
      <ymin>725</ymin>
      <xmax>440</xmax>
      <ymax>741</ymax>
    </bndbox>
  </object>
  <object>
    <name>word</name>
    <difficult>0</difficult>
    <bndbox>
      <xmin>444</xmin>
      <ymin>726</ymin>
      <xmax>464</xmax>
      <ymax>743</ymax>
    </bndbox>
  </object>
  <object>
    <name>word</name>
    <difficult>0</difficult>
    <bndbox>
      <xmin>468</xmin>
      <ymin>727</ymin>
      <xmax>535</xmax>
      <ymax>740</ymax>
    </bndbox>
  </object>
  <object>
    <name>word</name>
    <difficult>0</difficult>
    <bndbox>
      <xmin>316</xmin>
      <ymin>785</ymin>
      <xmax>341</xmax>
      <ymax>798</ymax>
    </bndbox>
  </object>
  <object>
    <name>word</name>
    <difficult>0</difficult>
    <bndbox>
      <xmin>350</xmin>
      <ymin>785</ymin>
      <xmax>363</xmax>
      <ymax>798</ymax>
    </bndbox>
  </object>
  <object>
    <name>word</name>
    <difficult>0</difficult>
    <bndbox>
      <xmin>374</xmin>
      <ymin>783</ymin>
      <xmax>390</xmax>
      <ymax>798</ymax>
    </bndbox>
  </object>
  <object>
    <name>word</name>
    <difficult>0</difficult>
    <bndbox>
      <xmin>398</xmin>
      <ymin>783</ymin>
      <xmax>443</xmax>
      <ymax>798</ymax>
    </bndbox>
  </object>
  <object>
    <name>word</name>
    <difficult>0</difficult>
    <bndbox>
      <xmin>321</xmin>
      <ymin>801</ymin>
      <xmax>344</xmax>
      <ymax>812</ymax>
    </bndbox>
  </object>
  <object>
    <name>word</name>
    <difficult>0</difficult>
    <bndbox>
      <xmin>352</xmin>
      <ymin>801</ymin>
      <xmax>368</xmax>
      <ymax>812</ymax>
    </bndbox>
  </object>
  <object>
    <name>word</name>
    <difficult>0</difficult>
    <bndbox>
      <xmin>374</xmin>
      <ymin>798</ymin>
      <xmax>391</xmax>
      <ymax>810</ymax>
    </bndbox>
  </object>
  <object>
    <name>word</name>
    <difficult>0</difficult>
    <bndbox>
      <xmin>404</xmin>
      <ymin>799</ymin>
      <xmax>444</xmax>
      <ymax>810</ymax>
    </bndbox>
  </object>
  <object>
    <name>word</name>
    <difficult>0</difficult>
    <bndbox>
      <xmin>286</xmin>
      <ymin>691</ymin>
      <xmax>335</xmax>
      <ymax>707</ymax>
    </bndbox>
  </object>
  <object>
    <name>word</name>
    <difficult>0</difficult>
    <bndbox>
      <xmin>344</xmin>
      <ymin>693</ymin>
      <xmax>401</xmax>
      <ymax>708</ymax>
    </bndbox>
  </object>
  <object>
    <name>word</name>
    <difficult>0</difficult>
    <bndbox>
      <xmin>461</xmin>
      <ymin>691</ymin>
      <xmax>493</xmax>
      <ymax>703</ymax>
    </bndbox>
  </object>
</annotation>
