<annotation>
  <folder>VOC2007</folder>
  <filename>92081358_1359.json</filename>
  <owner>
    <name>HengTian</name>
  </owner>
  <size>
    <width>802</width>
    <height>1000</height>
    <depth>1</depth>
  </size>
  <segmented>0</segmented>
  <object>
    <name>word</name>
    <difficult>0</difficult>
    <bndbox>
      <xmin>138</xmin>
      <ymin>178</ymin>
      <xmax>216</xmax>
      <ymax>191</ymax>
    </bndbox>
  </object>
  <object>
    <name>word</name>
    <difficult>0</difficult>
    <bndbox>
      <xmin>512</xmin>
      <ymin>275</ymin>
      <xmax>535</xmax>
      <ymax>288</ymax>
    </bndbox>
  </object>
  <object>
    <name>word</name>
    <difficult>0</difficult>
    <bndbox>
      <xmin>520</xmin>
      <ymin>320</ymin>
      <xmax>536</xmax>
      <ymax>333</ymax>
    </bndbox>
  </object>
  <object>
    <name>word</name>
    <difficult>0</difficult>
    <bndbox>
      <xmin>607</xmin>
      <ymin>291</ymin>
      <xmax>624</xmax>
      <ymax>303</ymax>
    </bndbox>
  </object>
  <object>
    <name>word</name>
    <difficult>0</difficult>
    <bndbox>
      <xmin>601</xmin>
      <ymin>305</ymin>
      <xmax>622</xmax>
      <ymax>317</ymax>
    </bndbox>
  </object>
  <object>
    <name>word</name>
    <difficult>0</difficult>
    <bndbox>
      <xmin>600</xmin>
      <ymin>334</ymin>
      <xmax>635</xmax>
      <ymax>347</ymax>
    </bndbox>
  </object>
  <object>
    <name>word</name>
    <difficult>0</difficult>
    <bndbox>
      <xmin>346</xmin>
      <ymin>482</ymin>
      <xmax>357</xmax>
      <ymax>494</ymax>
    </bndbox>
  </object>
  <object>
    <name>word</name>
    <difficult>0</difficult>
    <bndbox>
      <xmin>442</xmin>
      <ymin>481</ymin>
      <xmax>460</xmax>
      <ymax>492</ymax>
    </bndbox>
  </object>
  <object>
    <name>word</name>
    <difficult>0</difficult>
    <bndbox>
      <xmin>345</xmin>
      <ymin>498</ymin>
      <xmax>358</xmax>
      <ymax>509</ymax>
    </bndbox>
  </object>
  <object>
    <name>word</name>
    <difficult>0</difficult>
    <bndbox>
      <xmin>439</xmin>
      <ymin>496</ymin>
      <xmax>457</xmax>
      <ymax>508</ymax>
    </bndbox>
  </object>
  <object>
    <name>word</name>
    <difficult>0</difficult>
    <bndbox>
      <xmin>333</xmin>
      <ymin>513</ymin>
      <xmax>356</xmax>
      <ymax>525</ymax>
    </bndbox>
  </object>
  <object>
    <name>word</name>
    <difficult>0</difficult>
    <bndbox>
      <xmin>434</xmin>
      <ymin>512</ymin>
      <xmax>456</xmax>
      <ymax>524</ymax>
    </bndbox>
  </object>
  <object>
    <name>word</name>
    <difficult>0</difficult>
    <bndbox>
      <xmin>340</xmin>
      <ymin>529</ymin>
      <xmax>355</xmax>
      <ymax>539</ymax>
    </bndbox>
  </object>
  <object>
    <name>word</name>
    <difficult>0</difficult>
    <bndbox>
      <xmin>433</xmin>
      <ymin>528</ymin>
      <xmax>455</xmax>
      <ymax>538</ymax>
    </bndbox>
  </object>
  <object>
    <name>word</name>
    <difficult>0</difficult>
    <bndbox>
      <xmin>430</xmin>
      <ymin>556</ymin>
      <xmax>462</xmax>
      <ymax>568</ymax>
    </bndbox>
  </object>
  <object>
    <name>word</name>
    <difficult>0</difficult>
    <bndbox>
      <xmin>432</xmin>
      <ymin>543</ymin>
      <xmax>455</xmax>
      <ymax>554</ymax>
    </bndbox>
  </object>
  <object>
    <name>word</name>
    <difficult>0</difficult>
    <bndbox>
      <xmin>339</xmin>
      <ymin>544</ymin>
      <xmax>357</xmax>
      <ymax>553</ymax>
    </bndbox>
  </object>
  <object>
    <name>word</name>
    <difficult>0</difficult>
    <bndbox>
      <xmin>333</xmin>
      <ymin>555</ymin>
      <xmax>353</xmax>
      <ymax>567</ymax>
    </bndbox>
  </object>
  <object>
    <name>word</name>
    <difficult>0</difficult>
    <bndbox>
      <xmin>368</xmin>
      <ymin>618</ymin>
      <xmax>416</xmax>
      <ymax>625</ymax>
    </bndbox>
  </object>
  <object>
    <name>word</name>
    <difficult>0</difficult>
    <bndbox>
      <xmin>202</xmin>
      <ymin>542</ymin>
      <xmax>263</xmax>
      <ymax>555</ymax>
    </bndbox>
  </object>
  <object>
    <name>word</name>
    <difficult>0</difficult>
    <bndbox>
      <xmin>203</xmin>
      <ymin>555</ymin>
      <xmax>248</xmax>
      <ymax>568</ymax>
    </bndbox>
  </object>
  <object>
    <name>word</name>
    <difficult>0</difficult>
    <bndbox>
      <xmin>425</xmin>
      <ymin>452</ymin>
      <xmax>435</xmax>
      <ymax>467</ymax>
    </bndbox>
  </object>
  <object>
    <name>word</name>
    <difficult>0</difficult>
    <bndbox>
      <xmin>698</xmin>
      <ymin>801</ymin>
      <xmax>717</xmax>
      <ymax>873</ymax>
    </bndbox>
  </object>
  <object>
    <name>word</name>
    <difficult>0</difficult>
    <bndbox>
      <xmin>301</xmin>
      <ymin>70</ymin>
      <xmax>365</xmax>
      <ymax>85</ymax>
    </bndbox>
  </object>
  <object>
    <name>word</name>
    <difficult>0</difficult>
    <bndbox>
      <xmin>369</xmin>
      <ymin>70</ymin>
      <xmax>443</xmax>
      <ymax>87</ymax>
    </bndbox>
  </object>
  <object>
    <name>word</name>
    <difficult>0</difficult>
    <bndbox>
      <xmin>447</xmin>
      <ymin>67</ymin>
      <xmax>541</xmax>
      <ymax>84</ymax>
    </bndbox>
  </object>
  <object>
    <name>word</name>
    <difficult>0</difficult>
    <bndbox>
      <xmin>322</xmin>
      <ymin>96</ymin>
      <xmax>437</xmax>
      <ymax>113</ymax>
    </bndbox>
  </object>
  <object>
    <name>word</name>
    <difficult>0</difficult>
    <bndbox>
      <xmin>447</xmin>
      <ymin>99</ymin>
      <xmax>518</xmax>
      <ymax>114</ymax>
    </bndbox>
  </object>
  <object>
    <name>word</name>
    <difficult>0</difficult>
    <bndbox>
      <xmin>99</xmin>
      <ymin>21</ymin>
      <xmax>158</xmax>
      <ymax>33</ymax>
    </bndbox>
  </object>
  <object>
    <name>word</name>
    <difficult>0</difficult>
    <bndbox>
      <xmin>174</xmin>
      <ymin>20</ymin>
      <xmax>209</xmax>
      <ymax>32</ymax>
    </bndbox>
  </object>
  <object>
    <name>word</name>
    <difficult>0</difficult>
    <bndbox>
      <xmin>237</xmin>
      <ymin>20</ymin>
      <xmax>272</xmax>
      <ymax>31</ymax>
    </bndbox>
  </object>
  <object>
    <name>word</name>
    <difficult>0</difficult>
    <bndbox>
      <xmin>278</xmin>
      <ymin>19</ymin>
      <xmax>298</xmax>
      <ymax>34</ymax>
    </bndbox>
  </object>
  <object>
    <name>word</name>
    <difficult>0</difficult>
    <bndbox>
      <xmin>306</xmin>
      <ymin>20</ymin>
      <xmax>334</xmax>
      <ymax>31</ymax>
    </bndbox>
  </object>
  <object>
    <name>word</name>
    <difficult>0</difficult>
    <bndbox>
      <xmin>404</xmin>
      <ymin>16</ymin>
      <xmax>464</xmax>
      <ymax>29</ymax>
    </bndbox>
  </object>
  <object>
    <name>word</name>
    <difficult>0</difficult>
    <bndbox>
      <xmin>471</xmin>
      <ymin>16</ymin>
      <xmax>492</xmax>
      <ymax>28</ymax>
    </bndbox>
  </object>
  <object>
    <name>word</name>
    <difficult>0</difficult>
    <bndbox>
      <xmin>667</xmin>
      <ymin>7</ymin>
      <xmax>706</xmax>
      <ymax>25</ymax>
    </bndbox>
  </object>
  <object>
    <name>word</name>
    <difficult>0</difficult>
    <bndbox>
      <xmin>706</xmin>
      <ymin>9</ymin>
      <xmax>738</xmax>
      <ymax>24</ymax>
    </bndbox>
  </object>
  <object>
    <name>word</name>
    <difficult>0</difficult>
    <bndbox>
      <xmin>245</xmin>
      <ymin>175</ymin>
      <xmax>298</xmax>
      <ymax>188</ymax>
    </bndbox>
  </object>
  <object>
    <name>word</name>
    <difficult>0</difficult>
    <bndbox>
      <xmin>303</xmin>
      <ymin>176</ymin>
      <xmax>343</xmax>
      <ymax>188</ymax>
    </bndbox>
  </object>
  <object>
    <name>word</name>
    <difficult>0</difficult>
    <bndbox>
      <xmin>138</xmin>
      <ymin>209</ymin>
      <xmax>173</xmax>
      <ymax>220</ymax>
    </bndbox>
  </object>
  <object>
    <name>word</name>
    <difficult>0</difficult>
    <bndbox>
      <xmin>179</xmin>
      <ymin>206</ymin>
      <xmax>210</xmax>
      <ymax>217</ymax>
    </bndbox>
  </object>
  <object>
    <name>word</name>
    <difficult>0</difficult>
    <bndbox>
      <xmin>215</xmin>
      <ymin>206</ymin>
      <xmax>315</xmax>
      <ymax>218</ymax>
    </bndbox>
  </object>
  <object>
    <name>word</name>
    <difficult>0</difficult>
    <bndbox>
      <xmin>322</xmin>
      <ymin>206</ymin>
      <xmax>365</xmax>
      <ymax>215</ymax>
    </bndbox>
  </object>
  <object>
    <name>word</name>
    <difficult>0</difficult>
    <bndbox>
      <xmin>373</xmin>
      <ymin>205</ymin>
      <xmax>393</xmax>
      <ymax>216</ymax>
    </bndbox>
  </object>
  <object>
    <name>word</name>
    <difficult>0</difficult>
    <bndbox>
      <xmin>400</xmin>
      <ymin>203</ymin>
      <xmax>417</xmax>
      <ymax>216</ymax>
    </bndbox>
  </object>
  <object>
    <name>word</name>
    <difficult>0</difficult>
    <bndbox>
      <xmin>425</xmin>
      <ymin>203</ymin>
      <xmax>492</xmax>
      <ymax>216</ymax>
    </bndbox>
  </object>
  <object>
    <name>word</name>
    <difficult>0</difficult>
    <bndbox>
      <xmin>503</xmin>
      <ymin>206</ymin>
      <xmax>522</xmax>
      <ymax>215</ymax>
    </bndbox>
  </object>
  <object>
    <name>word</name>
    <difficult>0</difficult>
    <bndbox>
      <xmin>528</xmin>
      <ymin>203</ymin>
      <xmax>556</xmax>
      <ymax>214</ymax>
    </bndbox>
  </object>
  <object>
    <name>word</name>
    <difficult>0</difficult>
    <bndbox>
      <xmin>563</xmin>
      <ymin>201</ymin>
      <xmax>610</xmax>
      <ymax>213</ymax>
    </bndbox>
  </object>
  <object>
    <name>word</name>
    <difficult>0</difficult>
    <bndbox>
      <xmin>616</xmin>
      <ymin>199</ymin>
      <xmax>668</xmax>
      <ymax>211</ymax>
    </bndbox>
  </object>
  <object>
    <name>word</name>
    <difficult>0</difficult>
    <bndbox>
      <xmin>136</xmin>
      <ymin>221</ymin>
      <xmax>196</xmax>
      <ymax>234</ymax>
    </bndbox>
  </object>
  <object>
    <name>word</name>
    <difficult>0</difficult>
    <bndbox>
      <xmin>207</xmin>
      <ymin>221</ymin>
      <xmax>228</xmax>
      <ymax>236</ymax>
    </bndbox>
  </object>
  <object>
    <name>word</name>
    <difficult>0</difficult>
    <bndbox>
      <xmin>237</xmin>
      <ymin>219</ymin>
      <xmax>269</xmax>
      <ymax>232</ymax>
    </bndbox>
  </object>
  <object>
    <name>word</name>
    <difficult>0</difficult>
    <bndbox>
      <xmin>279</xmin>
      <ymin>219</ymin>
      <xmax>365</xmax>
      <ymax>232</ymax>
    </bndbox>
  </object>
  <object>
    <name>word</name>
    <difficult>0</difficult>
    <bndbox>
      <xmin>374</xmin>
      <ymin>219</ymin>
      <xmax>415</xmax>
      <ymax>232</ymax>
    </bndbox>
  </object>
  <object>
    <name>word</name>
    <difficult>0</difficult>
    <bndbox>
      <xmin>138</xmin>
      <ymin>250</ymin>
      <xmax>226</xmax>
      <ymax>259</ymax>
    </bndbox>
  </object>
  <object>
    <name>word</name>
    <difficult>0</difficult>
    <bndbox>
      <xmin>234</xmin>
      <ymin>249</ymin>
      <xmax>341</xmax>
      <ymax>261</ymax>
    </bndbox>
  </object>
  <object>
    <name>word</name>
    <difficult>0</difficult>
    <bndbox>
      <xmin>231</xmin>
      <ymin>279</ymin>
      <xmax>247</xmax>
      <ymax>291</ymax>
    </bndbox>
  </object>
  <object>
    <name>word</name>
    <difficult>0</difficult>
    <bndbox>
      <xmin>253</xmin>
      <ymin>279</ymin>
      <xmax>298</xmax>
      <ymax>290</ymax>
    </bndbox>
  </object>
  <object>
    <name>word</name>
    <difficult>0</difficult>
    <bndbox>
      <xmin>305</xmin>
      <ymin>279</ymin>
      <xmax>314</xmax>
      <ymax>288</ymax>
    </bndbox>
  </object>
  <object>
    <name>word</name>
    <difficult>0</difficult>
    <bndbox>
      <xmin>234</xmin>
      <ymin>294</ymin>
      <xmax>247</xmax>
      <ymax>302</ymax>
    </bndbox>
  </object>
  <object>
    <name>word</name>
    <difficult>0</difficult>
    <bndbox>
      <xmin>253</xmin>
      <ymin>293</ymin>
      <xmax>324</xmax>
      <ymax>306</ymax>
    </bndbox>
  </object>
  <object>
    <name>word</name>
    <difficult>0</difficult>
    <bndbox>
      <xmin>329</xmin>
      <ymin>294</ymin>
      <xmax>341</xmax>
      <ymax>306</ymax>
    </bndbox>
  </object>
  <object>
    <name>word</name>
    <difficult>0</difficult>
    <bndbox>
      <xmin>237</xmin>
      <ymin>309</ymin>
      <xmax>248</xmax>
      <ymax>321</ymax>
    </bndbox>
  </object>
  <object>
    <name>word</name>
    <difficult>0</difficult>
    <bndbox>
      <xmin>253</xmin>
      <ymin>310</ymin>
      <xmax>298</xmax>
      <ymax>318</ymax>
    </bndbox>
  </object>
  <object>
    <name>word</name>
    <difficult>0</difficult>
    <bndbox>
      <xmin>311</xmin>
      <ymin>310</ymin>
      <xmax>324</xmax>
      <ymax>319</ymax>
    </bndbox>
  </object>
  <object>
    <name>word</name>
    <difficult>0</difficult>
    <bndbox>
      <xmin>234</xmin>
      <ymin>321</ymin>
      <xmax>246</xmax>
      <ymax>336</ymax>
    </bndbox>
  </object>
  <object>
    <name>word</name>
    <difficult>0</difficult>
    <bndbox>
      <xmin>254</xmin>
      <ymin>321</ymin>
      <xmax>298</xmax>
      <ymax>334</ymax>
    </bndbox>
  </object>
  <object>
    <name>word</name>
    <difficult>0</difficult>
    <bndbox>
      <xmin>303</xmin>
      <ymin>324</ymin>
      <xmax>316</xmax>
      <ymax>333</ymax>
    </bndbox>
  </object>
  <object>
    <name>word</name>
    <difficult>0</difficult>
    <bndbox>
      <xmin>235</xmin>
      <ymin>338</ymin>
      <xmax>246</xmax>
      <ymax>350</ymax>
    </bndbox>
  </object>
  <object>
    <name>word</name>
    <difficult>0</difficult>
    <bndbox>
      <xmin>253</xmin>
      <ymin>337</ymin>
      <xmax>298</xmax>
      <ymax>350</ymax>
    </bndbox>
  </object>
  <object>
    <name>word</name>
    <difficult>0</difficult>
    <bndbox>
      <xmin>303</xmin>
      <ymin>338</ymin>
      <xmax>315</xmax>
      <ymax>350</ymax>
    </bndbox>
  </object>
  <object>
    <name>word</name>
    <difficult>0</difficult>
    <bndbox>
      <xmin>138</xmin>
      <ymin>369</ymin>
      <xmax>149</xmax>
      <ymax>382</ymax>
    </bndbox>
  </object>
  <object>
    <name>word</name>
    <difficult>0</difficult>
    <bndbox>
      <xmin>156</xmin>
      <ymin>368</ymin>
      <xmax>173</xmax>
      <ymax>380</ymax>
    </bndbox>
  </object>
  <object>
    <name>word</name>
    <difficult>0</difficult>
    <bndbox>
      <xmin>182</xmin>
      <ymin>368</ymin>
      <xmax>234</xmax>
      <ymax>381</ymax>
    </bndbox>
  </object>
  <object>
    <name>word</name>
    <difficult>0</difficult>
    <bndbox>
      <xmin>242</xmin>
      <ymin>366</ymin>
      <xmax>298</xmax>
      <ymax>381</ymax>
    </bndbox>
  </object>
  <object>
    <name>word</name>
    <difficult>0</difficult>
    <bndbox>
      <xmin>332</xmin>
      <ymin>364</ymin>
      <xmax>369</xmax>
      <ymax>379</ymax>
    </bndbox>
  </object>
  <object>
    <name>word</name>
    <difficult>0</difficult>
    <bndbox>
      <xmin>376</xmin>
      <ymin>365</ymin>
      <xmax>451</xmax>
      <ymax>376</ymax>
    </bndbox>
  </object>
  <object>
    <name>word</name>
    <difficult>0</difficult>
    <bndbox>
      <xmin>341</xmin>
      <ymin>381</ymin>
      <xmax>368</xmax>
      <ymax>394</ymax>
    </bndbox>
  </object>
  <object>
    <name>word</name>
    <difficult>0</difficult>
    <bndbox>
      <xmin>376</xmin>
      <ymin>381</ymin>
      <xmax>423</xmax>
      <ymax>392</ymax>
    </bndbox>
  </object>
  <object>
    <name>word</name>
    <difficult>0</difficult>
    <bndbox>
      <xmin>138</xmin>
      <ymin>398</ymin>
      <xmax>234</xmax>
      <ymax>407</ymax>
    </bndbox>
  </object>
  <object>
    <name>word</name>
    <difficult>0</difficult>
    <bndbox>
      <xmin>244</xmin>
      <ymin>395</ymin>
      <xmax>254</xmax>
      <ymax>409</ymax>
    </bndbox>
  </object>
  <object>
    <name>word</name>
    <difficult>0</difficult>
    <bndbox>
      <xmin>263</xmin>
      <ymin>396</ymin>
      <xmax>280</xmax>
      <ymax>407</ymax>
    </bndbox>
  </object>
  <object>
    <name>word</name>
    <difficult>0</difficult>
    <bndbox>
      <xmin>287</xmin>
      <ymin>394</ymin>
      <xmax>339</xmax>
      <ymax>407</ymax>
    </bndbox>
  </object>
  <object>
    <name>word</name>
    <difficult>0</difficult>
    <bndbox>
      <xmin>350</xmin>
      <ymin>396</ymin>
      <xmax>391</xmax>
      <ymax>407</ymax>
    </bndbox>
  </object>
  <object>
    <name>word</name>
    <difficult>0</difficult>
    <bndbox>
      <xmin>402</xmin>
      <ymin>394</ymin>
      <xmax>461</xmax>
      <ymax>405</ymax>
    </bndbox>
  </object>
  <object>
    <name>word</name>
    <difficult>0</difficult>
    <bndbox>
      <xmin>468</xmin>
      <ymin>394</ymin>
      <xmax>487</xmax>
      <ymax>406</ymax>
    </bndbox>
  </object>
  <object>
    <name>word</name>
    <difficult>0</difficult>
    <bndbox>
      <xmin>492</xmin>
      <ymin>392</ymin>
      <xmax>544</xmax>
      <ymax>405</ymax>
    </bndbox>
  </object>
  <object>
    <name>word</name>
    <difficult>0</difficult>
    <bndbox>
      <xmin>567</xmin>
      <ymin>392</ymin>
      <xmax>592</xmax>
      <ymax>405</ymax>
    </bndbox>
  </object>
  <object>
    <name>word</name>
    <difficult>0</difficult>
    <bndbox>
      <xmin>599</xmin>
      <ymin>392</ymin>
      <xmax>630</xmax>
      <ymax>405</ymax>
    </bndbox>
  </object>
  <object>
    <name>word</name>
    <difficult>0</difficult>
    <bndbox>
      <xmin>633</xmin>
      <ymin>393</ymin>
      <xmax>677</xmax>
      <ymax>404</ymax>
    </bndbox>
  </object>
  <object>
    <name>word</name>
    <difficult>0</difficult>
    <bndbox>
      <xmin>139</xmin>
      <ymin>425</ymin>
      <xmax>189</xmax>
      <ymax>438</ymax>
    </bndbox>
  </object>
  <object>
    <name>word</name>
    <difficult>0</difficult>
    <bndbox>
      <xmin>202</xmin>
      <ymin>426</ymin>
      <xmax>235</xmax>
      <ymax>436</ymax>
    </bndbox>
  </object>
  <object>
    <name>word</name>
    <difficult>0</difficult>
    <bndbox>
      <xmin>246</xmin>
      <ymin>425</ymin>
      <xmax>332</xmax>
      <ymax>436</ymax>
    </bndbox>
  </object>
  <object>
    <name>word</name>
    <difficult>0</difficult>
    <bndbox>
      <xmin>314</xmin>
      <ymin>454</ymin>
      <xmax>326</xmax>
      <ymax>467</ymax>
    </bndbox>
  </object>
  <object>
    <name>word</name>
    <difficult>0</difficult>
    <bndbox>
      <xmin>331</xmin>
      <ymin>453</ymin>
      <xmax>374</xmax>
      <ymax>467</ymax>
    </bndbox>
  </object>
  <object>
    <name>word</name>
    <difficult>0</difficult>
    <bndbox>
      <xmin>220</xmin>
      <ymin>485</ymin>
      <xmax>243</xmax>
      <ymax>497</ymax>
    </bndbox>
  </object>
  <object>
    <name>word</name>
    <difficult>0</difficult>
    <bndbox>
      <xmin>247</xmin>
      <ymin>485</ymin>
      <xmax>266</xmax>
      <ymax>495</ymax>
    </bndbox>
  </object>
  <object>
    <name>word</name>
    <difficult>0</difficult>
    <bndbox>
      <xmin>218</xmin>
      <ymin>498</ymin>
      <xmax>243</xmax>
      <ymax>511</ymax>
    </bndbox>
  </object>
  <object>
    <name>word</name>
    <difficult>0</difficult>
    <bndbox>
      <xmin>246</xmin>
      <ymin>493</ymin>
      <xmax>264</xmax>
      <ymax>508</ymax>
    </bndbox>
  </object>
  <object>
    <name>word</name>
    <difficult>0</difficult>
    <bndbox>
      <xmin>220</xmin>
      <ymin>513</ymin>
      <xmax>245</xmax>
      <ymax>526</ymax>
    </bndbox>
  </object>
  <object>
    <name>word</name>
    <difficult>0</difficult>
    <bndbox>
      <xmin>244</xmin>
      <ymin>513</ymin>
      <xmax>264</xmax>
      <ymax>524</ymax>
    </bndbox>
  </object>
  <object>
    <name>word</name>
    <difficult>0</difficult>
    <bndbox>
      <xmin>227</xmin>
      <ymin>529</ymin>
      <xmax>246</xmax>
      <ymax>542</ymax>
    </bndbox>
  </object>
  <object>
    <name>word</name>
    <difficult>0</difficult>
    <bndbox>
      <xmin>246</xmin>
      <ymin>530</ymin>
      <xmax>268</xmax>
      <ymax>541</ymax>
    </bndbox>
  </object>
  <object>
    <name>word</name>
    <difficult>0</difficult>
    <bndbox>
      <xmin>140</xmin>
      <ymin>586</ymin>
      <xmax>202</xmax>
      <ymax>598</ymax>
    </bndbox>
  </object>
  <object>
    <name>word</name>
    <difficult>0</difficult>
    <bndbox>
      <xmin>207</xmin>
      <ymin>585</ymin>
      <xmax>257</xmax>
      <ymax>598</ymax>
    </bndbox>
  </object>
  <object>
    <name>word</name>
    <difficult>0</difficult>
    <bndbox>
      <xmin>262</xmin>
      <ymin>586</ymin>
      <xmax>281</xmax>
      <ymax>598</ymax>
    </bndbox>
  </object>
  <object>
    <name>word</name>
    <difficult>0</difficult>
    <bndbox>
      <xmin>289</xmin>
      <ymin>586</ymin>
      <xmax>340</xmax>
      <ymax>597</ymax>
    </bndbox>
  </object>
  <object>
    <name>word</name>
    <difficult>0</difficult>
    <bndbox>
      <xmin>362</xmin>
      <ymin>584</ymin>
      <xmax>446</xmax>
      <ymax>597</ymax>
    </bndbox>
  </object>
  <object>
    <name>word</name>
    <difficult>0</difficult>
    <bndbox>
      <xmin>455</xmin>
      <ymin>585</ymin>
      <xmax>503</xmax>
      <ymax>597</ymax>
    </bndbox>
  </object>
  <object>
    <name>word</name>
    <difficult>0</difficult>
    <bndbox>
      <xmin>141</xmin>
      <ymin>615</ymin>
      <xmax>218</xmax>
      <ymax>626</ymax>
    </bndbox>
  </object>
  <object>
    <name>word</name>
    <difficult>0</difficult>
    <bndbox>
      <xmin>228</xmin>
      <ymin>615</ymin>
      <xmax>272</xmax>
      <ymax>628</ymax>
    </bndbox>
  </object>
  <object>
    <name>word</name>
    <difficult>0</difficult>
    <bndbox>
      <xmin>280</xmin>
      <ymin>615</ymin>
      <xmax>299</xmax>
      <ymax>626</ymax>
    </bndbox>
  </object>
  <object>
    <name>word</name>
    <difficult>0</difficult>
    <bndbox>
      <xmin>306</xmin>
      <ymin>616</ymin>
      <xmax>358</xmax>
      <ymax>628</ymax>
    </bndbox>
  </object>
  <object>
    <name>word</name>
    <difficult>0</difficult>
    <bndbox>
      <xmin>140</xmin>
      <ymin>660</ymin>
      <xmax>203</xmax>
      <ymax>668</ymax>
    </bndbox>
  </object>
  <object>
    <name>word</name>
    <difficult>0</difficult>
    <bndbox>
      <xmin>209</xmin>
      <ymin>660</ymin>
      <xmax>316</xmax>
      <ymax>670</ymax>
    </bndbox>
  </object>
  <object>
    <name>word</name>
    <difficult>0</difficult>
    <bndbox>
      <xmin>325</xmin>
      <ymin>657</ymin>
      <xmax>384</xmax>
      <ymax>669</ymax>
    </bndbox>
  </object>
  <object>
    <name>word</name>
    <difficult>0</difficult>
    <bndbox>
      <xmin>395</xmin>
      <ymin>656</ymin>
      <xmax>415</xmax>
      <ymax>670</ymax>
    </bndbox>
  </object>
  <object>
    <name>word</name>
    <difficult>0</difficult>
    <bndbox>
      <xmin>419</xmin>
      <ymin>656</ymin>
      <xmax>436</xmax>
      <ymax>670</ymax>
    </bndbox>
  </object>
  <object>
    <name>word</name>
    <difficult>0</difficult>
    <bndbox>
      <xmin>446</xmin>
      <ymin>657</ymin>
      <xmax>503</xmax>
      <ymax>668</ymax>
    </bndbox>
  </object>
  <object>
    <name>word</name>
    <difficult>0</difficult>
    <bndbox>
      <xmin>512</xmin>
      <ymin>656</ymin>
      <xmax>547</xmax>
      <ymax>669</ymax>
    </bndbox>
  </object>
  <object>
    <name>word</name>
    <difficult>0</difficult>
    <bndbox>
      <xmin>547</xmin>
      <ymin>654</ymin>
      <xmax>608</xmax>
      <ymax>667</ymax>
    </bndbox>
  </object>
  <object>
    <name>word</name>
    <difficult>0</difficult>
    <bndbox>
      <xmin>619</xmin>
      <ymin>656</ymin>
      <xmax>710</xmax>
      <ymax>665</ymax>
    </bndbox>
  </object>
  <object>
    <name>word</name>
    <difficult>0</difficult>
    <bndbox>
      <xmin>142</xmin>
      <ymin>672</ymin>
      <xmax>182</xmax>
      <ymax>684</ymax>
    </bndbox>
  </object>
  <object>
    <name>word</name>
    <difficult>0</difficult>
    <bndbox>
      <xmin>194</xmin>
      <ymin>673</ymin>
      <xmax>231</xmax>
      <ymax>685</ymax>
    </bndbox>
  </object>
  <object>
    <name>word</name>
    <difficult>0</difficult>
    <bndbox>
      <xmin>237</xmin>
      <ymin>673</ymin>
      <xmax>247</xmax>
      <ymax>685</ymax>
    </bndbox>
  </object>
  <object>
    <name>word</name>
    <difficult>0</difficult>
    <bndbox>
      <xmin>253</xmin>
      <ymin>673</ymin>
      <xmax>307</xmax>
      <ymax>686</ymax>
    </bndbox>
  </object>
  <object>
    <name>word</name>
    <difficult>0</difficult>
    <bndbox>
      <xmin>314</xmin>
      <ymin>672</ymin>
      <xmax>382</xmax>
      <ymax>686</ymax>
    </bndbox>
  </object>
  <object>
    <name>word</name>
    <difficult>0</difficult>
    <bndbox>
      <xmin>411</xmin>
      <ymin>673</ymin>
      <xmax>487</xmax>
      <ymax>685</ymax>
    </bndbox>
  </object>
  <object>
    <name>word</name>
    <difficult>0</difficult>
    <bndbox>
      <xmin>491</xmin>
      <ymin>670</ymin>
      <xmax>567</xmax>
      <ymax>684</ymax>
    </bndbox>
  </object>
  <object>
    <name>word</name>
    <difficult>0</difficult>
    <bndbox>
      <xmin>143</xmin>
      <ymin>702</ymin>
      <xmax>152</xmax>
      <ymax>712</ymax>
    </bndbox>
  </object>
  <object>
    <name>word</name>
    <difficult>0</difficult>
    <bndbox>
      <xmin>156</xmin>
      <ymin>704</ymin>
      <xmax>167</xmax>
      <ymax>714</ymax>
    </bndbox>
  </object>
  <object>
    <name>word</name>
    <difficult>0</difficult>
    <bndbox>
      <xmin>172</xmin>
      <ymin>704</ymin>
      <xmax>217</xmax>
      <ymax>713</ymax>
    </bndbox>
  </object>
  <object>
    <name>word</name>
    <difficult>0</difficult>
    <bndbox>
      <xmin>225</xmin>
      <ymin>703</ymin>
      <xmax>243</xmax>
      <ymax>713</ymax>
    </bndbox>
  </object>
  <object>
    <name>word</name>
    <difficult>0</difficult>
    <bndbox>
      <xmin>247</xmin>
      <ymin>702</ymin>
      <xmax>290</xmax>
      <ymax>714</ymax>
    </bndbox>
  </object>
  <object>
    <name>word</name>
    <difficult>0</difficult>
    <bndbox>
      <xmin>297</xmin>
      <ymin>704</ymin>
      <xmax>319</xmax>
      <ymax>714</ymax>
    </bndbox>
  </object>
  <object>
    <name>word</name>
    <difficult>0</difficult>
    <bndbox>
      <xmin>327</xmin>
      <ymin>704</ymin>
      <xmax>352</xmax>
      <ymax>715</ymax>
    </bndbox>
  </object>
  <object>
    <name>word</name>
    <difficult>0</difficult>
    <bndbox>
      <xmin>361</xmin>
      <ymin>703</ymin>
      <xmax>376</xmax>
      <ymax>713</ymax>
    </bndbox>
  </object>
  <object>
    <name>word</name>
    <difficult>0</difficult>
    <bndbox>
      <xmin>383</xmin>
      <ymin>704</ymin>
      <xmax>398</xmax>
      <ymax>715</ymax>
    </bndbox>
  </object>
  <object>
    <name>word</name>
    <difficult>0</difficult>
    <bndbox>
      <xmin>405</xmin>
      <ymin>702</ymin>
      <xmax>433</xmax>
      <ymax>714</ymax>
    </bndbox>
  </object>
  <object>
    <name>word</name>
    <difficult>0</difficult>
    <bndbox>
      <xmin>441</xmin>
      <ymin>704</ymin>
      <xmax>477</xmax>
      <ymax>715</ymax>
    </bndbox>
  </object>
  <object>
    <name>word</name>
    <difficult>0</difficult>
    <bndbox>
      <xmin>485</xmin>
      <ymin>703</ymin>
      <xmax>558</xmax>
      <ymax>712</ymax>
    </bndbox>
  </object>
  <object>
    <name>word</name>
    <difficult>0</difficult>
    <bndbox>
      <xmin>563</xmin>
      <ymin>699</ymin>
      <xmax>592</xmax>
      <ymax>711</ymax>
    </bndbox>
  </object>
  <object>
    <name>word</name>
    <difficult>0</difficult>
    <bndbox>
      <xmin>599</xmin>
      <ymin>699</ymin>
      <xmax>627</xmax>
      <ymax>713</ymax>
    </bndbox>
  </object>
  <object>
    <name>word</name>
    <difficult>0</difficult>
    <bndbox>
      <xmin>633</xmin>
      <ymin>703</ymin>
      <xmax>644</xmax>
      <ymax>713</ymax>
    </bndbox>
  </object>
  <object>
    <name>word</name>
    <difficult>0</difficult>
    <bndbox>
      <xmin>651</xmin>
      <ymin>700</ymin>
      <xmax>686</xmax>
      <ymax>712</ymax>
    </bndbox>
  </object>
  <object>
    <name>word</name>
    <difficult>0</difficult>
    <bndbox>
      <xmin>159</xmin>
      <ymin>725</ymin>
      <xmax>194</xmax>
      <ymax>735</ymax>
    </bndbox>
  </object>
  <object>
    <name>word</name>
    <difficult>0</difficult>
    <bndbox>
      <xmin>200</xmin>
      <ymin>722</ymin>
      <xmax>267</xmax>
      <ymax>735</ymax>
    </bndbox>
  </object>
  <object>
    <name>word</name>
    <difficult>0</difficult>
    <bndbox>
      <xmin>275</xmin>
      <ymin>725</ymin>
      <xmax>306</xmax>
      <ymax>735</ymax>
    </bndbox>
  </object>
  <object>
    <name>word</name>
    <difficult>0</difficult>
    <bndbox>
      <xmin>311</xmin>
      <ymin>726</ymin>
      <xmax>320</xmax>
      <ymax>734</ymax>
    </bndbox>
  </object>
  <object>
    <name>word</name>
    <difficult>0</difficult>
    <bndbox>
      <xmin>326</xmin>
      <ymin>724</ymin>
      <xmax>370</xmax>
      <ymax>736</ymax>
    </bndbox>
  </object>
  <object>
    <name>word</name>
    <difficult>0</difficult>
    <bndbox>
      <xmin>377</xmin>
      <ymin>725</ymin>
      <xmax>403</xmax>
      <ymax>736</ymax>
    </bndbox>
  </object>
  <object>
    <name>word</name>
    <difficult>0</difficult>
    <bndbox>
      <xmin>406</xmin>
      <ymin>724</ymin>
      <xmax>434</xmax>
      <ymax>736</ymax>
    </bndbox>
  </object>
  <object>
    <name>word</name>
    <difficult>0</difficult>
    <bndbox>
      <xmin>441</xmin>
      <ymin>721</ymin>
      <xmax>520</xmax>
      <ymax>735</ymax>
    </bndbox>
  </object>
  <object>
    <name>word</name>
    <difficult>0</difficult>
    <bndbox>
      <xmin>526</xmin>
      <ymin>722</ymin>
      <xmax>548</xmax>
      <ymax>733</ymax>
    </bndbox>
  </object>
  <object>
    <name>word</name>
    <difficult>0</difficult>
    <bndbox>
      <xmin>556</xmin>
      <ymin>724</ymin>
      <xmax>629</xmax>
      <ymax>736</ymax>
    </bndbox>
  </object>
  <object>
    <name>word</name>
    <difficult>0</difficult>
    <bndbox>
      <xmin>638</xmin>
      <ymin>721</ymin>
      <xmax>651</xmax>
      <ymax>733</ymax>
    </bndbox>
  </object>
  <object>
    <name>word</name>
    <difficult>0</difficult>
    <bndbox>
      <xmin>659</xmin>
      <ymin>722</ymin>
      <xmax>690</xmax>
      <ymax>732</ymax>
    </bndbox>
  </object>
  <object>
    <name>word</name>
    <difficult>0</difficult>
    <bndbox>
      <xmin>156</xmin>
      <ymin>747</ymin>
      <xmax>201</xmax>
      <ymax>757</ymax>
    </bndbox>
  </object>
</annotation>
