<annotation>
  <folder>VOC2007</folder>
  <filename>92094746.json</filename>
  <owner>
    <name>HengTian</name>
  </owner>
  <size>
    <width>754</width>
    <height>1000</height>
    <depth>1</depth>
  </size>
  <segmented>0</segmented>
  <object>
    <name>word</name>
    <difficult>0</difficult>
    <bndbox>
      <xmin>340</xmin>
      <ymin>110</ymin>
      <xmax>405</xmax>
      <ymax>128</ymax>
    </bndbox>
  </object>
  <object>
    <name>word</name>
    <difficult>0</difficult>
    <bndbox>
      <xmin>468</xmin>
      <ymin>190</ymin>
      <xmax>509</xmax>
      <ymax>204</ymax>
    </bndbox>
  </object>
  <object>
    <name>word</name>
    <difficult>0</difficult>
    <bndbox>
      <xmin>184</xmin>
      <ymin>219</ymin>
      <xmax>208</xmax>
      <ymax>234</ymax>
    </bndbox>
  </object>
  <object>
    <name>word</name>
    <difficult>0</difficult>
    <bndbox>
      <xmin>99</xmin>
      <ymin>274</ymin>
      <xmax>149</xmax>
      <ymax>296</ymax>
    </bndbox>
  </object>
  <object>
    <name>word</name>
    <difficult>0</difficult>
    <bndbox>
      <xmin>221</xmin>
      <ymin>274</ymin>
      <xmax>261</xmax>
      <ymax>291</ymax>
    </bndbox>
  </object>
  <object>
    <name>word</name>
    <difficult>0</difficult>
    <bndbox>
      <xmin>308</xmin>
      <ymin>269</ymin>
      <xmax>363</xmax>
      <ymax>289</ymax>
    </bndbox>
  </object>
  <object>
    <name>word</name>
    <difficult>0</difficult>
    <bndbox>
      <xmin>410</xmin>
      <ymin>268</ymin>
      <xmax>483</xmax>
      <ymax>285</ymax>
    </bndbox>
  </object>
  <object>
    <name>word</name>
    <difficult>0</difficult>
    <bndbox>
      <xmin>513</xmin>
      <ymin>262</ymin>
      <xmax>534</xmax>
      <ymax>281</ymax>
    </bndbox>
  </object>
  <object>
    <name>word</name>
    <difficult>0</difficult>
    <bndbox>
      <xmin>328</xmin>
      <ymin>361</ymin>
      <xmax>368</xmax>
      <ymax>385</ymax>
    </bndbox>
  </object>
  <object>
    <name>word</name>
    <difficult>0</difficult>
    <bndbox>
      <xmin>400</xmin>
      <ymin>360</ymin>
      <xmax>439</xmax>
      <ymax>381</ymax>
    </bndbox>
  </object>
  <object>
    <name>word</name>
    <difficult>0</difficult>
    <bndbox>
      <xmin>476</xmin>
      <ymin>358</ymin>
      <xmax>509</xmax>
      <ymax>383</ymax>
    </bndbox>
  </object>
  <object>
    <name>word</name>
    <difficult>0</difficult>
    <bndbox>
      <xmin>546</xmin>
      <ymin>356</ymin>
      <xmax>623</xmax>
      <ymax>376</ymax>
    </bndbox>
  </object>
  <object>
    <name>word</name>
    <difficult>0</difficult>
    <bndbox>
      <xmin>328</xmin>
      <ymin>406</ymin>
      <xmax>366</xmax>
      <ymax>423</ymax>
    </bndbox>
  </object>
  <object>
    <name>word</name>
    <difficult>0</difficult>
    <bndbox>
      <xmin>334</xmin>
      <ymin>442</ymin>
      <xmax>367</xmax>
      <ymax>463</ymax>
    </bndbox>
  </object>
  <object>
    <name>word</name>
    <difficult>0</difficult>
    <bndbox>
      <xmin>330</xmin>
      <ymin>483</ymin>
      <xmax>369</xmax>
      <ymax>504</ymax>
    </bndbox>
  </object>
  <object>
    <name>word</name>
    <difficult>0</difficult>
    <bndbox>
      <xmin>403</xmin>
      <ymin>402</ymin>
      <xmax>438</xmax>
      <ymax>422</ymax>
    </bndbox>
  </object>
  <object>
    <name>word</name>
    <difficult>0</difficult>
    <bndbox>
      <xmin>401</xmin>
      <ymin>441</ymin>
      <xmax>439</xmax>
      <ymax>461</ymax>
    </bndbox>
  </object>
  <object>
    <name>word</name>
    <difficult>0</difficult>
    <bndbox>
      <xmin>406</xmin>
      <ymin>482</ymin>
      <xmax>441</xmax>
      <ymax>502</ymax>
    </bndbox>
  </object>
  <object>
    <name>word</name>
    <difficult>0</difficult>
    <bndbox>
      <xmin>474</xmin>
      <ymin>399</ymin>
      <xmax>511</xmax>
      <ymax>419</ymax>
    </bndbox>
  </object>
  <object>
    <name>word</name>
    <difficult>0</difficult>
    <bndbox>
      <xmin>479</xmin>
      <ymin>439</ymin>
      <xmax>514</xmax>
      <ymax>460</ymax>
    </bndbox>
  </object>
  <object>
    <name>word</name>
    <difficult>0</difficult>
    <bndbox>
      <xmin>480</xmin>
      <ymin>479</ymin>
      <xmax>514</xmax>
      <ymax>499</ymax>
    </bndbox>
  </object>
  <object>
    <name>word</name>
    <difficult>0</difficult>
    <bndbox>
      <xmin>547</xmin>
      <ymin>397</ymin>
      <xmax>627</xmax>
      <ymax>417</ymax>
    </bndbox>
  </object>
  <object>
    <name>word</name>
    <difficult>0</difficult>
    <bndbox>
      <xmin>546</xmin>
      <ymin>436</ymin>
      <xmax>627</xmax>
      <ymax>456</ymax>
    </bndbox>
  </object>
  <object>
    <name>word</name>
    <difficult>0</difficult>
    <bndbox>
      <xmin>552</xmin>
      <ymin>479</ymin>
      <xmax>627</xmax>
      <ymax>498</ymax>
    </bndbox>
  </object>
  <object>
    <name>word</name>
    <difficult>0</difficult>
    <bndbox>
      <xmin>383</xmin>
      <ymin>401</ymin>
      <xmax>401</xmax>
      <ymax>418</ymax>
    </bndbox>
  </object>
  <object>
    <name>word</name>
    <difficult>0</difficult>
    <bndbox>
      <xmin>382</xmin>
      <ymin>439</ymin>
      <xmax>397</xmax>
      <ymax>460</ymax>
    </bndbox>
  </object>
  <object>
    <name>word</name>
    <difficult>0</difficult>
    <bndbox>
      <xmin>382</xmin>
      <ymin>481</ymin>
      <xmax>400</xmax>
      <ymax>499</ymax>
    </bndbox>
  </object>
  <object>
    <name>word</name>
    <difficult>0</difficult>
    <bndbox>
      <xmin>329</xmin>
      <ymin>637</ymin>
      <xmax>376</xmax>
      <ymax>656</ymax>
    </bndbox>
  </object>
  <object>
    <name>word</name>
    <difficult>0</difficult>
    <bndbox>
      <xmin>380</xmin>
      <ymin>666</ymin>
      <xmax>400</xmax>
      <ymax>685</ymax>
    </bndbox>
  </object>
  <object>
    <name>word</name>
    <difficult>0</difficult>
    <bndbox>
      <xmin>387</xmin>
      <ymin>743</ymin>
      <xmax>402</xmax>
      <ymax>762</ymax>
    </bndbox>
  </object>
  <object>
    <name>word</name>
    <difficult>0</difficult>
    <bndbox>
      <xmin>407</xmin>
      <ymin>666</ymin>
      <xmax>439</xmax>
      <ymax>683</ymax>
    </bndbox>
  </object>
  <object>
    <name>word</name>
    <difficult>0</difficult>
    <bndbox>
      <xmin>415</xmin>
      <ymin>744</ymin>
      <xmax>448</xmax>
      <ymax>765</ymax>
    </bndbox>
  </object>
  <object>
    <name>word</name>
    <difficult>0</difficult>
    <bndbox>
      <xmin>507</xmin>
      <ymin>742</ymin>
      <xmax>528</xmax>
      <ymax>761</ymax>
    </bndbox>
  </object>
  <object>
    <name>word</name>
    <difficult>0</difficult>
    <bndbox>
      <xmin>630</xmin>
      <ymin>829</ymin>
      <xmax>648</xmax>
      <ymax>895</ymax>
    </bndbox>
  </object>
  <object>
    <name>word</name>
    <difficult>0</difficult>
    <bndbox>
      <xmin>250</xmin>
      <ymin>364</ymin>
      <xmax>263</xmax>
      <ymax>381</ymax>
    </bndbox>
  </object>
  <object>
    <name>word</name>
    <difficult>0</difficult>
    <bndbox>
      <xmin>263</xmin>
      <ymin>367</ymin>
      <xmax>281</xmax>
      <ymax>382</ymax>
    </bndbox>
  </object>
  <object>
    <name>word</name>
    <difficult>0</difficult>
    <bndbox>
      <xmin>496</xmin>
      <ymin>665</ymin>
      <xmax>527</xmax>
      <ymax>683</ymax>
    </bndbox>
  </object>
  <object>
    <name>word</name>
    <difficult>0</difficult>
    <bndbox>
      <xmin>110</xmin>
      <ymin>702</ymin>
      <xmax>187</xmax>
      <ymax>719</ymax>
    </bndbox>
  </object>
  <object>
    <name>word</name>
    <difficult>0</difficult>
    <bndbox>
      <xmin>104</xmin>
      <ymin>525</ymin>
      <xmax>184</xmax>
      <ymax>549</ymax>
    </bndbox>
  </object>
  <object>
    <name>word</name>
    <difficult>0</difficult>
    <bndbox>
      <xmin>545</xmin>
      <ymin>263</ymin>
      <xmax>596</xmax>
      <ymax>284</ymax>
    </bndbox>
  </object>
  <object>
    <name>word</name>
    <difficult>0</difficult>
    <bndbox>
      <xmin>106</xmin>
      <ymin>301</ymin>
      <xmax>174</xmax>
      <ymax>321</ymax>
    </bndbox>
  </object>
  <object>
    <name>word</name>
    <difficult>0</difficult>
    <bndbox>
      <xmin>64</xmin>
      <ymin>114</ymin>
      <xmax>77</xmax>
      <ymax>129</ymax>
    </bndbox>
  </object>
  <object>
    <name>word</name>
    <difficult>0</difficult>
    <bndbox>
      <xmin>78</xmin>
      <ymin>115</ymin>
      <xmax>98</xmax>
      <ymax>128</ymax>
    </bndbox>
  </object>
  <object>
    <name>word</name>
    <difficult>0</difficult>
    <bndbox>
      <xmin>99</xmin>
      <ymin>115</ymin>
      <xmax>116</xmax>
      <ymax>130</ymax>
    </bndbox>
  </object>
  <object>
    <name>word</name>
    <difficult>0</difficult>
    <bndbox>
      <xmin>127</xmin>
      <ymin>114</ymin>
      <xmax>144</xmax>
      <ymax>127</ymax>
    </bndbox>
  </object>
  <object>
    <name>word</name>
    <difficult>0</difficult>
    <bndbox>
      <xmin>146</xmin>
      <ymin>114</ymin>
      <xmax>167</xmax>
      <ymax>127</ymax>
    </bndbox>
  </object>
  <object>
    <name>word</name>
    <difficult>0</difficult>
    <bndbox>
      <xmin>186</xmin>
      <ymin>111</ymin>
      <xmax>225</xmax>
      <ymax>128</ymax>
    </bndbox>
  </object>
  <object>
    <name>word</name>
    <difficult>0</difficult>
    <bndbox>
      <xmin>223</xmin>
      <ymin>112</ymin>
      <xmax>247</xmax>
      <ymax>130</ymax>
    </bndbox>
  </object>
  <object>
    <name>word</name>
    <difficult>0</difficult>
    <bndbox>
      <xmin>243</xmin>
      <ymin>112</ymin>
      <xmax>281</xmax>
      <ymax>126</ymax>
    </bndbox>
  </object>
  <object>
    <name>word</name>
    <difficult>0</difficult>
    <bndbox>
      <xmin>443</xmin>
      <ymin>114</ymin>
      <xmax>469</xmax>
      <ymax>125</ymax>
    </bndbox>
  </object>
  <object>
    <name>word</name>
    <difficult>0</difficult>
    <bndbox>
      <xmin>469</xmin>
      <ymin>112</ymin>
      <xmax>494</xmax>
      <ymax>125</ymax>
    </bndbox>
  </object>
  <object>
    <name>word</name>
    <difficult>0</difficult>
    <bndbox>
      <xmin>496</xmin>
      <ymin>108</ymin>
      <xmax>518</xmax>
      <ymax>127</ymax>
    </bndbox>
  </object>
  <object>
    <name>word</name>
    <difficult>0</difficult>
    <bndbox>
      <xmin>525</xmin>
      <ymin>110</ymin>
      <xmax>543</xmax>
      <ymax>128</ymax>
    </bndbox>
  </object>
  <object>
    <name>word</name>
    <difficult>0</difficult>
    <bndbox>
      <xmin>580</xmin>
      <ymin>108</ymin>
      <xmax>617</xmax>
      <ymax>125</ymax>
    </bndbox>
  </object>
  <object>
    <name>word</name>
    <difficult>0</difficult>
    <bndbox>
      <xmin>616</xmin>
      <ymin>112</ymin>
      <xmax>644</xmax>
      <ymax>125</ymax>
    </bndbox>
  </object>
  <object>
    <name>word</name>
    <difficult>0</difficult>
    <bndbox>
      <xmin>248</xmin>
      <ymin>139</ymin>
      <xmax>307</xmax>
      <ymax>158</ymax>
    </bndbox>
  </object>
  <object>
    <name>word</name>
    <difficult>0</difficult>
    <bndbox>
      <xmin>314</xmin>
      <ymin>138</ymin>
      <xmax>389</xmax>
      <ymax>158</ymax>
    </bndbox>
  </object>
  <object>
    <name>word</name>
    <difficult>0</difficult>
    <bndbox>
      <xmin>390</xmin>
      <ymin>134</ymin>
      <xmax>474</xmax>
      <ymax>154</ymax>
    </bndbox>
  </object>
  <object>
    <name>word</name>
    <difficult>0</difficult>
    <bndbox>
      <xmin>454</xmin>
      <ymin>170</ymin>
      <xmax>465</xmax>
      <ymax>187</ymax>
    </bndbox>
  </object>
  <object>
    <name>word</name>
    <difficult>0</difficult>
    <bndbox>
      <xmin>463</xmin>
      <ymin>166</ymin>
      <xmax>478</xmax>
      <ymax>191</ymax>
    </bndbox>
  </object>
  <object>
    <name>word</name>
    <difficult>0</difficult>
    <bndbox>
      <xmin>481</xmin>
      <ymin>170</ymin>
      <xmax>502</xmax>
      <ymax>188</ymax>
    </bndbox>
  </object>
  <object>
    <name>word</name>
    <difficult>0</difficult>
    <bndbox>
      <xmin>93</xmin>
      <ymin>197</ymin>
      <xmax>135</xmax>
      <ymax>216</ymax>
    </bndbox>
  </object>
  <object>
    <name>word</name>
    <difficult>0</difficult>
    <bndbox>
      <xmin>139</xmin>
      <ymin>193</ymin>
      <xmax>193</xmax>
      <ymax>217</ymax>
    </bndbox>
  </object>
  <object>
    <name>word</name>
    <difficult>0</difficult>
    <bndbox>
      <xmin>197</xmin>
      <ymin>192</ymin>
      <xmax>265</xmax>
      <ymax>213</ymax>
    </bndbox>
  </object>
  <object>
    <name>word</name>
    <difficult>0</difficult>
    <bndbox>
      <xmin>111</xmin>
      <ymin>182</ymin>
      <xmax>133</xmax>
      <ymax>197</ymax>
    </bndbox>
  </object>
  <object>
    <name>word</name>
    <difficult>0</difficult>
    <bndbox>
      <xmin>157</xmin>
      <ymin>182</ymin>
      <xmax>186</xmax>
      <ymax>194</ymax>
    </bndbox>
  </object>
  <object>
    <name>word</name>
    <difficult>0</difficult>
    <bndbox>
      <xmin>97</xmin>
      <ymin>223</ymin>
      <xmax>148</xmax>
      <ymax>245</ymax>
    </bndbox>
  </object>
  <object>
    <name>word</name>
    <difficult>0</difficult>
    <bndbox>
      <xmin>149</xmin>
      <ymin>223</ymin>
      <xmax>161</xmax>
      <ymax>244</ymax>
    </bndbox>
  </object>
  <object>
    <name>word</name>
    <difficult>0</difficult>
    <bndbox>
      <xmin>317</xmin>
      <ymin>215</ymin>
      <xmax>405</xmax>
      <ymax>239</ymax>
    </bndbox>
  </object>
  <object>
    <name>word</name>
    <difficult>0</difficult>
    <bndbox>
      <xmin>412</xmin>
      <ymin>213</ymin>
      <xmax>471</xmax>
      <ymax>234</ymax>
    </bndbox>
  </object>
  <object>
    <name>word</name>
    <difficult>0</difficult>
    <bndbox>
      <xmin>508</xmin>
      <ymin>206</ymin>
      <xmax>541</xmax>
      <ymax>227</ymax>
    </bndbox>
  </object>
  <object>
    <name>word</name>
    <difficult>0</difficult>
    <bndbox>
      <xmin>544</xmin>
      <ymin>203</ymin>
      <xmax>572</xmax>
      <ymax>227</ymax>
    </bndbox>
  </object>
  <object>
    <name>word</name>
    <difficult>0</difficult>
    <bndbox>
      <xmin>100</xmin>
      <ymin>249</ymin>
      <xmax>139</xmax>
      <ymax>270</ymax>
    </bndbox>
  </object>
  <object>
    <name>word</name>
    <difficult>0</difficult>
    <bndbox>
      <xmin>144</xmin>
      <ymin>246</ymin>
      <xmax>188</xmax>
      <ymax>267</ymax>
    </bndbox>
  </object>
  <object>
    <name>word</name>
    <difficult>0</difficult>
    <bndbox>
      <xmin>218</xmin>
      <ymin>245</ymin>
      <xmax>296</xmax>
      <ymax>258</ymax>
    </bndbox>
  </object>
  <object>
    <name>word</name>
    <difficult>0</difficult>
    <bndbox>
      <xmin>297</xmin>
      <ymin>239</ymin>
      <xmax>309</xmax>
      <ymax>263</ymax>
    </bndbox>
  </object>
  <object>
    <name>word</name>
    <difficult>0</difficult>
    <bndbox>
      <xmin>310</xmin>
      <ymin>238</ymin>
      <xmax>362</xmax>
      <ymax>256</ymax>
    </bndbox>
  </object>
  <object>
    <name>word</name>
    <difficult>0</difficult>
    <bndbox>
      <xmin>197</xmin>
      <ymin>300</ymin>
      <xmax>249</xmax>
      <ymax>317</ymax>
    </bndbox>
  </object>
  <object>
    <name>word</name>
    <difficult>0</difficult>
    <bndbox>
      <xmin>251</xmin>
      <ymin>297</ymin>
      <xmax>311</xmax>
      <ymax>314</ymax>
    </bndbox>
  </object>
  <object>
    <name>word</name>
    <difficult>0</difficult>
    <bndbox>
      <xmin>309</xmin>
      <ymin>298</ymin>
      <xmax>343</xmax>
      <ymax>318</ymax>
    </bndbox>
  </object>
  <object>
    <name>word</name>
    <difficult>0</difficult>
    <bndbox>
      <xmin>100</xmin>
      <ymin>368</ymin>
      <xmax>148</xmax>
      <ymax>386</ymax>
    </bndbox>
  </object>
  <object>
    <name>word</name>
    <difficult>0</difficult>
    <bndbox>
      <xmin>152</xmin>
      <ymin>364</ymin>
      <xmax>242</xmax>
      <ymax>389</ymax>
    </bndbox>
  </object>
  <object>
    <name>word</name>
    <difficult>0</difficult>
    <bndbox>
      <xmin>101</xmin>
      <ymin>409</ymin>
      <xmax>197</xmax>
      <ymax>428</ymax>
    </bndbox>
  </object>
  <object>
    <name>word</name>
    <difficult>0</difficult>
    <bndbox>
      <xmin>203</xmin>
      <ymin>407</ymin>
      <xmax>293</xmax>
      <ymax>426</ymax>
    </bndbox>
  </object>
  <object>
    <name>word</name>
    <difficult>0</difficult>
    <bndbox>
      <xmin>106</xmin>
      <ymin>443</ymin>
      <xmax>176</xmax>
      <ymax>468</ymax>
    </bndbox>
  </object>
  <object>
    <name>word</name>
    <difficult>0</difficult>
    <bndbox>
      <xmin>182</xmin>
      <ymin>439</ymin>
      <xmax>269</xmax>
      <ymax>467</ymax>
    </bndbox>
  </object>
  <object>
    <name>word</name>
    <difficult>0</difficult>
    <bndbox>
      <xmin>105</xmin>
      <ymin>486</ymin>
      <xmax>191</xmax>
      <ymax>508</ymax>
    </bndbox>
  </object>
  <object>
    <name>word</name>
    <difficult>0</difficult>
    <bndbox>
      <xmin>196</xmin>
      <ymin>482</ymin>
      <xmax>254</xmax>
      <ymax>506</ymax>
    </bndbox>
  </object>
  <object>
    <name>word</name>
    <difficult>0</difficult>
    <bndbox>
      <xmin>195</xmin>
      <ymin>526</ymin>
      <xmax>229</xmax>
      <ymax>540</ymax>
    </bndbox>
  </object>
  <object>
    <name>word</name>
    <difficult>0</difficult>
    <bndbox>
      <xmin>235</xmin>
      <ymin>526</ymin>
      <xmax>264</xmax>
      <ymax>540</ymax>
    </bndbox>
  </object>
  <object>
    <name>word</name>
    <difficult>0</difficult>
    <bndbox>
      <xmin>267</xmin>
      <ymin>522</ymin>
      <xmax>288</xmax>
      <ymax>536</ymax>
    </bndbox>
  </object>
  <object>
    <name>word</name>
    <difficult>0</difficult>
    <bndbox>
      <xmin>294</xmin>
      <ymin>525</ymin>
      <xmax>353</xmax>
      <ymax>540</ymax>
    </bndbox>
  </object>
  <object>
    <name>word</name>
    <difficult>0</difficult>
    <bndbox>
      <xmin>356</xmin>
      <ymin>521</ymin>
      <xmax>373</xmax>
      <ymax>539</ymax>
    </bndbox>
  </object>
  <object>
    <name>word</name>
    <difficult>0</difficult>
    <bndbox>
      <xmin>380</xmin>
      <ymin>519</ymin>
      <xmax>435</xmax>
      <ymax>539</ymax>
    </bndbox>
  </object>
  <object>
    <name>word</name>
    <difficult>0</difficult>
    <bndbox>
      <xmin>441</xmin>
      <ymin>522</ymin>
      <xmax>465</xmax>
      <ymax>534</ymax>
    </bndbox>
  </object>
  <object>
    <name>word</name>
    <difficult>0</difficult>
    <bndbox>
      <xmin>468</xmin>
      <ymin>518</ymin>
      <xmax>531</xmax>
      <ymax>535</ymax>
    </bndbox>
  </object>
  <object>
    <name>word</name>
    <difficult>0</difficult>
    <bndbox>
      <xmin>535</xmin>
      <ymin>517</ymin>
      <xmax>550</xmax>
      <ymax>532</ymax>
    </bndbox>
  </object>
  <object>
    <name>word</name>
    <difficult>0</difficult>
    <bndbox>
      <xmin>553</xmin>
      <ymin>520</ymin>
      <xmax>566</xmax>
      <ymax>531</ymax>
    </bndbox>
  </object>
  <object>
    <name>word</name>
    <difficult>0</difficult>
    <bndbox>
      <xmin>568</xmin>
      <ymin>517</ymin>
      <xmax>590</xmax>
      <ymax>532</ymax>
    </bndbox>
  </object>
  <object>
    <name>word</name>
    <difficult>0</difficult>
    <bndbox>
      <xmin>107</xmin>
      <ymin>554</ymin>
      <xmax>159</xmax>
      <ymax>569</ymax>
    </bndbox>
  </object>
  <object>
    <name>word</name>
    <difficult>0</difficult>
    <bndbox>
      <xmin>163</xmin>
      <ymin>551</ymin>
      <xmax>194</xmax>
      <ymax>569</ymax>
    </bndbox>
  </object>
  <object>
    <name>word</name>
    <difficult>0</difficult>
    <bndbox>
      <xmin>206</xmin>
      <ymin>551</ymin>
      <xmax>257</xmax>
      <ymax>565</ymax>
    </bndbox>
  </object>
  <object>
    <name>word</name>
    <difficult>0</difficult>
    <bndbox>
      <xmin>258</xmin>
      <ymin>548</ymin>
      <xmax>297</xmax>
      <ymax>565</ymax>
    </bndbox>
  </object>
  <object>
    <name>word</name>
    <difficult>0</difficult>
    <bndbox>
      <xmin>301</xmin>
      <ymin>546</ymin>
      <xmax>330</xmax>
      <ymax>563</ymax>
    </bndbox>
  </object>
  <object>
    <name>word</name>
    <difficult>0</difficult>
    <bndbox>
      <xmin>333</xmin>
      <ymin>546</ymin>
      <xmax>388</xmax>
      <ymax>563</ymax>
    </bndbox>
  </object>
  <object>
    <name>word</name>
    <difficult>0</difficult>
    <bndbox>
      <xmin>393</xmin>
      <ymin>544</ymin>
      <xmax>418</xmax>
      <ymax>563</ymax>
    </bndbox>
  </object>
  <object>
    <name>word</name>
    <difficult>0</difficult>
    <bndbox>
      <xmin>425</xmin>
      <ymin>545</ymin>
      <xmax>439</xmax>
      <ymax>560</ymax>
    </bndbox>
  </object>
  <object>
    <name>word</name>
    <difficult>0</difficult>
    <bndbox>
      <xmin>443</xmin>
      <ymin>542</ymin>
      <xmax>498</xmax>
      <ymax>559</ymax>
    </bndbox>
  </object>
  <object>
    <name>word</name>
    <difficult>0</difficult>
    <bndbox>
      <xmin>504</xmin>
      <ymin>544</ymin>
      <xmax>525</xmax>
      <ymax>558</ymax>
    </bndbox>
  </object>
  <object>
    <name>word</name>
    <difficult>0</difficult>
    <bndbox>
      <xmin>531</xmin>
      <ymin>541</ymin>
      <xmax>590</xmax>
      <ymax>558</ymax>
    </bndbox>
  </object>
  <object>
    <name>word</name>
    <difficult>0</difficult>
    <bndbox>
      <xmin>107</xmin>
      <ymin>579</ymin>
      <xmax>146</xmax>
      <ymax>593</ymax>
    </bndbox>
  </object>
  <object>
    <name>word</name>
    <difficult>0</difficult>
    <bndbox>
      <xmin>151</xmin>
      <ymin>581</ymin>
      <xmax>177</xmax>
      <ymax>594</ymax>
    </bndbox>
  </object>
  <object>
    <name>word</name>
    <difficult>0</difficult>
    <bndbox>
      <xmin>182</xmin>
      <ymin>578</ymin>
      <xmax>199</xmax>
      <ymax>593</ymax>
    </bndbox>
  </object>
  <object>
    <name>word</name>
    <difficult>0</difficult>
    <bndbox>
      <xmin>203</xmin>
      <ymin>575</ymin>
      <xmax>224</xmax>
      <ymax>593</ymax>
    </bndbox>
  </object>
  <object>
    <name>word</name>
    <difficult>0</difficult>
    <bndbox>
      <xmin>228</xmin>
      <ymin>574</ymin>
      <xmax>254</xmax>
      <ymax>591</ymax>
    </bndbox>
  </object>
  <object>
    <name>word</name>
    <difficult>0</difficult>
    <bndbox>
      <xmin>261</xmin>
      <ymin>577</ymin>
      <xmax>279</xmax>
      <ymax>591</ymax>
    </bndbox>
  </object>
  <object>
    <name>word</name>
    <difficult>0</difficult>
    <bndbox>
      <xmin>282</xmin>
      <ymin>573</ymin>
      <xmax>316</xmax>
      <ymax>592</ymax>
    </bndbox>
  </object>
  <object>
    <name>word</name>
    <difficult>0</difficult>
    <bndbox>
      <xmin>321</xmin>
      <ymin>570</ymin>
      <xmax>340</xmax>
      <ymax>589</ymax>
    </bndbox>
  </object>
  <object>
    <name>word</name>
    <difficult>0</difficult>
    <bndbox>
      <xmin>347</xmin>
      <ymin>574</ymin>
      <xmax>395</xmax>
      <ymax>588</ymax>
    </bndbox>
  </object>
  <object>
    <name>word</name>
    <difficult>0</difficult>
    <bndbox>
      <xmin>395</xmin>
      <ymin>570</ymin>
      <xmax>415</xmax>
      <ymax>588</ymax>
    </bndbox>
  </object>
  <object>
    <name>word</name>
    <difficult>0</difficult>
    <bndbox>
      <xmin>420</xmin>
      <ymin>572</ymin>
      <xmax>439</xmax>
      <ymax>586</ymax>
    </bndbox>
  </object>
  <object>
    <name>word</name>
    <difficult>0</difficult>
    <bndbox>
      <xmin>446</xmin>
      <ymin>570</ymin>
      <xmax>485</xmax>
      <ymax>587</ymax>
    </bndbox>
  </object>
  <object>
    <name>word</name>
    <difficult>0</difficult>
    <bndbox>
      <xmin>112</xmin>
      <ymin>649</ymin>
      <xmax>160</xmax>
      <ymax>663</ymax>
    </bndbox>
  </object>
  <object>
    <name>word</name>
    <difficult>0</difficult>
    <bndbox>
      <xmin>156</xmin>
      <ymin>645</ymin>
      <xmax>169</xmax>
      <ymax>660</ymax>
    </bndbox>
  </object>
  <object>
    <name>word</name>
    <difficult>0</difficult>
    <bndbox>
      <xmin>167</xmin>
      <ymin>645</ymin>
      <xmax>213</xmax>
      <ymax>663</ymax>
    </bndbox>
  </object>
  <object>
    <name>word</name>
    <difficult>0</difficult>
    <bndbox>
      <xmin>217</xmin>
      <ymin>646</ymin>
      <xmax>290</xmax>
      <ymax>660</ymax>
    </bndbox>
  </object>
  <object>
    <name>word</name>
    <difficult>0</difficult>
    <bndbox>
      <xmin>110</xmin>
      <ymin>673</ymin>
      <xmax>147</xmax>
      <ymax>690</ymax>
    </bndbox>
  </object>
  <object>
    <name>word</name>
    <difficult>0</difficult>
    <bndbox>
      <xmin>153</xmin>
      <ymin>672</ymin>
      <xmax>237</xmax>
      <ymax>690</ymax>
    </bndbox>
  </object>
  <object>
    <name>word</name>
    <difficult>0</difficult>
    <bndbox>
      <xmin>243</xmin>
      <ymin>669</ymin>
      <xmax>339</xmax>
      <ymax>688</ymax>
    </bndbox>
  </object>
  <object>
    <name>word</name>
    <difficult>0</difficult>
    <bndbox>
      <xmin>111</xmin>
      <ymin>754</ymin>
      <xmax>164</xmax>
      <ymax>771</ymax>
    </bndbox>
  </object>
  <object>
    <name>word</name>
    <difficult>0</difficult>
    <bndbox>
      <xmin>172</xmin>
      <ymin>751</ymin>
      <xmax>245</xmax>
      <ymax>770</ymax>
    </bndbox>
  </object>
  <object>
    <name>word</name>
    <difficult>0</difficult>
    <bndbox>
      <xmin>252</xmin>
      <ymin>751</ymin>
      <xmax>271</xmax>
      <ymax>768</ymax>
    </bndbox>
  </object>
  <object>
    <name>word</name>
    <difficult>0</difficult>
    <bndbox>
      <xmin>276</xmin>
      <ymin>749</ymin>
      <xmax>349</xmax>
      <ymax>768</ymax>
    </bndbox>
  </object>
  <object>
    <name>word</name>
    <difficult>0</difficult>
    <bndbox>
      <xmin>113</xmin>
      <ymin>779</ymin>
      <xmax>131</xmax>
      <ymax>793</ymax>
    </bndbox>
  </object>
  <object>
    <name>word</name>
    <difficult>0</difficult>
    <bndbox>
      <xmin>140</xmin>
      <ymin>781</ymin>
      <xmax>164</xmax>
      <ymax>796</ymax>
    </bndbox>
  </object>
  <object>
    <name>word</name>
    <difficult>0</difficult>
    <bndbox>
      <xmin>169</xmin>
      <ymin>776</ymin>
      <xmax>233</xmax>
      <ymax>794</ymax>
    </bndbox>
  </object>
  <object>
    <name>word</name>
    <difficult>0</difficult>
    <bndbox>
      <xmin>113</xmin>
      <ymin>831</ymin>
      <xmax>134</xmax>
      <ymax>849</ymax>
    </bndbox>
  </object>
  <object>
    <name>word</name>
    <difficult>0</difficult>
    <bndbox>
      <xmin>139</xmin>
      <ymin>834</ymin>
      <xmax>172</xmax>
      <ymax>851</ymax>
    </bndbox>
  </object>
  <object>
    <name>word</name>
    <difficult>0</difficult>
    <bndbox>
      <xmin>182</xmin>
      <ymin>829</ymin>
      <xmax>207</xmax>
      <ymax>849</ymax>
    </bndbox>
  </object>
  <object>
    <name>word</name>
    <difficult>0</difficult>
    <bndbox>
      <xmin>211</xmin>
      <ymin>830</ymin>
      <xmax>233</xmax>
      <ymax>844</ymax>
    </bndbox>
  </object>
  <object>
    <name>word</name>
    <difficult>0</difficult>
    <bndbox>
      <xmin>239</xmin>
      <ymin>829</ymin>
      <xmax>257</xmax>
      <ymax>846</ymax>
    </bndbox>
  </object>
  <object>
    <name>word</name>
    <difficult>0</difficult>
    <bndbox>
      <xmin>262</xmin>
      <ymin>828</ymin>
      <xmax>334</xmax>
      <ymax>847</ymax>
    </bndbox>
  </object>
  <object>
    <name>word</name>
    <difficult>0</difficult>
    <bndbox>
      <xmin>353</xmin>
      <ymin>824</ymin>
      <xmax>375</xmax>
      <ymax>839</ymax>
    </bndbox>
  </object>
  <object>
    <name>word</name>
    <difficult>0</difficult>
    <bndbox>
      <xmin>377</xmin>
      <ymin>824</ymin>
      <xmax>438</xmax>
      <ymax>838</ymax>
    </bndbox>
  </object>
  <object>
    <name>word</name>
    <difficult>0</difficult>
    <bndbox>
      <xmin>442</xmin>
      <ymin>822</ymin>
      <xmax>464</xmax>
      <ymax>840</ymax>
    </bndbox>
  </object>
  <object>
    <name>word</name>
    <difficult>0</difficult>
    <bndbox>
      <xmin>468</xmin>
      <ymin>820</ymin>
      <xmax>483</xmax>
      <ymax>835</ymax>
    </bndbox>
  </object>
  <object>
    <name>word</name>
    <difficult>0</difficult>
    <bndbox>
      <xmin>489</xmin>
      <ymin>822</ymin>
      <xmax>544</xmax>
      <ymax>837</ymax>
    </bndbox>
  </object>
  <object>
    <name>word</name>
    <difficult>0</difficult>
    <bndbox>
      <xmin>547</xmin>
      <ymin>821</ymin>
      <xmax>564</xmax>
      <ymax>836</ymax>
    </bndbox>
  </object>
  <object>
    <name>word</name>
    <difficult>0</difficult>
    <bndbox>
      <xmin>570</xmin>
      <ymin>818</ymin>
      <xmax>630</xmax>
      <ymax>836</ymax>
    </bndbox>
  </object>
  <object>
    <name>word</name>
    <difficult>0</difficult>
    <bndbox>
      <xmin>116</xmin>
      <ymin>860</ymin>
      <xmax>140</xmax>
      <ymax>874</ymax>
    </bndbox>
  </object>
  <object>
    <name>word</name>
    <difficult>0</difficult>
    <bndbox>
      <xmin>144</xmin>
      <ymin>857</ymin>
      <xmax>191</xmax>
      <ymax>872</ymax>
    </bndbox>
  </object>
  <object>
    <name>word</name>
    <difficult>0</difficult>
    <bndbox>
      <xmin>191</xmin>
      <ymin>855</ymin>
      <xmax>215</xmax>
      <ymax>874</ymax>
    </bndbox>
  </object>
  <object>
    <name>word</name>
    <difficult>0</difficult>
    <bndbox>
      <xmin>219</xmin>
      <ymin>854</ymin>
      <xmax>238</xmax>
      <ymax>868</ymax>
    </bndbox>
  </object>
  <object>
    <name>word</name>
    <difficult>0</difficult>
    <bndbox>
      <xmin>243</xmin>
      <ymin>854</ymin>
      <xmax>315</xmax>
      <ymax>869</ymax>
    </bndbox>
  </object>
</annotation>
