<annotation>
  <folder>VOC2007</folder>
  <filename>92433599_92433601.json</filename>
  <owner>
    <name>HengTian</name>
  </owner>
  <size>
    <width>780</width>
    <height>1000</height>
    <depth>1</depth>
  </size>
  <segmented>0</segmented>
  <object>
    <name>word</name>
    <difficult>0</difficult>
    <bndbox>
      <xmin>124</xmin>
      <ymin>263</ymin>
      <xmax>165</xmax>
      <ymax>278</ymax>
    </bndbox>
  </object>
  <object>
    <name>word</name>
    <difficult>0</difficult>
    <bndbox>
      <xmin>126</xmin>
      <ymin>292</ymin>
      <xmax>193</xmax>
      <ymax>309</ymax>
    </bndbox>
  </object>
  <object>
    <name>word</name>
    <difficult>0</difficult>
    <bndbox>
      <xmin>126</xmin>
      <ymin>324</ymin>
      <xmax>164</xmax>
      <ymax>339</ymax>
    </bndbox>
  </object>
  <object>
    <name>word</name>
    <difficult>0</difficult>
    <bndbox>
      <xmin>236</xmin>
      <ymin>323</ymin>
      <xmax>297</xmax>
      <ymax>337</ymax>
    </bndbox>
  </object>
  <object>
    <name>word</name>
    <difficult>0</difficult>
    <bndbox>
      <xmin>468</xmin>
      <ymin>321</ymin>
      <xmax>518</xmax>
      <ymax>336</ymax>
    </bndbox>
  </object>
  <object>
    <name>word</name>
    <difficult>0</difficult>
    <bndbox>
      <xmin>385</xmin>
      <ymin>349</ymin>
      <xmax>474</xmax>
      <ymax>367</ymax>
    </bndbox>
  </object>
  <object>
    <name>word</name>
    <difficult>0</difficult>
    <bndbox>
      <xmin>545</xmin>
      <ymin>321</ymin>
      <xmax>569</xmax>
      <ymax>335</ymax>
    </bndbox>
  </object>
  <object>
    <name>word</name>
    <difficult>0</difficult>
    <bndbox>
      <xmin>128</xmin>
      <ymin>475</ymin>
      <xmax>210</xmax>
      <ymax>492</ymax>
    </bndbox>
  </object>
  <object>
    <name>word</name>
    <difficult>0</difficult>
    <bndbox>
      <xmin>130</xmin>
      <ymin>443</ymin>
      <xmax>211</xmax>
      <ymax>463</ymax>
    </bndbox>
  </object>
  <object>
    <name>word</name>
    <difficult>0</difficult>
    <bndbox>
      <xmin>598</xmin>
      <ymin>594</ymin>
      <xmax>608</xmax>
      <ymax>611</ymax>
    </bndbox>
  </object>
  <object>
    <name>word</name>
    <difficult>0</difficult>
    <bndbox>
      <xmin>612</xmin>
      <ymin>594</ymin>
      <xmax>625</xmax>
      <ymax>609</ymax>
    </bndbox>
  </object>
  <object>
    <name>word</name>
    <difficult>0</difficult>
    <bndbox>
      <xmin>631</xmin>
      <ymin>594</ymin>
      <xmax>639</xmax>
      <ymax>608</ymax>
    </bndbox>
  </object>
  <object>
    <name>word</name>
    <difficult>0</difficult>
    <bndbox>
      <xmin>598</xmin>
      <ymin>624</ymin>
      <xmax>608</xmax>
      <ymax>638</ymax>
    </bndbox>
  </object>
  <object>
    <name>word</name>
    <difficult>0</difficult>
    <bndbox>
      <xmin>631</xmin>
      <ymin>622</ymin>
      <xmax>641</xmax>
      <ymax>639</ymax>
    </bndbox>
  </object>
  <object>
    <name>word</name>
    <difficult>0</difficult>
    <bndbox>
      <xmin>613</xmin>
      <ymin>652</ymin>
      <xmax>624</xmax>
      <ymax>669</ymax>
    </bndbox>
  </object>
  <object>
    <name>word</name>
    <difficult>0</difficult>
    <bndbox>
      <xmin>634</xmin>
      <ymin>652</ymin>
      <xmax>641</xmax>
      <ymax>670</ymax>
    </bndbox>
  </object>
  <object>
    <name>word</name>
    <difficult>0</difficult>
    <bndbox>
      <xmin>705</xmin>
      <ymin>816</ymin>
      <xmax>723</xmax>
      <ymax>893</ymax>
    </bndbox>
  </object>
  <object>
    <name>word</name>
    <difficult>0</difficult>
    <bndbox>
      <xmin>420</xmin>
      <ymin>883</ymin>
      <xmax>431</xmax>
      <ymax>897</ymax>
    </bndbox>
  </object>
  <object>
    <name>word</name>
    <difficult>0</difficult>
    <bndbox>
      <xmin>238</xmin>
      <ymin>352</ymin>
      <xmax>286</xmax>
      <ymax>372</ymax>
    </bndbox>
  </object>
  <object>
    <name>word</name>
    <difficult>0</difficult>
    <bndbox>
      <xmin>599</xmin>
      <ymin>655</ymin>
      <xmax>607</xmax>
      <ymax>670</ymax>
    </bndbox>
  </object>
  <object>
    <name>word</name>
    <difficult>0</difficult>
    <bndbox>
      <xmin>313</xmin>
      <ymin>95</ymin>
      <xmax>418</xmax>
      <ymax>110</ymax>
    </bndbox>
  </object>
  <object>
    <name>word</name>
    <difficult>0</difficult>
    <bndbox>
      <xmin>426</xmin>
      <ymin>95</ymin>
      <xmax>465</xmax>
      <ymax>112</ymax>
    </bndbox>
  </object>
  <object>
    <name>word</name>
    <difficult>0</difficult>
    <bndbox>
      <xmin>473</xmin>
      <ymin>94</ymin>
      <xmax>525</xmax>
      <ymax>109</ymax>
    </bndbox>
  </object>
  <object>
    <name>word</name>
    <difficult>0</difficult>
    <bndbox>
      <xmin>270</xmin>
      <ymin>126</ymin>
      <xmax>301</xmax>
      <ymax>143</ymax>
    </bndbox>
  </object>
  <object>
    <name>word</name>
    <difficult>0</difficult>
    <bndbox>
      <xmin>306</xmin>
      <ymin>126</ymin>
      <xmax>365</xmax>
      <ymax>141</ymax>
    </bndbox>
  </object>
  <object>
    <name>word</name>
    <difficult>0</difficult>
    <bndbox>
      <xmin>372</xmin>
      <ymin>131</ymin>
      <xmax>383</xmax>
      <ymax>137</ymax>
    </bndbox>
  </object>
  <object>
    <name>word</name>
    <difficult>0</difficult>
    <bndbox>
      <xmin>387</xmin>
      <ymin>126</ymin>
      <xmax>467</xmax>
      <ymax>143</ymax>
    </bndbox>
  </object>
  <object>
    <name>word</name>
    <difficult>0</difficult>
    <bndbox>
      <xmin>475</xmin>
      <ymin>126</ymin>
      <xmax>570</xmax>
      <ymax>141</ymax>
    </bndbox>
  </object>
  <object>
    <name>word</name>
    <difficult>0</difficult>
    <bndbox>
      <xmin>300</xmin>
      <ymin>156</ymin>
      <xmax>338</xmax>
      <ymax>171</ymax>
    </bndbox>
  </object>
  <object>
    <name>word</name>
    <difficult>0</difficult>
    <bndbox>
      <xmin>345</xmin>
      <ymin>155</ymin>
      <xmax>409</xmax>
      <ymax>173</ymax>
    </bndbox>
  </object>
  <object>
    <name>word</name>
    <difficult>0</difficult>
    <bndbox>
      <xmin>416</xmin>
      <ymin>156</ymin>
      <xmax>468</xmax>
      <ymax>170</ymax>
    </bndbox>
  </object>
  <object>
    <name>word</name>
    <difficult>0</difficult>
    <bndbox>
      <xmin>473</xmin>
      <ymin>154</ymin>
      <xmax>502</xmax>
      <ymax>171</ymax>
    </bndbox>
  </object>
  <object>
    <name>word</name>
    <difficult>0</difficult>
    <bndbox>
      <xmin>513</xmin>
      <ymin>154</ymin>
      <xmax>538</xmax>
      <ymax>169</ymax>
    </bndbox>
  </object>
  <object>
    <name>word</name>
    <difficult>0</difficult>
    <bndbox>
      <xmin>289</xmin>
      <ymin>170</ymin>
      <xmax>317</xmax>
      <ymax>188</ymax>
    </bndbox>
  </object>
  <object>
    <name>word</name>
    <difficult>0</difficult>
    <bndbox>
      <xmin>324</xmin>
      <ymin>173</ymin>
      <xmax>353</xmax>
      <ymax>188</ymax>
    </bndbox>
  </object>
  <object>
    <name>word</name>
    <difficult>0</difficult>
    <bndbox>
      <xmin>367</xmin>
      <ymin>173</ymin>
      <xmax>437</xmax>
      <ymax>187</ymax>
    </bndbox>
  </object>
  <object>
    <name>word</name>
    <difficult>0</difficult>
    <bndbox>
      <xmin>446</xmin>
      <ymin>170</ymin>
      <xmax>549</xmax>
      <ymax>185</ymax>
    </bndbox>
  </object>
  <object>
    <name>word</name>
    <difficult>0</difficult>
    <bndbox>
      <xmin>117</xmin>
      <ymin>221</ymin>
      <xmax>134</xmax>
      <ymax>232</ymax>
    </bndbox>
  </object>
  <object>
    <name>word</name>
    <difficult>0</difficult>
    <bndbox>
      <xmin>159</xmin>
      <ymin>218</ymin>
      <xmax>206</xmax>
      <ymax>233</ymax>
    </bndbox>
  </object>
  <object>
    <name>word</name>
    <difficult>0</difficult>
    <bndbox>
      <xmin>219</xmin>
      <ymin>219</ymin>
      <xmax>286</xmax>
      <ymax>233</ymax>
    </bndbox>
  </object>
  <object>
    <name>word</name>
    <difficult>0</difficult>
    <bndbox>
      <xmin>292</xmin>
      <ymin>218</ymin>
      <xmax>324</xmax>
      <ymax>232</ymax>
    </bndbox>
  </object>
  <object>
    <name>word</name>
    <difficult>0</difficult>
    <bndbox>
      <xmin>330</xmin>
      <ymin>216</ymin>
      <xmax>415</xmax>
      <ymax>234</ymax>
    </bndbox>
  </object>
  <object>
    <name>word</name>
    <difficult>0</difficult>
    <bndbox>
      <xmin>423</xmin>
      <ymin>218</ymin>
      <xmax>480</xmax>
      <ymax>233</ymax>
    </bndbox>
  </object>
  <object>
    <name>word</name>
    <difficult>0</difficult>
    <bndbox>
      <xmin>489</xmin>
      <ymin>216</ymin>
      <xmax>510</xmax>
      <ymax>231</ymax>
    </bndbox>
  </object>
  <object>
    <name>word</name>
    <difficult>0</difficult>
    <bndbox>
      <xmin>518</xmin>
      <ymin>214</ymin>
      <xmax>546</xmax>
      <ymax>232</ymax>
    </bndbox>
  </object>
  <object>
    <name>word</name>
    <difficult>0</difficult>
    <bndbox>
      <xmin>556</xmin>
      <ymin>214</ymin>
      <xmax>594</xmax>
      <ymax>231</ymax>
    </bndbox>
  </object>
  <object>
    <name>word</name>
    <difficult>0</difficult>
    <bndbox>
      <xmin>601</xmin>
      <ymin>214</ymin>
      <xmax>713</xmax>
      <ymax>232</ymax>
    </bndbox>
  </object>
  <object>
    <name>word</name>
    <difficult>0</difficult>
    <bndbox>
      <xmin>162</xmin>
      <ymin>232</ymin>
      <xmax>244</xmax>
      <ymax>249</ymax>
    </bndbox>
  </object>
  <object>
    <name>word</name>
    <difficult>0</difficult>
    <bndbox>
      <xmin>236</xmin>
      <ymin>263</ymin>
      <xmax>310</xmax>
      <ymax>278</ymax>
    </bndbox>
  </object>
  <object>
    <name>word</name>
    <difficult>0</difficult>
    <bndbox>
      <xmin>320</xmin>
      <ymin>261</ymin>
      <xmax>388</xmax>
      <ymax>276</ymax>
    </bndbox>
  </object>
  <object>
    <name>word</name>
    <difficult>0</difficult>
    <bndbox>
      <xmin>392</xmin>
      <ymin>263</ymin>
      <xmax>406</xmax>
      <ymax>276</ymax>
    </bndbox>
  </object>
  <object>
    <name>word</name>
    <difficult>0</difficult>
    <bndbox>
      <xmin>412</xmin>
      <ymin>260</ymin>
      <xmax>471</xmax>
      <ymax>278</ymax>
    </bndbox>
  </object>
  <object>
    <name>word</name>
    <difficult>0</difficult>
    <bndbox>
      <xmin>236</xmin>
      <ymin>292</ymin>
      <xmax>267</xmax>
      <ymax>306</ymax>
    </bndbox>
  </object>
  <object>
    <name>word</name>
    <difficult>0</difficult>
    <bndbox>
      <xmin>275</xmin>
      <ymin>292</ymin>
      <xmax>324</xmax>
      <ymax>306</ymax>
    </bndbox>
  </object>
  <object>
    <name>word</name>
    <difficult>0</difficult>
    <bndbox>
      <xmin>328</xmin>
      <ymin>291</ymin>
      <xmax>394</xmax>
      <ymax>308</ymax>
    </bndbox>
  </object>
  <object>
    <name>word</name>
    <difficult>0</difficult>
    <bndbox>
      <xmin>404</xmin>
      <ymin>292</ymin>
      <xmax>422</xmax>
      <ymax>306</ymax>
    </bndbox>
  </object>
  <object>
    <name>word</name>
    <difficult>0</difficult>
    <bndbox>
      <xmin>425</xmin>
      <ymin>292</ymin>
      <xmax>442</xmax>
      <ymax>305</ymax>
    </bndbox>
  </object>
  <object>
    <name>word</name>
    <difficult>0</difficult>
    <bndbox>
      <xmin>448</xmin>
      <ymin>291</ymin>
      <xmax>482</xmax>
      <ymax>306</ymax>
    </bndbox>
  </object>
  <object>
    <name>word</name>
    <difficult>0</difficult>
    <bndbox>
      <xmin>489</xmin>
      <ymin>288</ymin>
      <xmax>528</xmax>
      <ymax>305</ymax>
    </bndbox>
  </object>
  <object>
    <name>word</name>
    <difficult>0</difficult>
    <bndbox>
      <xmin>126</xmin>
      <ymin>353</ymin>
      <xmax>155</xmax>
      <ymax>371</ymax>
    </bndbox>
  </object>
  <object>
    <name>word</name>
    <difficult>0</difficult>
    <bndbox>
      <xmin>161</xmin>
      <ymin>355</ymin>
      <xmax>203</xmax>
      <ymax>369</ymax>
    </bndbox>
  </object>
  <object>
    <name>word</name>
    <difficult>0</difficult>
    <bndbox>
      <xmin>501</xmin>
      <ymin>351</ymin>
      <xmax>544</xmax>
      <ymax>368</ymax>
    </bndbox>
  </object>
  <object>
    <name>word</name>
    <difficult>0</difficult>
    <bndbox>
      <xmin>557</xmin>
      <ymin>351</ymin>
      <xmax>593</xmax>
      <ymax>366</ymax>
    </bndbox>
  </object>
  <object>
    <name>word</name>
    <difficult>0</difficult>
    <bndbox>
      <xmin>595</xmin>
      <ymin>349</ymin>
      <xmax>631</xmax>
      <ymax>367</ymax>
    </bndbox>
  </object>
  <object>
    <name>word</name>
    <difficult>0</difficult>
    <bndbox>
      <xmin>116</xmin>
      <ymin>401</ymin>
      <xmax>137</xmax>
      <ymax>416</ymax>
    </bndbox>
  </object>
  <object>
    <name>word</name>
    <difficult>0</difficult>
    <bndbox>
      <xmin>162</xmin>
      <ymin>399</ymin>
      <xmax>211</xmax>
      <ymax>416</ymax>
    </bndbox>
  </object>
  <object>
    <name>word</name>
    <difficult>0</difficult>
    <bndbox>
      <xmin>219</xmin>
      <ymin>399</ymin>
      <xmax>240</xmax>
      <ymax>413</ymax>
    </bndbox>
  </object>
  <object>
    <name>word</name>
    <difficult>0</difficult>
    <bndbox>
      <xmin>247</xmin>
      <ymin>398</ymin>
      <xmax>299</xmax>
      <ymax>415</ymax>
    </bndbox>
  </object>
  <object>
    <name>word</name>
    <difficult>0</difficult>
    <bndbox>
      <xmin>303</xmin>
      <ymin>399</ymin>
      <xmax>350</xmax>
      <ymax>414</ymax>
    </bndbox>
  </object>
  <object>
    <name>word</name>
    <difficult>0</difficult>
    <bndbox>
      <xmin>358</xmin>
      <ymin>399</ymin>
      <xmax>443</xmax>
      <ymax>416</ymax>
    </bndbox>
  </object>
  <object>
    <name>word</name>
    <difficult>0</difficult>
    <bndbox>
      <xmin>453</xmin>
      <ymin>399</ymin>
      <xmax>484</xmax>
      <ymax>413</ymax>
    </bndbox>
  </object>
  <object>
    <name>word</name>
    <difficult>0</difficult>
    <bndbox>
      <xmin>492</xmin>
      <ymin>397</ymin>
      <xmax>539</xmax>
      <ymax>411</ymax>
    </bndbox>
  </object>
  <object>
    <name>word</name>
    <difficult>0</difficult>
    <bndbox>
      <xmin>547</xmin>
      <ymin>398</ymin>
      <xmax>593</xmax>
      <ymax>411</ymax>
    </bndbox>
  </object>
  <object>
    <name>word</name>
    <difficult>0</difficult>
    <bndbox>
      <xmin>603</xmin>
      <ymin>397</ymin>
      <xmax>687</xmax>
      <ymax>411</ymax>
    </bndbox>
  </object>
  <object>
    <name>word</name>
    <difficult>0</difficult>
    <bndbox>
      <xmin>694</xmin>
      <ymin>395</ymin>
      <xmax>712</xmax>
      <ymax>410</ymax>
    </bndbox>
  </object>
  <object>
    <name>word</name>
    <difficult>0</difficult>
    <bndbox>
      <xmin>161</xmin>
      <ymin>416</ymin>
      <xmax>195</xmax>
      <ymax>430</ymax>
    </bndbox>
  </object>
  <object>
    <name>word</name>
    <difficult>0</difficult>
    <bndbox>
      <xmin>201</xmin>
      <ymin>415</ymin>
      <xmax>268</xmax>
      <ymax>432</ymax>
    </bndbox>
  </object>
  <object>
    <name>word</name>
    <difficult>0</difficult>
    <bndbox>
      <xmin>274</xmin>
      <ymin>416</ymin>
      <xmax>295</xmax>
      <ymax>430</ymax>
    </bndbox>
  </object>
  <object>
    <name>word</name>
    <difficult>0</difficult>
    <bndbox>
      <xmin>304</xmin>
      <ymin>415</ymin>
      <xmax>333</xmax>
      <ymax>430</ymax>
    </bndbox>
  </object>
  <object>
    <name>word</name>
    <difficult>0</difficult>
    <bndbox>
      <xmin>341</xmin>
      <ymin>415</ymin>
      <xmax>435</xmax>
      <ymax>430</ymax>
    </bndbox>
  </object>
  <object>
    <name>word</name>
    <difficult>0</difficult>
    <bndbox>
      <xmin>239</xmin>
      <ymin>444</ymin>
      <xmax>306</xmax>
      <ymax>459</ymax>
    </bndbox>
  </object>
  <object>
    <name>word</name>
    <difficult>0</difficult>
    <bndbox>
      <xmin>311</xmin>
      <ymin>444</ymin>
      <xmax>389</xmax>
      <ymax>457</ymax>
    </bndbox>
  </object>
  <object>
    <name>word</name>
    <difficult>0</difficult>
    <bndbox>
      <xmin>237</xmin>
      <ymin>473</ymin>
      <xmax>280</xmax>
      <ymax>488</ymax>
    </bndbox>
  </object>
  <object>
    <name>word</name>
    <difficult>0</difficult>
    <bndbox>
      <xmin>286</xmin>
      <ymin>475</ymin>
      <xmax>394</xmax>
      <ymax>489</ymax>
    </bndbox>
  </object>
  <object>
    <name>word</name>
    <difficult>0</difficult>
    <bndbox>
      <xmin>408</xmin>
      <ymin>476</ymin>
      <xmax>425</xmax>
      <ymax>489</ymax>
    </bndbox>
  </object>
  <object>
    <name>word</name>
    <difficult>0</difficult>
    <bndbox>
      <xmin>434</xmin>
      <ymin>473</ymin>
      <xmax>461</xmax>
      <ymax>488</ymax>
    </bndbox>
  </object>
  <object>
    <name>word</name>
    <difficult>0</difficult>
    <bndbox>
      <xmin>119</xmin>
      <ymin>522</ymin>
      <xmax>137</xmax>
      <ymax>537</ymax>
    </bndbox>
  </object>
  <object>
    <name>word</name>
    <difficult>0</difficult>
    <bndbox>
      <xmin>163</xmin>
      <ymin>522</ymin>
      <xmax>204</xmax>
      <ymax>536</ymax>
    </bndbox>
  </object>
  <object>
    <name>word</name>
    <difficult>0</difficult>
    <bndbox>
      <xmin>211</xmin>
      <ymin>522</ymin>
      <xmax>231</xmax>
      <ymax>535</ymax>
    </bndbox>
  </object>
  <object>
    <name>word</name>
    <difficult>0</difficult>
    <bndbox>
      <xmin>237</xmin>
      <ymin>521</ymin>
      <xmax>333</xmax>
      <ymax>536</ymax>
    </bndbox>
  </object>
  <object>
    <name>word</name>
    <difficult>0</difficult>
    <bndbox>
      <xmin>341</xmin>
      <ymin>520</ymin>
      <xmax>398</xmax>
      <ymax>534</ymax>
    </bndbox>
  </object>
  <object>
    <name>word</name>
    <difficult>0</difficult>
    <bndbox>
      <xmin>433</xmin>
      <ymin>520</ymin>
      <xmax>475</xmax>
      <ymax>535</ymax>
    </bndbox>
  </object>
  <object>
    <name>word</name>
    <difficult>0</difficult>
    <bndbox>
      <xmin>483</xmin>
      <ymin>520</ymin>
      <xmax>510</xmax>
      <ymax>533</ymax>
    </bndbox>
  </object>
  <object>
    <name>word</name>
    <difficult>0</difficult>
    <bndbox>
      <xmin>521</xmin>
      <ymin>518</ymin>
      <xmax>559</xmax>
      <ymax>533</ymax>
    </bndbox>
  </object>
  <object>
    <name>word</name>
    <difficult>0</difficult>
    <bndbox>
      <xmin>122</xmin>
      <ymin>568</ymin>
      <xmax>139</xmax>
      <ymax>581</ymax>
    </bndbox>
  </object>
  <object>
    <name>word</name>
    <difficult>0</difficult>
    <bndbox>
      <xmin>165</xmin>
      <ymin>567</ymin>
      <xmax>204</xmax>
      <ymax>581</ymax>
    </bndbox>
  </object>
  <object>
    <name>word</name>
    <difficult>0</difficult>
    <bndbox>
      <xmin>211</xmin>
      <ymin>566</ymin>
      <xmax>288</xmax>
      <ymax>581</ymax>
    </bndbox>
  </object>
  <object>
    <name>word</name>
    <difficult>0</difficult>
    <bndbox>
      <xmin>297</xmin>
      <ymin>566</ymin>
      <xmax>353</xmax>
      <ymax>584</ymax>
    </bndbox>
  </object>
  <object>
    <name>word</name>
    <difficult>0</difficult>
    <bndbox>
      <xmin>360</xmin>
      <ymin>566</ymin>
      <xmax>466</xmax>
      <ymax>583</ymax>
    </bndbox>
  </object>
  <object>
    <name>word</name>
    <difficult>0</difficult>
    <bndbox>
      <xmin>473</xmin>
      <ymin>564</ymin>
      <xmax>537</xmax>
      <ymax>579</ymax>
    </bndbox>
  </object>
  <object>
    <name>word</name>
    <difficult>0</difficult>
    <bndbox>
      <xmin>131</xmin>
      <ymin>596</ymin>
      <xmax>155</xmax>
      <ymax>613</ymax>
    </bndbox>
  </object>
  <object>
    <name>word</name>
    <difficult>0</difficult>
    <bndbox>
      <xmin>165</xmin>
      <ymin>595</ymin>
      <xmax>225</xmax>
      <ymax>612</ymax>
    </bndbox>
  </object>
  <object>
    <name>word</name>
    <difficult>0</difficult>
    <bndbox>
      <xmin>134</xmin>
      <ymin>627</ymin>
      <xmax>155</xmax>
      <ymax>642</ymax>
    </bndbox>
  </object>
  <object>
    <name>word</name>
    <difficult>0</difficult>
    <bndbox>
      <xmin>165</xmin>
      <ymin>627</ymin>
      <xmax>242</xmax>
      <ymax>644</ymax>
    </bndbox>
  </object>
  <object>
    <name>word</name>
    <difficult>0</difficult>
    <bndbox>
      <xmin>249</xmin>
      <ymin>626</ymin>
      <xmax>299</xmax>
      <ymax>640</ymax>
    </bndbox>
  </object>
  <object>
    <name>word</name>
    <difficult>0</difficult>
    <bndbox>
      <xmin>134</xmin>
      <ymin>658</ymin>
      <xmax>156</xmax>
      <ymax>673</ymax>
    </bndbox>
  </object>
  <object>
    <name>word</name>
    <difficult>0</difficult>
    <bndbox>
      <xmin>165</xmin>
      <ymin>656</ymin>
      <xmax>264</xmax>
      <ymax>670</ymax>
    </bndbox>
  </object>
  <object>
    <name>word</name>
    <difficult>0</difficult>
    <bndbox>
      <xmin>120</xmin>
      <ymin>687</ymin>
      <xmax>138</xmax>
      <ymax>704</ymax>
    </bndbox>
  </object>
  <object>
    <name>word</name>
    <difficult>0</difficult>
    <bndbox>
      <xmin>165</xmin>
      <ymin>687</ymin>
      <xmax>235</xmax>
      <ymax>705</ymax>
    </bndbox>
  </object>
  <object>
    <name>word</name>
    <difficult>0</difficult>
    <bndbox>
      <xmin>242</xmin>
      <ymin>689</ymin>
      <xmax>271</xmax>
      <ymax>702</ymax>
    </bndbox>
  </object>
  <object>
    <name>word</name>
    <difficult>0</difficult>
    <bndbox>
      <xmin>281</xmin>
      <ymin>689</ymin>
      <xmax>335</xmax>
      <ymax>700</ymax>
    </bndbox>
  </object>
  <object>
    <name>word</name>
    <difficult>0</difficult>
    <bndbox>
      <xmin>344</xmin>
      <ymin>690</ymin>
      <xmax>365</xmax>
      <ymax>703</ymax>
    </bndbox>
  </object>
  <object>
    <name>word</name>
    <difficult>0</difficult>
    <bndbox>
      <xmin>373</xmin>
      <ymin>689</ymin>
      <xmax>411</xmax>
      <ymax>703</ymax>
    </bndbox>
  </object>
  <object>
    <name>word</name>
    <difficult>0</difficult>
    <bndbox>
      <xmin>419</xmin>
      <ymin>686</ymin>
      <xmax>437</xmax>
      <ymax>701</ymax>
    </bndbox>
  </object>
  <object>
    <name>word</name>
    <difficult>0</difficult>
    <bndbox>
      <xmin>446</xmin>
      <ymin>686</ymin>
      <xmax>533</xmax>
      <ymax>701</ymax>
    </bndbox>
  </object>
  <object>
    <name>word</name>
    <difficult>0</difficult>
    <bndbox>
      <xmin>535</xmin>
      <ymin>684</ymin>
      <xmax>601</xmax>
      <ymax>699</ymax>
    </bndbox>
  </object>
  <object>
    <name>word</name>
    <difficult>0</difficult>
    <bndbox>
      <xmin>608</xmin>
      <ymin>683</ymin>
      <xmax>664</xmax>
      <ymax>697</ymax>
    </bndbox>
  </object>
  <object>
    <name>word</name>
    <difficult>0</difficult>
    <bndbox>
      <xmin>165</xmin>
      <ymin>701</ymin>
      <xmax>235</xmax>
      <ymax>718</ymax>
    </bndbox>
  </object>
  <object>
    <name>word</name>
    <difficult>0</difficult>
    <bndbox>
      <xmin>240</xmin>
      <ymin>703</ymin>
      <xmax>262</xmax>
      <ymax>720</ymax>
    </bndbox>
  </object>
  <object>
    <name>word</name>
    <difficult>0</difficult>
    <bndbox>
      <xmin>270</xmin>
      <ymin>703</ymin>
      <xmax>298</xmax>
      <ymax>717</ymax>
    </bndbox>
  </object>
  <object>
    <name>word</name>
    <difficult>0</difficult>
    <bndbox>
      <xmin>306</xmin>
      <ymin>703</ymin>
      <xmax>390</xmax>
      <ymax>717</ymax>
    </bndbox>
  </object>
  <object>
    <name>word</name>
    <difficult>0</difficult>
    <bndbox>
      <xmin>412</xmin>
      <ymin>703</ymin>
      <xmax>434</xmax>
      <ymax>718</ymax>
    </bndbox>
  </object>
  <object>
    <name>word</name>
    <difficult>0</difficult>
    <bndbox>
      <xmin>436</xmin>
      <ymin>703</ymin>
      <xmax>464</xmax>
      <ymax>717</ymax>
    </bndbox>
  </object>
  <object>
    <name>word</name>
    <difficult>0</difficult>
    <bndbox>
      <xmin>475</xmin>
      <ymin>701</ymin>
      <xmax>578</xmax>
      <ymax>714</ymax>
    </bndbox>
  </object>
  <object>
    <name>word</name>
    <difficult>0</difficult>
    <bndbox>
      <xmin>588</xmin>
      <ymin>700</ymin>
      <xmax>626</xmax>
      <ymax>714</ymax>
    </bndbox>
  </object>
  <object>
    <name>word</name>
    <difficult>0</difficult>
    <bndbox>
      <xmin>634</xmin>
      <ymin>700</ymin>
      <xmax>700</xmax>
      <ymax>713</ymax>
    </bndbox>
  </object>
  <object>
    <name>word</name>
    <difficult>0</difficult>
    <bndbox>
      <xmin>166</xmin>
      <ymin>718</ymin>
      <xmax>307</xmax>
      <ymax>733</ymax>
    </bndbox>
  </object>
  <object>
    <name>word</name>
    <difficult>0</difficult>
    <bndbox>
      <xmin>316</xmin>
      <ymin>718</ymin>
      <xmax>355</xmax>
      <ymax>732</ymax>
    </bndbox>
  </object>
  <object>
    <name>word</name>
    <difficult>0</difficult>
    <bndbox>
      <xmin>363</xmin>
      <ymin>718</ymin>
      <xmax>430</xmax>
      <ymax>732</ymax>
    </bndbox>
  </object>
  <object>
    <name>word</name>
    <difficult>0</difficult>
    <bndbox>
      <xmin>437</xmin>
      <ymin>715</ymin>
      <xmax>561</xmax>
      <ymax>732</ymax>
    </bndbox>
  </object>
  <object>
    <name>word</name>
    <difficult>0</difficult>
    <bndbox>
      <xmin>570</xmin>
      <ymin>714</ymin>
      <xmax>636</xmax>
      <ymax>728</ymax>
    </bndbox>
  </object>
  <object>
    <name>word</name>
    <difficult>0</difficult>
    <bndbox>
      <xmin>165</xmin>
      <ymin>730</ymin>
      <xmax>271</xmax>
      <ymax>748</ymax>
    </bndbox>
  </object>
  <object>
    <name>word</name>
    <difficult>0</difficult>
    <bndbox>
      <xmin>282</xmin>
      <ymin>732</ymin>
      <xmax>362</xmax>
      <ymax>749</ymax>
    </bndbox>
  </object>
  <object>
    <name>word</name>
    <difficult>0</difficult>
    <bndbox>
      <xmin>369</xmin>
      <ymin>730</ymin>
      <xmax>418</xmax>
      <ymax>748</ymax>
    </bndbox>
  </object>
  <object>
    <name>word</name>
    <difficult>0</difficult>
    <bndbox>
      <xmin>165</xmin>
      <ymin>763</ymin>
      <xmax>281</xmax>
      <ymax>778</ymax>
    </bndbox>
  </object>
  <object>
    <name>word</name>
    <difficult>0</difficult>
    <bndbox>
      <xmin>289</xmin>
      <ymin>764</ymin>
      <xmax>320</xmax>
      <ymax>778</ymax>
    </bndbox>
  </object>
  <object>
    <name>word</name>
    <difficult>0</difficult>
    <bndbox>
      <xmin>325</xmin>
      <ymin>764</ymin>
      <xmax>374</xmax>
      <ymax>777</ymax>
    </bndbox>
  </object>
  <object>
    <name>word</name>
    <difficult>0</difficult>
    <bndbox>
      <xmin>381</xmin>
      <ymin>763</ymin>
      <xmax>465</xmax>
      <ymax>776</ymax>
    </bndbox>
  </object>
  <object>
    <name>word</name>
    <difficult>0</difficult>
    <bndbox>
      <xmin>468</xmin>
      <ymin>761</ymin>
      <xmax>536</xmax>
      <ymax>778</ymax>
    </bndbox>
  </object>
  <object>
    <name>word</name>
    <difficult>0</difficult>
    <bndbox>
      <xmin>542</xmin>
      <ymin>760</ymin>
      <xmax>583</xmax>
      <ymax>775</ymax>
    </bndbox>
  </object>
  <object>
    <name>word</name>
    <difficult>0</difficult>
    <bndbox>
      <xmin>589</xmin>
      <ymin>757</ymin>
      <xmax>655</xmax>
      <ymax>775</ymax>
    </bndbox>
  </object>
  <object>
    <name>word</name>
    <difficult>0</difficult>
    <bndbox>
      <xmin>124</xmin>
      <ymin>873</ymin>
      <xmax>271</xmax>
      <ymax>886</ymax>
    </bndbox>
  </object>
  <object>
    <name>word</name>
    <difficult>0</difficult>
    <bndbox>
      <xmin>126</xmin>
      <ymin>887</ymin>
      <xmax>137</xmax>
      <ymax>897</ymax>
    </bndbox>
  </object>
  <object>
    <name>word</name>
    <difficult>0</difficult>
    <bndbox>
      <xmin>137</xmin>
      <ymin>887</ymin>
      <xmax>147</xmax>
      <ymax>897</ymax>
    </bndbox>
  </object>
  <object>
    <name>word</name>
    <difficult>0</difficult>
    <bndbox>
      <xmin>145</xmin>
      <ymin>887</ymin>
      <xmax>158</xmax>
      <ymax>897</ymax>
    </bndbox>
  </object>
</annotation>
