<annotation>
  <folder>VOC2007</folder>
  <filename>93329540.json</filename>
  <owner>
    <name>HengTian</name>
  </owner>
  <size>
    <width>779</width>
    <height>1000</height>
    <depth>1</depth>
  </size>
  <segmented>0</segmented>
  <object>
    <name>word</name>
    <difficult>0</difficult>
    <bndbox>
      <xmin>133</xmin>
      <ymin>204</ymin>
      <xmax>174</xmax>
      <ymax>219</ymax>
    </bndbox>
  </object>
  <object>
    <name>word</name>
    <difficult>0</difficult>
    <bndbox>
      <xmin>260</xmin>
      <ymin>203</ymin>
      <xmax>295</xmax>
      <ymax>217</ymax>
    </bndbox>
  </object>
  <object>
    <name>word</name>
    <difficult>0</difficult>
    <bndbox>
      <xmin>78</xmin>
      <ymin>254</ymin>
      <xmax>195</xmax>
      <ymax>274</ymax>
    </bndbox>
  </object>
  <object>
    <name>word</name>
    <difficult>0</difficult>
    <bndbox>
      <xmin>84</xmin>
      <ymin>782</ymin>
      <xmax>104</xmax>
      <ymax>796</ymax>
    </bndbox>
  </object>
  <object>
    <name>word</name>
    <difficult>0</difficult>
    <bndbox>
      <xmin>735</xmin>
      <ymin>799</ymin>
      <xmax>753</xmax>
      <ymax>870</ymax>
    </bndbox>
  </object>
  <object>
    <name>word</name>
    <difficult>0</difficult>
    <bndbox>
      <xmin>311</xmin>
      <ymin>88</ymin>
      <xmax>345</xmax>
      <ymax>106</ymax>
    </bndbox>
  </object>
  <object>
    <name>word</name>
    <difficult>0</difficult>
    <bndbox>
      <xmin>349</xmin>
      <ymin>87</ymin>
      <xmax>441</xmax>
      <ymax>107</ymax>
    </bndbox>
  </object>
  <object>
    <name>word</name>
    <difficult>0</difficult>
    <bndbox>
      <xmin>446</xmin>
      <ymin>88</ymin>
      <xmax>524</xmax>
      <ymax>105</ymax>
    </bndbox>
  </object>
  <object>
    <name>word</name>
    <difficult>0</difficult>
    <bndbox>
      <xmin>80</xmin>
      <ymin>151</ymin>
      <xmax>153</xmax>
      <ymax>168</ymax>
    </bndbox>
  </object>
  <object>
    <name>word</name>
    <difficult>0</difficult>
    <bndbox>
      <xmin>158</xmin>
      <ymin>151</ymin>
      <xmax>180</xmax>
      <ymax>168</ymax>
    </bndbox>
  </object>
  <object>
    <name>word</name>
    <difficult>0</difficult>
    <bndbox>
      <xmin>258</xmin>
      <ymin>152</ymin>
      <xmax>272</xmax>
      <ymax>166</ymax>
    </bndbox>
  </object>
  <object>
    <name>word</name>
    <difficult>0</difficult>
    <bndbox>
      <xmin>279</xmin>
      <ymin>149</ymin>
      <xmax>317</xmax>
      <ymax>166</ymax>
    </bndbox>
  </object>
  <object>
    <name>word</name>
    <difficult>0</difficult>
    <bndbox>
      <xmin>323</xmin>
      <ymin>149</ymin>
      <xmax>384</xmax>
      <ymax>163</ymax>
    </bndbox>
  </object>
  <object>
    <name>word</name>
    <difficult>0</difficult>
    <bndbox>
      <xmin>390</xmin>
      <ymin>148</ymin>
      <xmax>449</xmax>
      <ymax>163</ymax>
    </bndbox>
  </object>
  <object>
    <name>word</name>
    <difficult>0</difficult>
    <bndbox>
      <xmin>457</xmin>
      <ymin>148</ymin>
      <xmax>482</xmax>
      <ymax>163</ymax>
    </bndbox>
  </object>
  <object>
    <name>word</name>
    <difficult>0</difficult>
    <bndbox>
      <xmin>487</xmin>
      <ymin>147</ymin>
      <xmax>558</xmax>
      <ymax>162</ymax>
    </bndbox>
  </object>
  <object>
    <name>word</name>
    <difficult>0</difficult>
    <bndbox>
      <xmin>567</xmin>
      <ymin>147</ymin>
      <xmax>584</xmax>
      <ymax>161</ymax>
    </bndbox>
  </object>
  <object>
    <name>word</name>
    <difficult>0</difficult>
    <bndbox>
      <xmin>177</xmin>
      <ymin>203</ymin>
      <xmax>185</xmax>
      <ymax>216</ymax>
    </bndbox>
  </object>
  <object>
    <name>word</name>
    <difficult>0</difficult>
    <bndbox>
      <xmin>191</xmin>
      <ymin>201</ymin>
      <xmax>205</xmax>
      <ymax>214</ymax>
    </bndbox>
  </object>
  <object>
    <name>word</name>
    <difficult>0</difficult>
    <bndbox>
      <xmin>212</xmin>
      <ymin>201</ymin>
      <xmax>229</xmax>
      <ymax>215</ymax>
    </bndbox>
  </object>
  <object>
    <name>word</name>
    <difficult>0</difficult>
    <bndbox>
      <xmin>256</xmin>
      <ymin>258</ymin>
      <xmax>320</xmax>
      <ymax>272</ymax>
    </bndbox>
  </object>
  <object>
    <name>word</name>
    <difficult>0</difficult>
    <bndbox>
      <xmin>324</xmin>
      <ymin>257</ymin>
      <xmax>377</xmax>
      <ymax>272</ymax>
    </bndbox>
  </object>
  <object>
    <name>word</name>
    <difficult>0</difficult>
    <bndbox>
      <xmin>383</xmin>
      <ymin>256</ymin>
      <xmax>436</xmax>
      <ymax>271</ymax>
    </bndbox>
  </object>
  <object>
    <name>word</name>
    <difficult>0</difficult>
    <bndbox>
      <xmin>260</xmin>
      <ymin>309</ymin>
      <xmax>310</xmax>
      <ymax>323</ymax>
    </bndbox>
  </object>
  <object>
    <name>word</name>
    <difficult>0</difficult>
    <bndbox>
      <xmin>317</xmin>
      <ymin>304</ymin>
      <xmax>337</xmax>
      <ymax>318</ymax>
    </bndbox>
  </object>
  <object>
    <name>word</name>
    <difficult>0</difficult>
    <bndbox>
      <xmin>341</xmin>
      <ymin>306</ymin>
      <xmax>348</xmax>
      <ymax>320</ymax>
    </bndbox>
  </object>
  <object>
    <name>word</name>
    <difficult>0</difficult>
    <bndbox>
      <xmin>80</xmin>
      <ymin>310</ymin>
      <xmax>127</xmax>
      <ymax>325</ymax>
    </bndbox>
  </object>
  <object>
    <name>word</name>
    <difficult>0</difficult>
    <bndbox>
      <xmin>133</xmin>
      <ymin>309</ymin>
      <xmax>178</xmax>
      <ymax>327</ymax>
    </bndbox>
  </object>
  <object>
    <name>word</name>
    <difficult>0</difficult>
    <bndbox>
      <xmin>81</xmin>
      <ymin>363</ymin>
      <xmax>116</xmax>
      <ymax>378</ymax>
    </bndbox>
  </object>
  <object>
    <name>word</name>
    <difficult>0</difficult>
    <bndbox>
      <xmin>119</xmin>
      <ymin>362</ymin>
      <xmax>140</xmax>
      <ymax>377</ymax>
    </bndbox>
  </object>
  <object>
    <name>word</name>
    <difficult>0</difficult>
    <bndbox>
      <xmin>80</xmin>
      <ymin>381</ymin>
      <xmax>150</xmax>
      <ymax>396</ymax>
    </bndbox>
  </object>
  <object>
    <name>word</name>
    <difficult>0</difficult>
    <bndbox>
      <xmin>82</xmin>
      <ymin>432</ymin>
      <xmax>113</xmax>
      <ymax>449</ymax>
    </bndbox>
  </object>
  <object>
    <name>word</name>
    <difficult>0</difficult>
    <bndbox>
      <xmin>116</xmin>
      <ymin>432</ymin>
      <xmax>138</xmax>
      <ymax>446</ymax>
    </bndbox>
  </object>
  <object>
    <name>word</name>
    <difficult>0</difficult>
    <bndbox>
      <xmin>141</xmin>
      <ymin>430</ymin>
      <xmax>186</xmax>
      <ymax>447</ymax>
    </bndbox>
  </object>
  <object>
    <name>word</name>
    <difficult>0</difficult>
    <bndbox>
      <xmin>81</xmin>
      <ymin>486</ymin>
      <xmax>112</xmax>
      <ymax>501</ymax>
    </bndbox>
  </object>
  <object>
    <name>word</name>
    <difficult>0</difficult>
    <bndbox>
      <xmin>115</xmin>
      <ymin>483</ymin>
      <xmax>162</xmax>
      <ymax>501</ymax>
    </bndbox>
  </object>
  <object>
    <name>word</name>
    <difficult>0</difficult>
    <bndbox>
      <xmin>81</xmin>
      <ymin>538</ymin>
      <xmax>135</xmax>
      <ymax>552</ymax>
    </bndbox>
  </object>
  <object>
    <name>word</name>
    <difficult>0</difficult>
    <bndbox>
      <xmin>140</xmin>
      <ymin>536</ymin>
      <xmax>158</xmax>
      <ymax>549</ymax>
    </bndbox>
  </object>
  <object>
    <name>word</name>
    <difficult>0</difficult>
    <bndbox>
      <xmin>82</xmin>
      <ymin>556</ymin>
      <xmax>184</xmax>
      <ymax>571</ymax>
    </bndbox>
  </object>
  <object>
    <name>word</name>
    <difficult>0</difficult>
    <bndbox>
      <xmin>84</xmin>
      <ymin>642</ymin>
      <xmax>131</xmax>
      <ymax>657</ymax>
    </bndbox>
  </object>
  <object>
    <name>word</name>
    <difficult>0</difficult>
    <bndbox>
      <xmin>80</xmin>
      <ymin>661</ymin>
      <xmax>185</xmax>
      <ymax>676</ymax>
    </bndbox>
  </object>
  <object>
    <name>word</name>
    <difficult>0</difficult>
    <bndbox>
      <xmin>263</xmin>
      <ymin>658</ymin>
      <xmax>287</xmax>
      <ymax>671</ymax>
    </bndbox>
  </object>
  <object>
    <name>word</name>
    <difficult>0</difficult>
    <bndbox>
      <xmin>292</xmin>
      <ymin>656</ymin>
      <xmax>352</xmax>
      <ymax>670</ymax>
    </bndbox>
  </object>
  <object>
    <name>word</name>
    <difficult>0</difficult>
    <bndbox>
      <xmin>358</xmin>
      <ymin>656</ymin>
      <xmax>387</xmax>
      <ymax>670</ymax>
    </bndbox>
  </object>
  <object>
    <name>word</name>
    <difficult>0</difficult>
    <bndbox>
      <xmin>395</xmin>
      <ymin>655</ymin>
      <xmax>412</xmax>
      <ymax>669</ymax>
    </bndbox>
  </object>
  <object>
    <name>word</name>
    <difficult>0</difficult>
    <bndbox>
      <xmin>418</xmin>
      <ymin>655</ymin>
      <xmax>477</xmax>
      <ymax>668</ymax>
    </bndbox>
  </object>
  <object>
    <name>word</name>
    <difficult>0</difficult>
    <bndbox>
      <xmin>482</xmin>
      <ymin>654</ymin>
      <xmax>507</xmax>
      <ymax>667</ymax>
    </bndbox>
  </object>
  <object>
    <name>word</name>
    <difficult>0</difficult>
    <bndbox>
      <xmin>513</xmin>
      <ymin>652</ymin>
      <xmax>542</xmax>
      <ymax>666</ymax>
    </bndbox>
  </object>
  <object>
    <name>word</name>
    <difficult>0</difficult>
    <bndbox>
      <xmin>84</xmin>
      <ymin>802</ymin>
      <xmax>97</xmax>
      <ymax>815</ymax>
    </bndbox>
  </object>
  <object>
    <name>word</name>
    <difficult>0</difficult>
    <bndbox>
      <xmin>101</xmin>
      <ymin>802</ymin>
      <xmax>116</xmax>
      <ymax>815</ymax>
    </bndbox>
  </object>
  <object>
    <name>word</name>
    <difficult>0</difficult>
    <bndbox>
      <xmin>119</xmin>
      <ymin>799</ymin>
      <xmax>154</xmax>
      <ymax>814</ymax>
    </bndbox>
  </object>
  <object>
    <name>word</name>
    <difficult>0</difficult>
    <bndbox>
      <xmin>84</xmin>
      <ymin>818</ymin>
      <xmax>97</xmax>
      <ymax>833</ymax>
    </bndbox>
  </object>
  <object>
    <name>word</name>
    <difficult>0</difficult>
    <bndbox>
      <xmin>102</xmin>
      <ymin>820</ymin>
      <xmax>116</xmax>
      <ymax>833</ymax>
    </bndbox>
  </object>
  <object>
    <name>word</name>
    <difficult>0</difficult>
    <bndbox>
      <xmin>120</xmin>
      <ymin>820</ymin>
      <xmax>162</xmax>
      <ymax>830</ymax>
    </bndbox>
  </object>
  <object>
    <name>word</name>
    <difficult>0</difficult>
    <bndbox>
      <xmin>82</xmin>
      <ymin>838</ymin>
      <xmax>102</xmax>
      <ymax>851</ymax>
    </bndbox>
  </object>
  <object>
    <name>word</name>
    <difficult>0</difficult>
    <bndbox>
      <xmin>105</xmin>
      <ymin>837</ymin>
      <xmax>118</xmax>
      <ymax>851</ymax>
    </bndbox>
  </object>
  <object>
    <name>word</name>
    <difficult>0</difficult>
    <bndbox>
      <xmin>122</xmin>
      <ymin>837</ymin>
      <xmax>181</xmax>
      <ymax>851</ymax>
    </bndbox>
  </object>
  <object>
    <name>word</name>
    <difficult>0</difficult>
    <bndbox>
      <xmin>85</xmin>
      <ymin>855</ymin>
      <xmax>99</xmax>
      <ymax>868</ymax>
    </bndbox>
  </object>
  <object>
    <name>word</name>
    <difficult>0</difficult>
    <bndbox>
      <xmin>103</xmin>
      <ymin>855</ymin>
      <xmax>114</xmax>
      <ymax>866</ymax>
    </bndbox>
  </object>
  <object>
    <name>word</name>
    <difficult>0</difficult>
    <bndbox>
      <xmin>120</xmin>
      <ymin>853</ymin>
      <xmax>179</xmax>
      <ymax>866</ymax>
    </bndbox>
  </object>
  <object>
    <name>word</name>
    <difficult>0</difficult>
    <bndbox>
      <xmin>84</xmin>
      <ymin>872</ymin>
      <xmax>98</xmax>
      <ymax>883</ymax>
    </bndbox>
  </object>
  <object>
    <name>word</name>
    <difficult>0</difficult>
    <bndbox>
      <xmin>101</xmin>
      <ymin>872</ymin>
      <xmax>154</xmax>
      <ymax>883</ymax>
    </bndbox>
  </object>
  <object>
    <name>word</name>
    <difficult>0</difficult>
    <bndbox>
      <xmin>85</xmin>
      <ymin>888</ymin>
      <xmax>99</xmax>
      <ymax>899</ymax>
    </bndbox>
  </object>
  <object>
    <name>word</name>
    <difficult>0</difficult>
    <bndbox>
      <xmin>103</xmin>
      <ymin>887</ymin>
      <xmax>149</xmax>
      <ymax>898</ymax>
    </bndbox>
  </object>
  <object>
    <name>word</name>
    <difficult>0</difficult>
    <bndbox>
      <xmin>242</xmin>
      <ymin>797</ymin>
      <xmax>253</xmax>
      <ymax>810</ymax>
    </bndbox>
  </object>
  <object>
    <name>word</name>
    <difficult>0</difficult>
    <bndbox>
      <xmin>258</xmin>
      <ymin>797</ymin>
      <xmax>314</xmax>
      <ymax>811</ymax>
    </bndbox>
  </object>
  <object>
    <name>word</name>
    <difficult>0</difficult>
    <bndbox>
      <xmin>240</xmin>
      <ymin>817</ymin>
      <xmax>254</xmax>
      <ymax>831</ymax>
    </bndbox>
  </object>
  <object>
    <name>word</name>
    <difficult>0</difficult>
    <bndbox>
      <xmin>258</xmin>
      <ymin>817</ymin>
      <xmax>273</xmax>
      <ymax>828</ymax>
    </bndbox>
  </object>
  <object>
    <name>word</name>
    <difficult>0</difficult>
    <bndbox>
      <xmin>281</xmin>
      <ymin>817</ymin>
      <xmax>326</xmax>
      <ymax>831</ymax>
    </bndbox>
  </object>
  <object>
    <name>word</name>
    <difficult>0</difficult>
    <bndbox>
      <xmin>242</xmin>
      <ymin>835</ymin>
      <xmax>256</xmax>
      <ymax>848</ymax>
    </bndbox>
  </object>
  <object>
    <name>word</name>
    <difficult>0</difficult>
    <bndbox>
      <xmin>260</xmin>
      <ymin>835</ymin>
      <xmax>273</xmax>
      <ymax>848</ymax>
    </bndbox>
  </object>
  <object>
    <name>word</name>
    <difficult>0</difficult>
    <bndbox>
      <xmin>275</xmin>
      <ymin>834</ymin>
      <xmax>325</xmax>
      <ymax>845</ymax>
    </bndbox>
  </object>
  <object>
    <name>word</name>
    <difficult>0</difficult>
    <bndbox>
      <xmin>242</xmin>
      <ymin>852</ymin>
      <xmax>257</xmax>
      <ymax>865</ymax>
    </bndbox>
  </object>
  <object>
    <name>word</name>
    <difficult>0</difficult>
    <bndbox>
      <xmin>260</xmin>
      <ymin>851</ymin>
      <xmax>274</xmax>
      <ymax>864</ymax>
    </bndbox>
  </object>
  <object>
    <name>word</name>
    <difficult>0</difficult>
    <bndbox>
      <xmin>278</xmin>
      <ymin>852</ymin>
      <xmax>320</xmax>
      <ymax>863</ymax>
    </bndbox>
  </object>
  <object>
    <name>word</name>
    <difficult>0</difficult>
    <bndbox>
      <xmin>242</xmin>
      <ymin>869</ymin>
      <xmax>256</xmax>
      <ymax>883</ymax>
    </bndbox>
  </object>
  <object>
    <name>word</name>
    <difficult>0</difficult>
    <bndbox>
      <xmin>258</xmin>
      <ymin>870</ymin>
      <xmax>272</xmax>
      <ymax>883</ymax>
    </bndbox>
  </object>
  <object>
    <name>word</name>
    <difficult>0</difficult>
    <bndbox>
      <xmin>274</xmin>
      <ymin>870</ymin>
      <xmax>319</xmax>
      <ymax>883</ymax>
    </bndbox>
  </object>
  <object>
    <name>word</name>
    <difficult>0</difficult>
    <bndbox>
      <xmin>242</xmin>
      <ymin>887</ymin>
      <xmax>257</xmax>
      <ymax>898</ymax>
    </bndbox>
  </object>
  <object>
    <name>word</name>
    <difficult>0</difficult>
    <bndbox>
      <xmin>260</xmin>
      <ymin>887</ymin>
      <xmax>275</xmax>
      <ymax>900</ymax>
    </bndbox>
  </object>
  <object>
    <name>word</name>
    <difficult>0</difficult>
    <bndbox>
      <xmin>277</xmin>
      <ymin>887</ymin>
      <xmax>312</xmax>
      <ymax>900</ymax>
    </bndbox>
  </object>
  <object>
    <name>word</name>
    <difficult>0</difficult>
    <bndbox>
      <xmin>240</xmin>
      <ymin>904</ymin>
      <xmax>254</xmax>
      <ymax>915</ymax>
    </bndbox>
  </object>
  <object>
    <name>word</name>
    <difficult>0</difficult>
    <bndbox>
      <xmin>258</xmin>
      <ymin>901</ymin>
      <xmax>271</xmax>
      <ymax>915</ymax>
    </bndbox>
  </object>
  <object>
    <name>word</name>
    <difficult>0</difficult>
    <bndbox>
      <xmin>275</xmin>
      <ymin>904</ymin>
      <xmax>327</xmax>
      <ymax>915</ymax>
    </bndbox>
  </object>
  <object>
    <name>word</name>
    <difficult>0</difficult>
    <bndbox>
      <xmin>370</xmin>
      <ymin>796</ymin>
      <xmax>383</xmax>
      <ymax>810</ymax>
    </bndbox>
  </object>
  <object>
    <name>word</name>
    <difficult>0</difficult>
    <bndbox>
      <xmin>387</xmin>
      <ymin>796</ymin>
      <xmax>402</xmax>
      <ymax>810</ymax>
    </bndbox>
  </object>
  <object>
    <name>word</name>
    <difficult>0</difficult>
    <bndbox>
      <xmin>404</xmin>
      <ymin>796</ymin>
      <xmax>443</xmax>
      <ymax>811</ymax>
    </bndbox>
  </object>
  <object>
    <name>word</name>
    <difficult>0</difficult>
    <bndbox>
      <xmin>372</xmin>
      <ymin>813</ymin>
      <xmax>385</xmax>
      <ymax>828</ymax>
    </bndbox>
  </object>
  <object>
    <name>word</name>
    <difficult>0</difficult>
    <bndbox>
      <xmin>388</xmin>
      <ymin>814</ymin>
      <xmax>402</xmax>
      <ymax>828</ymax>
    </bndbox>
  </object>
  <object>
    <name>word</name>
    <difficult>0</difficult>
    <bndbox>
      <xmin>405</xmin>
      <ymin>816</ymin>
      <xmax>444</xmax>
      <ymax>829</ymax>
    </bndbox>
  </object>
  <object>
    <name>word</name>
    <difficult>0</difficult>
    <bndbox>
      <xmin>373</xmin>
      <ymin>832</ymin>
      <xmax>386</xmax>
      <ymax>845</ymax>
    </bndbox>
  </object>
  <object>
    <name>word</name>
    <difficult>0</difficult>
    <bndbox>
      <xmin>388</xmin>
      <ymin>831</ymin>
      <xmax>403</xmax>
      <ymax>845</ymax>
    </bndbox>
  </object>
  <object>
    <name>word</name>
    <difficult>0</difficult>
    <bndbox>
      <xmin>408</xmin>
      <ymin>832</ymin>
      <xmax>444</xmax>
      <ymax>845</ymax>
    </bndbox>
  </object>
  <object>
    <name>word</name>
    <difficult>0</difficult>
    <bndbox>
      <xmin>373</xmin>
      <ymin>851</ymin>
      <xmax>387</xmax>
      <ymax>864</ymax>
    </bndbox>
  </object>
  <object>
    <name>word</name>
    <difficult>0</difficult>
    <bndbox>
      <xmin>390</xmin>
      <ymin>849</ymin>
      <xmax>450</xmax>
      <ymax>864</ymax>
    </bndbox>
  </object>
  <object>
    <name>word</name>
    <difficult>0</difficult>
    <bndbox>
      <xmin>373</xmin>
      <ymin>867</ymin>
      <xmax>387</xmax>
      <ymax>882</ymax>
    </bndbox>
  </object>
  <object>
    <name>word</name>
    <difficult>0</difficult>
    <bndbox>
      <xmin>392</xmin>
      <ymin>867</ymin>
      <xmax>405</xmax>
      <ymax>880</ymax>
    </bndbox>
  </object>
  <object>
    <name>word</name>
    <difficult>0</difficult>
    <bndbox>
      <xmin>409</xmin>
      <ymin>867</ymin>
      <xmax>490</xmax>
      <ymax>881</ymax>
    </bndbox>
  </object>
  <object>
    <name>word</name>
    <difficult>0</difficult>
    <bndbox>
      <xmin>373</xmin>
      <ymin>885</ymin>
      <xmax>387</xmax>
      <ymax>896</ymax>
    </bndbox>
  </object>
  <object>
    <name>word</name>
    <difficult>0</difficult>
    <bndbox>
      <xmin>392</xmin>
      <ymin>884</ymin>
      <xmax>463</xmax>
      <ymax>898</ymax>
    </bndbox>
  </object>
  <object>
    <name>word</name>
    <difficult>0</difficult>
    <bndbox>
      <xmin>374</xmin>
      <ymin>901</ymin>
      <xmax>388</xmax>
      <ymax>915</ymax>
    </bndbox>
  </object>
  <object>
    <name>word</name>
    <difficult>0</difficult>
    <bndbox>
      <xmin>391</xmin>
      <ymin>902</ymin>
      <xmax>404</xmax>
      <ymax>916</ymax>
    </bndbox>
  </object>
  <object>
    <name>word</name>
    <difficult>0</difficult>
    <bndbox>
      <xmin>408</xmin>
      <ymin>901</ymin>
      <xmax>446</xmax>
      <ymax>916</ymax>
    </bndbox>
  </object>
  <object>
    <name>word</name>
    <difficult>0</difficult>
    <bndbox>
      <xmin>547</xmin>
      <ymin>795</ymin>
      <xmax>562</xmax>
      <ymax>809</ymax>
    </bndbox>
  </object>
  <object>
    <name>word</name>
    <difficult>0</difficult>
    <bndbox>
      <xmin>566</xmin>
      <ymin>796</ymin>
      <xmax>581</xmax>
      <ymax>807</ymax>
    </bndbox>
  </object>
  <object>
    <name>word</name>
    <difficult>0</difficult>
    <bndbox>
      <xmin>582</xmin>
      <ymin>796</ymin>
      <xmax>646</xmax>
      <ymax>810</ymax>
    </bndbox>
  </object>
  <object>
    <name>word</name>
    <difficult>0</difficult>
    <bndbox>
      <xmin>547</xmin>
      <ymin>811</ymin>
      <xmax>562</xmax>
      <ymax>826</ymax>
    </bndbox>
  </object>
  <object>
    <name>word</name>
    <difficult>0</difficult>
    <bndbox>
      <xmin>566</xmin>
      <ymin>813</ymin>
      <xmax>581</xmax>
      <ymax>826</ymax>
    </bndbox>
  </object>
  <object>
    <name>word</name>
    <difficult>0</difficult>
    <bndbox>
      <xmin>582</xmin>
      <ymin>811</ymin>
      <xmax>638</xmax>
      <ymax>825</ymax>
    </bndbox>
  </object>
  <object>
    <name>word</name>
    <difficult>0</difficult>
    <bndbox>
      <xmin>549</xmin>
      <ymin>831</ymin>
      <xmax>563</xmax>
      <ymax>844</ymax>
    </bndbox>
  </object>
  <object>
    <name>word</name>
    <difficult>0</difficult>
    <bndbox>
      <xmin>567</xmin>
      <ymin>830</ymin>
      <xmax>581</xmax>
      <ymax>844</ymax>
    </bndbox>
  </object>
  <object>
    <name>word</name>
    <difficult>0</difficult>
    <bndbox>
      <xmin>584</xmin>
      <ymin>831</ymin>
      <xmax>629</xmax>
      <ymax>844</ymax>
    </bndbox>
  </object>
  <object>
    <name>word</name>
    <difficult>0</difficult>
    <bndbox>
      <xmin>550</xmin>
      <ymin>848</ymin>
      <xmax>565</xmax>
      <ymax>861</ymax>
    </bndbox>
  </object>
  <object>
    <name>word</name>
    <difficult>0</difficult>
    <bndbox>
      <xmin>567</xmin>
      <ymin>849</ymin>
      <xmax>582</xmax>
      <ymax>860</ymax>
    </bndbox>
  </object>
  <object>
    <name>word</name>
    <difficult>0</difficult>
    <bndbox>
      <xmin>585</xmin>
      <ymin>846</ymin>
      <xmax>642</xmax>
      <ymax>859</ymax>
    </bndbox>
  </object>
</annotation>
